# TR 37.910 V19.0.0 Annex A, Figure A.1 Coupling gain and DL geometry of Indoor Hotspot - eMBB test environment
# curve: Config.A (4 GHz), Channel model B, 12TRxP (dashed)
# extracted from the PDF vector paths; x_db, cdf
-5.857,0.0019
-5.786,0.0019
-5.715,0.0019
-5.644,0.0019
-5.573,0.0019
-5.517,0.0019
-5.502,0.0020
-5.472,0.0020
-5.430,0.0024
-5.413,0.0024
-5.359,0.0029
-5.288,0.0034
-5.217,0.0039
-5.146,0.0045
-5.075,0.0050
-5.004,0.0055
-4.933,0.0061
-4.862,0.0066
-4.791,0.0071
-4.720,0.0076
-4.649,0.0082
-4.578,0.0087
-4.507,0.0092
-4.436,0.0098
-4.365,0.0107
-4.294,0.0118
-3.946,0.0175
-3.894,0.0188
-3.855,0.0200
-3.823,0.0213
-3.800,0.0225
-3.786,0.0263
-3.784,0.0263
-3.783,0.0263
-3.725,0.0263
-3.654,0.0263
-3.583,0.0263
-3.512,0.0263
-3.441,0.0263
-2.944,0.0677
-2.873,0.0689
-2.654,0.0689
-2.651,0.0689
-2.650,0.0689
-2.644,0.0689
-2.642,0.0689
-2.629,0.0689
-2.625,0.0689
-2.605,0.0701
-2.584,0.0714
-2.563,0.0726
-2.541,0.0739
-2.516,0.0751
-2.492,0.0764
-2.467,0.0776
-2.443,0.0789
-2.418,0.0801
-2.394,0.0814
-2.369,0.0826
-2.345,0.0839
-2.323,0.0852
-2.301,0.0864
-2.280,0.0877
-2.258,0.0889
-2.236,0.0902
-2.214,0.0914
-2.192,0.0927
-2.170,0.0939
-2.148,0.0952
-2.127,0.0964
-2.105,0.0977
-2.083,0.0989
-2.060,0.1002
-2.038,0.1014
-2.022,0.1064
-2.022,0.1064
-2.022,0.1077
-2.021,0.1077
-2.021,0.1077
-2.017,0.1090
-1.807,0.1090
-1.665,0.1537
-1.405,0.1537
-1.405,0.1537
-1.404,0.1537
-1.404,0.1537
-1.400,0.1537
-1.400,0.1537
-1.388,0.1537
-1.371,0.1541
-1.355,0.1553
-1.338,0.1566
-1.322,0.1578
-1.306,0.1591
-1.289,0.1603
-1.273,0.1616
-1.258,0.1628
-1.243,0.1641
-1.227,0.1653
-1.212,0.1666
-1.197,0.1678
-1.182,0.1691
-1.166,0.1703
-1.151,0.1716
-1.135,0.1728
-1.119,0.1741
-1.102,0.1754
-1.086,0.1766
-1.070,0.1779
-1.053,0.1791
-1.037,0.1804
-1.020,0.1816
-1.003,0.1829
-0.986,0.1841
-0.969,0.1854
-0.959,0.1941
-0.953,0.1941
-0.947,0.1941
-0.942,0.1941
-0.942,0.1941
-0.939,0.1941
-0.937,0.1941
-0.436,0.2317
-0.427,0.2330
-0.423,0.2342
-0.422,0.2355
-0.420,0.2367
-0.417,0.2380
-0.406,0.2392
-0.393,0.2405
-0.379,0.2417
-0.364,0.2430
-0.348,0.2443
-0.332,0.2455
-0.315,0.2468
-0.299,0.2480
-0.282,0.2493
-0.266,0.2505
-0.253,0.2518
-0.240,0.2530
-0.229,0.2543
-0.218,0.2555
-0.207,0.2568
-0.196,0.2580
-0.185,0.2593
-0.174,0.2605
-0.161,0.2618
-0.146,0.2630
-0.131,0.2643
-0.116,0.2655
-0.101,0.2668
-0.085,0.2681
-0.070,0.2693
-0.055,0.2706
-0.047,0.2718
-0.039,0.2731
-0.037,0.2806
-0.031,0.2806
-0.024,0.2806
-0.024,0.2806
-0.019,0.2806
-0.015,0.2806
0.530,0.3207
0.530,0.3219
0.533,0.3219
0.535,0.3232
0.543,0.3232
0.546,0.3244
0.556,0.3257
0.565,0.3269
0.575,0.3282
0.584,0.3294
0.593,0.3307
0.604,0.3319
0.616,0.3332
0.632,0.3345
0.649,0.3357
0.665,0.3370
0.682,0.3382
0.698,0.3395
0.714,0.3407
0.728,0.3420
0.741,0.3432
0.752,0.3445
0.763,0.3457
0.773,0.3470
0.784,0.3482
0.795,0.3495
0.807,0.3507
0.818,0.3520
0.832,0.3532
0.847,0.3545
0.863,0.3557
0.878,0.3570
0.893,0.3583
0.908,0.3595
0.918,0.3608
0.920,0.3658
0.922,0.3658
0.924,0.3658
0.925,0.3658
1.498,0.4034
1.501,0.4046
1.505,0.4059
1.509,0.4071
1.513,0.4084
1.525,0.4096
1.540,0.4109
1.548,0.4121
1.560,0.4134
1.577,0.4146
1.593,0.4159
1.610,0.4171
1.626,0.4184
1.642,0.4196
1.659,0.4209
1.674,0.4221
1.690,0.4234
1.705,0.4247
1.720,0.4259
1.735,0.4272
1.751,0.4284
1.766,0.4297
1.781,0.4309
1.797,0.4322
1.813,0.4334
1.829,0.4347
1.846,0.4359
1.862,0.4372
1.879,0.4384
1.895,0.4397
1.911,0.4409
1.926,0.4422
1.943,0.4434
1.962,0.4447
1.973,0.4510
1.976,0.4510
1.978,0.4510
1.982,0.4510
1.984,0.4510
2.551,0.4910
2.553,0.4910
2.553,0.4923
2.555,0.4923
2.557,0.4936
2.563,0.4948
2.574,0.4961
2.589,0.4973
2.605,0.4986
2.621,0.4998
2.637,0.5011
2.653,0.5023
2.669,0.5036
2.685,0.5048
2.702,0.5061
2.718,0.5073
2.734,0.5086
2.751,0.5098
2.768,0.5111
2.785,0.5123
2.805,0.5136
2.826,0.5148
2.848,0.5161
2.870,0.5174
2.891,0.5186
2.913,0.5199
2.936,0.5211
2.959,0.5224
2.979,0.5236
2.995,0.5249
3.011,0.5261
3.026,0.5274
3.042,0.5286
3.058,0.5299
3.061,0.5336
3.063,0.5336
3.063,0.5336
3.064,0.5349
3.066,0.5374
3.067,0.5374
3.309,0.5374
3.380,0.5374
3.451,0.5799
3.522,0.5799
3.593,0.5821
3.795,0.5821
3.807,0.5821
3.807,0.5821
3.807,0.5821
3.808,0.5821
3.808,0.5821
3.826,0.5821
3.850,0.5825
3.875,0.5838
3.893,0.5850
3.911,0.5863
3.929,0.5875
3.946,0.5888
3.964,0.5900
3.982,0.5913
4.000,0.5925
4.017,0.5938
4.036,0.5950
4.055,0.5963
4.074,0.5975
4.093,0.5988
4.112,0.6000
4.131,0.6013
4.149,0.6025
4.169,0.6038
4.191,0.6050
4.212,0.6063
4.234,0.6076
4.255,0.6088
4.277,0.6101
4.300,0.6113
4.323,0.6126
4.344,0.6138
4.361,0.6151
4.371,0.6163
4.373,0.6201
4.373,0.6213
4.374,0.6213
4.374,0.6213
4.385,0.6226
4.588,0.6226
4.659,0.6226
4.872,0.6643
4.943,0.6650
5.014,0.6662
5.185,0.6662
5.185,0.6662
5.187,0.6662
5.190,0.6662
5.191,0.6662
5.194,0.6662
5.203,0.6662
5.222,0.6664
5.247,0.6677
5.272,0.6689
5.296,0.6702
5.321,0.6714
5.345,0.6727
5.367,0.6740
5.383,0.6752
5.399,0.6765
5.415,0.6777
5.431,0.6790
5.447,0.6802
5.464,0.6815
5.482,0.6827
5.507,0.6840
5.532,0.6852
5.557,0.6865
5.582,0.6877
5.607,0.6890
5.633,0.6902
5.660,0.6915
5.687,0.6927
5.714,0.6940
5.737,0.6952
5.761,0.6965
5.785,0.6978
5.805,0.6990
5.817,0.7003
5.822,0.7040
5.822,0.7040
5.822,0.7040
5.822,0.7053
6.009,0.7053
6.080,0.7053
6.151,0.7053
6.435,0.7470
6.506,0.7470
6.577,0.7475
6.648,0.7483
6.780,0.7483
6.781,0.7483
6.783,0.7483
6.789,0.7483
6.804,0.7483
6.825,0.7483
6.856,0.7491
6.889,0.7504
6.922,0.7516
6.955,0.7529
6.988,0.7541
7.018,0.7554
7.044,0.7566
7.071,0.7579
7.097,0.7591
7.124,0.7604
7.151,0.7616
7.178,0.7629
7.206,0.7642
7.233,0.7654
7.260,0.7667
7.288,0.7679
7.315,0.7692
7.342,0.7704
7.370,0.7717
7.397,0.7729
7.424,0.7742
7.452,0.7754
7.479,0.7767
7.506,0.7779
7.534,0.7792
7.561,0.7804
7.581,0.7817
7.591,0.7867
7.592,0.7867
7.593,0.7867
7.595,0.7867
7.605,0.7880
7.785,0.7880
7.856,0.7880
7.927,0.7880
8.424,0.8268
8.495,0.8270
8.567,0.8277
8.638,0.8287
8.773,0.8287
8.778,0.8287
8.783,0.8287
8.787,0.8287
8.799,0.8287
8.817,0.8287
8.843,0.8293
8.876,0.8305
8.910,0.8318
8.944,0.8331
8.978,0.8343
9.011,0.8356
9.044,0.8368
9.077,0.8381
9.110,0.8393
9.144,0.8406
9.178,0.8418
9.212,0.8431
9.247,0.8443
9.282,0.8456
9.318,0.8468
9.353,0.8481
9.389,0.8493
9.427,0.8506
9.466,0.8518
9.506,0.8531
9.545,0.8543
9.586,0.8556
9.628,0.8569
9.670,0.8581
9.703,0.8594
9.729,0.8606
9.747,0.8619
9.757,0.8631
9.762,0.8644
9.771,0.8656
9.845,0.8656
9.917,0.8656
9.988,0.8656
10.059,0.8656
11.124,0.9004
11.195,0.9006
11.266,0.9008
11.338,0.9011
11.409,0.9016
11.453,0.9016
11.454,0.9016
11.465,0.9016
11.470,0.9016
11.480,0.9021
11.495,0.9021
11.526,0.9021
12.895,0.9283
12.901,0.9283
12.923,0.9295
12.937,0.9308
12.942,0.9320
12.943,0.9333
12.972,0.9333
13.043,0.9333
13.114,0.9333
13.185,0.9333
13.256,0.9333
15.032,0.9539
15.103,0.9539
15.174,0.9540
15.245,0.9540
15.316,0.9541
15.356,0.9541
15.387,0.9544
15.388,0.9544
15.438,0.9544
15.458,0.9548
15.530,0.9553
15.601,0.9559
15.672,0.9565
15.743,0.9570
15.814,0.9576
15.885,0.9582
15.956,0.9588
16.027,0.9593
16.098,0.9599
16.169,0.9605
16.240,0.9611
16.311,0.9616
16.382,0.9622
16.453,0.9628
16.524,0.9633
16.595,0.9639
16.666,0.9644
16.737,0.9650
16.808,0.9655
16.880,0.9660
16.951,0.9666
17.022,0.9671
17.093,0.9677
17.164,0.9682
17.206,0.9721
17.235,0.9721
17.263,0.9734
17.303,0.9746
17.306,0.9746
17.377,0.9746
17.448,0.9746
17.519,0.9746
17.590,0.9746
17.661,0.9746
19.650,0.9852
19.722,0.9852
19.793,0.9852
19.864,0.9852
19.935,0.9852
20.006,0.9852
20.058,0.9852
20.077,0.9854
20.148,0.9857
20.219,0.9859
20.290,0.9862
20.361,0.9864
20.432,0.9867
20.503,0.9869
20.574,0.9872
20.645,0.9874
20.716,0.9877
20.787,0.9879
20.858,0.9882
20.929,0.9884
21.000,0.9887
21.072,0.9889
21.143,0.9892
21.214,0.9894
21.285,0.9897
21.356,0.9899
21.427,0.9902
21.498,0.9904
21.569,0.9907
21.640,0.9909
21.711,0.9912
21.782,0.9914
21.853,0.9917
21.924,0.9918
21.995,0.9920
22.066,0.9922
22.137,0.9923
22.208,0.9923
22.279,0.9923
22.350,0.9923
22.421,0.9923
24.624,0.9970
24.695,0.9970
24.766,0.9970
24.837,0.9970
24.908,0.9970
24.979,0.9970
25.050,0.9970
25.121,0.9971
25.192,0.9972
25.264,0.9973
25.335,0.9975
25.406,0.9976
25.477,0.9977
25.548,0.9978
25.619,0.9979
25.690,0.9980
25.761,0.9981
25.832,0.9983
25.903,0.9984
25.974,0.9985
26.045,0.9986
26.116,0.9987
26.187,0.9988
26.258,0.9989
26.329,0.9991
26.400,0.9992
26.471,0.9993
26.542,0.9994
26.613,0.9995
26.685,0.9996
26.756,0.9997
26.827,0.9998
26.898,1.0000
26.908,1.0000
26.969,1.0000
27.040,1.0000
27.111,1.0000
27.182,1.0000
27.253,1.0000
27.324,1.0000
