# TR 37.910 V19.0.0 Annex A, Figure A.2 Coupling gain and DL geometry of Dense Urban - eMBB test environment
# curve: Config. A (4 GHz), Channel model A, w/ analog BF (solid)
# extracted from the PDF vector paths; x_db, cdf
-132.862,0.0020
-132.736,0.0020
-132.610,0.0020
-132.484,0.0020
-132.358,0.0020
-132.232,0.0020
-132.106,0.0021
-132.050,0.0021
-131.980,0.0022
-131.854,0.0024
-131.728,0.0025
-131.602,0.0027
-131.475,0.0028
-131.349,0.0029
-131.223,0.0031
-131.097,0.0032
-130.971,0.0034
-130.845,0.0035
-130.719,0.0037
-130.593,0.0038
-130.467,0.0039
-130.341,0.0041
-130.215,0.0042
-130.089,0.0044
-129.963,0.0045
-129.837,0.0047
-129.711,0.0048
-129.585,0.0050
-129.459,0.0051
-129.333,0.0052
-129.207,0.0054
-129.081,0.0055
-128.955,0.0057
-128.829,0.0058
-128.703,0.0060
-128.577,0.0061
-128.451,0.0063
-128.325,0.0064
-128.199,0.0065
-128.073,0.0067
-127.947,0.0068
-127.821,0.0070
-127.695,0.0071
-127.569,0.0073
-127.443,0.0074
-127.317,0.0076
-127.191,0.0077
-127.065,0.0078
-126.939,0.0080
-126.813,0.0081
-126.687,0.0083
-126.560,0.0084
-126.434,0.0086
-126.308,0.0087
-126.182,0.0088
-126.056,0.0090
-125.930,0.0091
-125.804,0.0093
-125.678,0.0094
-125.552,0.0096
-125.426,0.0097
-125.300,0.0099
-125.174,0.0100
-125.048,0.0101
-124.922,0.0103
-124.796,0.0104
-124.670,0.0106
-124.544,0.0107
-124.418,0.0109
-124.292,0.0110
-124.166,0.0112
-124.040,0.0113
-123.914,0.0114
-123.788,0.0116
-123.662,0.0117
-123.536,0.0119
-123.410,0.0120
-123.284,0.0124
-123.158,0.0130
-123.032,0.0135
-122.906,0.0140
-122.780,0.0145
-122.654,0.0150
-122.528,0.0156
-122.402,0.0161
-122.276,0.0166
-122.150,0.0171
-122.024,0.0176
-121.898,0.0181
-121.771,0.0186
-121.645,0.0191
-121.519,0.0196
-121.393,0.0201
-121.267,0.0209
-121.141,0.0215
-121.015,0.0222
-120.889,0.0229
-120.763,0.0234
-120.637,0.0239
-120.511,0.0247
-120.385,0.0255
-120.259,0.0264
-120.133,0.0272
-120.007,0.0280
-119.881,0.0288
-119.755,0.0296
-119.629,0.0305
-119.503,0.0313
-119.377,0.0321
-119.251,0.0330
-119.125,0.0338
-118.999,0.0347
-118.873,0.0357
-118.747,0.0366
-118.621,0.0376
-118.495,0.0385
-118.369,0.0395
-118.243,0.0407
-118.155,0.0419
-118.117,0.0419
-117.991,0.0430
-117.987,0.0432
-117.865,0.0442
-117.819,0.0445
-117.739,0.0454
-117.651,0.0458
-117.613,0.0466
-117.492,0.0472
-117.487,0.0478
-117.370,0.0485
-117.361,0.0491
-117.248,0.0498
-117.235,0.0504
-117.127,0.0511
-117.109,0.0516
-117.005,0.0524
-116.983,0.0529
-116.884,0.0537
-116.856,0.0542
-116.762,0.0550
-116.730,0.0555
-116.641,0.0563
-116.604,0.0569
-116.525,0.0577
-116.478,0.0584
-116.419,0.0590
-116.352,0.0600
-116.313,0.0603
-116.226,0.0615
-116.207,0.0616
-116.100,0.0629
-116.100,0.0631
-115.994,0.0642
-115.888,0.0655
-115.787,0.0669
-115.689,0.0682
-115.588,0.0695
-115.487,0.0708
-115.386,0.0721
-115.285,0.0734
-115.184,0.0747
-115.083,0.0761
-114.989,0.0774
-114.875,0.0787
-114.784,0.0800
-114.693,0.0813
-114.602,0.0826
-114.510,0.0839
-114.428,0.0852
-114.350,0.0866
-114.273,0.0879
-114.195,0.0892
-114.118,0.0905
-114.040,0.0918
-113.963,0.0931
-113.885,0.0944
-113.804,0.0958
-113.716,0.0971
-113.629,0.0984
-113.539,0.0997
-113.448,0.1010
-113.358,0.1023
-113.267,0.1036
-113.177,0.1050
-113.093,0.1063
-113.014,0.1076
-112.934,0.1089
-112.854,0.1102
-112.774,0.1115
-112.693,0.1128
-112.613,0.1141
-112.532,0.1155
-112.452,0.1168
-112.372,0.1181
-112.306,0.1194
-112.241,0.1207
-112.176,0.1220
-112.110,0.1233
-112.043,0.1247
-111.975,0.1260
-111.908,0.1273
-111.839,0.1286
-111.770,0.1299
-111.702,0.1312
-111.636,0.1325
-111.570,0.1339
-111.503,0.1352
-111.437,0.1365
-111.369,0.1378
-111.302,0.1391
-111.235,0.1404
-111.168,0.1417
-111.101,0.1430
-111.034,0.1444
-110.967,0.1457
-110.900,0.1470
-110.834,0.1483
-110.767,0.1496
-110.702,0.1509
-110.636,0.1522
-110.571,0.1536
-110.506,0.1549
-110.442,0.1562
-110.381,0.1575
-110.320,0.1588
-110.261,0.1601
-110.202,0.1614
-110.143,0.1628
-110.085,0.1641
-110.028,0.1654
-109.972,0.1667
-109.915,0.1680
-109.859,0.1693
-109.797,0.1706
-109.736,0.1719
-109.674,0.1733
-109.612,0.1746
-109.550,0.1759
-109.489,0.1772
-109.427,0.1785
-109.367,0.1798
-109.307,0.1811
-109.248,0.1825
-109.190,0.1838
-109.133,0.1851
-109.077,0.1864
-109.020,0.1877
-108.963,0.1890
-108.912,0.1903
-108.862,0.1916
-108.812,0.1930
-108.762,0.1943
-108.711,0.1956
-108.661,0.1969
-108.611,0.1982
-108.561,0.1995
-108.503,0.2008
-108.441,0.2022
-108.379,0.2035
-108.317,0.2048
-108.255,0.2061
-108.193,0.2074
-108.130,0.2087
-108.080,0.2100
-108.032,0.2114
-107.984,0.2127
-107.936,0.2140
-107.888,0.2153
-107.840,0.2166
-107.791,0.2179
-107.743,0.2192
-107.694,0.2205
-107.644,0.2219
-107.594,0.2232
-107.544,0.2245
-107.494,0.2258
-107.444,0.2271
-107.395,0.2284
-107.345,0.2297
-107.291,0.2311
-107.237,0.2324
-107.183,0.2337
-107.128,0.2350
-107.074,0.2363
-107.020,0.2376
-106.970,0.2389
-106.928,0.2403
-106.886,0.2416
-106.844,0.2429
-106.802,0.2442
-106.760,0.2455
-106.718,0.2468
-106.676,0.2481
-106.634,0.2494
-106.587,0.2508
-106.539,0.2521
-106.491,0.2534
-106.443,0.2547
-106.394,0.2560
-106.346,0.2573
-106.298,0.2586
-106.250,0.2600
-106.202,0.2613
-106.154,0.2626
-106.106,0.2639
-106.059,0.2652
-106.013,0.2665
-105.967,0.2678
-105.920,0.2692
-105.874,0.2705
-105.827,0.2718
-105.782,0.2731
-105.736,0.2744
-105.690,0.2757
-105.645,0.2770
-105.599,0.2783
-105.554,0.2797
-105.508,0.2810
-105.462,0.2823
-105.417,0.2836
-105.372,0.2849
-105.327,0.2862
-105.282,0.2875
-105.237,0.2889
-105.192,0.2902
-105.147,0.2915
-105.103,0.2928
-105.059,0.2941
-105.015,0.2954
-104.971,0.2967
-104.928,0.2981
-104.885,0.2994
-104.841,0.3007
-104.798,0.3020
-104.754,0.3033
-104.711,0.3046
-104.668,0.3059
-104.624,0.3072
-104.581,0.3086
-104.538,0.3099
-104.495,0.3112
-104.452,0.3125
-104.410,0.3138
-104.367,0.3151
-104.324,0.3164
-104.281,0.3178
-104.238,0.3191
-104.196,0.3204
-104.154,0.3217
-104.112,0.3230
-104.070,0.3243
-104.028,0.3256
-103.986,0.3270
-103.944,0.3283
-103.902,0.3296
-103.860,0.3309
-103.819,0.3322
-103.777,0.3335
-103.736,0.3348
-103.694,0.3361
-103.652,0.3375
-103.611,0.3388
-103.569,0.3401
-103.527,0.3414
-103.486,0.3427
-103.444,0.3440
-103.403,0.3453
-103.362,0.3467
-103.320,0.3480
-103.279,0.3493
-103.238,0.3506
-103.197,0.3519
-103.156,0.3532
-103.115,0.3545
-103.074,0.3558
-103.033,0.3572
-102.992,0.3585
-102.951,0.3598
-102.910,0.3611
-102.869,0.3624
-102.828,0.3637
-102.787,0.3650
-102.746,0.3664
-102.705,0.3677
-102.664,0.3690
-102.623,0.3703
-102.582,0.3716
-102.541,0.3729
-102.500,0.3742
-102.459,0.3756
-102.418,0.3769
-102.377,0.3782
-102.336,0.3795
-102.295,0.3808
-102.254,0.3821
-102.213,0.3834
-102.172,0.3847
-102.131,0.3861
-102.090,0.3874
-102.049,0.3887
-102.008,0.3900
-101.966,0.3913
-101.925,0.3926
-101.883,0.3939
-101.842,0.3953
-101.800,0.3966
-101.758,0.3979
-101.717,0.3992
-101.676,0.4005
-101.636,0.4018
-101.596,0.4031
-101.557,0.4045
-101.519,0.4058
-101.480,0.4071
-101.441,0.4084
-101.402,0.4097
-101.364,0.4110
-101.325,0.4123
-101.286,0.4136
-101.247,0.4150
-101.208,0.4163
-101.170,0.4176
-101.131,0.4189
-101.090,0.4202
-101.042,0.4215
-100.994,0.4228
-100.945,0.4242
-100.892,0.4255
-100.840,0.4268
-100.787,0.4281
-100.739,0.4294
-100.696,0.4307
-100.652,0.4320
-100.608,0.4334
-100.566,0.4347
-100.525,0.4360
-100.485,0.4373
-100.445,0.4386
-100.404,0.4399
-100.364,0.4412
-100.323,0.4425
-100.282,0.4439
-100.241,0.4452
-100.201,0.4465
-100.160,0.4478
-100.119,0.4491
-100.078,0.4504
-100.038,0.4517
-99.997,0.4531
-99.956,0.4544
-99.914,0.4557
-99.873,0.4570
-99.832,0.4583
-99.791,0.4596
-99.750,0.4609
-99.709,0.4623
-99.668,0.4636
-99.627,0.4649
-99.585,0.4662
-99.544,0.4675
-99.502,0.4688
-99.461,0.4701
-99.420,0.4714
-99.378,0.4728
-99.337,0.4741
-99.295,0.4754
-99.254,0.4767
-99.212,0.4780
-99.170,0.4793
-99.129,0.4806
-99.087,0.4820
-99.045,0.4833
-99.004,0.4846
-98.962,0.4859
-98.920,0.4872
-98.878,0.4885
-98.836,0.4898
-98.794,0.4912
-98.752,0.4925
-98.710,0.4938
-98.668,0.4951
-98.626,0.4964
-98.584,0.4977
-98.542,0.4990
-98.500,0.5003
-98.458,0.5017
-98.415,0.5030
-98.373,0.5043
-98.331,0.5056
-98.288,0.5069
-98.246,0.5082
-98.204,0.5095
-98.161,0.5109
-98.119,0.5122
-98.076,0.5135
-98.034,0.5148
-97.991,0.5161
-97.949,0.5174
-97.906,0.5187
-97.864,0.5201
-97.821,0.5214
-97.778,0.5227
-97.735,0.5240
-97.693,0.5253
-97.650,0.5266
-97.607,0.5279
-97.564,0.5292
-97.521,0.5306
-97.478,0.5319
-97.436,0.5332
-97.393,0.5345
-97.350,0.5358
-97.307,0.5371
-97.264,0.5384
-97.221,0.5398
-97.178,0.5411
-97.134,0.5424
-97.091,0.5437
-97.048,0.5450
-97.005,0.5463
-96.961,0.5476
-96.918,0.5489
-96.875,0.5503
-96.832,0.5516
-96.789,0.5529
-96.745,0.5542
-96.702,0.5555
-96.658,0.5568
-96.615,0.5581
-96.571,0.5595
-96.530,0.5608
-96.488,0.5621
-96.447,0.5634
-96.408,0.5647
-96.369,0.5660
-96.330,0.5673
-96.291,0.5687
-96.252,0.5700
-96.208,0.5713
-96.164,0.5726
-96.120,0.5739
-96.074,0.5752
-96.027,0.5765
-95.980,0.5778
-95.933,0.5792
-95.888,0.5805
-95.846,0.5818
-95.804,0.5831
-95.762,0.5844
-95.722,0.5857
-95.683,0.5870
-95.643,0.5884
-95.603,0.5897
-95.564,0.5910
-95.524,0.5923
-95.483,0.5936
-95.443,0.5949
-95.402,0.5962
-95.361,0.5976
-95.320,0.5989
-95.279,0.6002
-95.238,0.6015
-95.197,0.6028
-95.155,0.6041
-95.114,0.6054
-95.072,0.6067
-95.030,0.6081
-94.987,0.6094
-94.945,0.6107
-94.902,0.6120
-94.860,0.6133
-94.817,0.6146
-94.775,0.6159
-94.731,0.6173
-94.688,0.6186
-94.645,0.6199
-94.601,0.6212
-94.557,0.6225
-94.513,0.6238
-94.470,0.6251
-94.426,0.6265
-94.382,0.6278
-94.337,0.6291
-94.293,0.6304
-94.248,0.6317
-94.203,0.6330
-94.158,0.6343
-94.113,0.6356
-94.068,0.6370
-94.023,0.6383
-93.978,0.6396
-93.932,0.6409
-93.886,0.6422
-93.840,0.6435
-93.794,0.6448
-93.748,0.6462
-93.702,0.6475
-93.655,0.6488
-93.609,0.6501
-93.563,0.6514
-93.516,0.6527
-93.469,0.6540
-93.422,0.6554
-93.375,0.6567
-93.328,0.6580
-93.280,0.6593
-93.233,0.6606
-93.186,0.6619
-93.138,0.6632
-93.090,0.6645
-93.043,0.6659
-92.995,0.6672
-92.947,0.6685
-92.898,0.6698
-92.850,0.6711
-92.801,0.6724
-92.753,0.6737
-92.705,0.6751
-92.656,0.6764
-92.607,0.6777
-92.558,0.6790
-92.509,0.6803
-92.460,0.6816
-92.411,0.6829
-92.362,0.6843
-92.312,0.6856
-92.263,0.6869
-92.213,0.6882
-92.164,0.6895
-92.114,0.6908
-92.064,0.6921
-92.014,0.6934
-91.964,0.6948
-91.914,0.6961
-91.864,0.6974
-91.814,0.6987
-91.764,0.7000
-91.714,0.7013
-91.663,0.7026
-91.613,0.7040
-91.562,0.7053
-91.511,0.7066
-91.460,0.7079
-91.410,0.7092
-91.355,0.7105
-91.295,0.7118
-91.236,0.7131
-91.176,0.7145
-91.111,0.7158
-91.045,0.7171
-90.979,0.7184
-90.918,0.7197
-90.857,0.7210
-90.796,0.7223
-90.736,0.7237
-90.677,0.7250
-90.619,0.7263
-90.560,0.7276
-90.502,0.7289
-90.451,0.7302
-90.399,0.7315
-90.347,0.7329
-90.296,0.7342
-90.248,0.7355
-90.201,0.7368
-90.155,0.7381
-90.070,0.7394
-90.009,0.7407
-89.948,0.7420
-89.887,0.7434
-89.826,0.7447
-89.774,0.7460
-89.701,0.7473
-89.649,0.7486
-89.603,0.7499
-89.542,0.7512
-89.481,0.7526
-89.420,0.7539
-89.347,0.7552
-89.298,0.7565
-89.250,0.7578
-89.201,0.7591
-89.145,0.7604
-89.084,0.7618
-89.023,0.7631
-88.962,0.7644
-88.892,0.7657
-88.821,0.7670
-88.750,0.7683
-88.680,0.7696
-88.612,0.7709
-88.543,0.7723
-88.474,0.7736
-88.406,0.7749
-88.340,0.7762
-88.274,0.7775
-88.208,0.7788
-88.142,0.7801
-88.077,0.7815
-88.011,0.7828
-87.945,0.7841
-87.879,0.7854
-87.814,0.7867
-87.748,0.7880
-87.682,0.7893
-87.616,0.7907
-87.550,0.7920
-87.484,0.7933
-87.418,0.7946
-87.352,0.7959
-87.286,0.7972
-87.219,0.7985
-87.153,0.7998
-87.086,0.8012
-87.019,0.8025
-86.952,0.8038
-86.885,0.8051
-86.817,0.8064
-86.750,0.8077
-86.682,0.8090
-86.614,0.8104
-86.546,0.8117
-86.477,0.8130
-86.407,0.8143
-86.338,0.8156
-86.269,0.8169
-86.199,0.8182
-86.128,0.8196
-86.057,0.8209
-85.986,0.8222
-85.915,0.8235
-85.843,0.8248
-85.771,0.8261
-85.698,0.8274
-85.625,0.8287
-85.549,0.8301
-85.473,0.8314
-85.396,0.8327
-85.319,0.8340
-85.242,0.8353
-85.164,0.8366
-85.086,0.8379
-85.005,0.8393
-84.924,0.8406
-84.843,0.8419
-84.761,0.8432
-84.679,0.8445
-84.597,0.8458
-84.515,0.8471
-84.436,0.8485
-84.359,0.8498
-84.282,0.8511
-84.205,0.8524
-84.125,0.8537
-84.046,0.8550
-83.958,0.8563
-83.868,0.8576
-83.777,0.8590
-83.687,0.8603
-83.596,0.8616
-83.504,0.8629
-83.412,0.8642
-83.321,0.8655
-83.235,0.8668
-83.148,0.8682
-83.061,0.8695
-82.974,0.8708
-82.886,0.8721
-82.798,0.8734
-82.710,0.8747
-82.618,0.8760
-82.526,0.8774
-82.434,0.8787
-82.342,0.8800
-82.250,0.8813
-82.157,0.8826
-82.064,0.8839
-81.971,0.8852
-81.877,0.8865
-81.781,0.8879
-81.685,0.8892
-81.589,0.8905
-81.493,0.8918
-81.397,0.8931
-81.301,0.8944
-81.206,0.8957
-81.112,0.8971
-81.013,0.8984
-80.939,0.8991
-80.910,0.8997
-80.813,0.9006
-80.807,0.9010
-80.704,0.9023
-80.687,0.9023
-80.602,0.9036
-80.561,0.9036
-80.499,0.9049
-80.435,0.9049
-80.396,0.9062
-80.309,0.9064
-80.270,0.9076
-80.183,0.9079
-80.144,0.9089
-80.057,0.9095
-80.017,0.9102
-79.931,0.9111
-79.891,0.9115
-79.805,0.9126
-79.764,0.9128
-79.679,0.9142
-79.638,0.9142
-79.553,0.9158
-79.511,0.9158
-79.427,0.9172
-79.401,0.9172
-79.301,0.9184
-79.280,0.9184
-79.175,0.9197
-79.158,0.9197
-79.049,0.9210
-79.037,0.9210
-78.923,0.9223
-78.916,0.9223
-78.797,0.9236
-78.795,0.9236
-78.674,0.9246
-78.671,0.9249
-78.553,0.9260
-78.545,0.9261
-78.419,0.9272
-78.411,0.9273
-78.293,0.9283
-78.259,0.9286
-78.167,0.9294
-78.108,0.9299
-78.041,0.9305
-77.956,0.9312
-77.915,0.9316
-77.805,0.9325
-77.788,0.9327
-77.662,0.9338
-77.536,0.9349
-77.410,0.9360
-77.284,0.9370
-77.158,0.9381
-77.032,0.9390
-76.906,0.9400
-76.780,0.9410
-76.654,0.9420
-76.528,0.9429
-76.402,0.9439
-76.276,0.9449
-76.150,0.9458
-76.024,0.9468
-75.898,0.9477
-75.772,0.9487
-75.646,0.9497
-75.520,0.9506
-75.394,0.9516
-75.268,0.9526
-75.142,0.9536
-75.016,0.9545
-74.890,0.9555
-74.764,0.9564
-74.638,0.9574
-74.512,0.9583
-74.386,0.9595
-74.260,0.9603
-74.134,0.9611
-74.008,0.9619
-73.882,0.9627
-73.756,0.9633
-73.630,0.9640
-73.504,0.9647
-73.378,0.9653
-73.252,0.9660
-73.126,0.9666
-73.000,0.9673
-72.873,0.9679
-72.747,0.9686
-72.621,0.9693
-72.495,0.9699
-72.369,0.9705
-72.243,0.9712
-72.117,0.9718
-71.991,0.9724
-71.865,0.9731
-71.739,0.9737
-71.613,0.9743
-71.487,0.9749
-71.361,0.9755
-71.235,0.9761
-71.109,0.9767
-70.983,0.9773
-70.857,0.9779
-70.731,0.9785
-70.605,0.9792
-70.479,0.9798
-70.353,0.9803
-70.227,0.9811
-70.101,0.9816
-69.975,0.9821
-69.849,0.9823
-69.723,0.9827
-69.597,0.9830
-69.471,0.9834
-69.345,0.9837
-69.219,0.9841
-69.093,0.9845
-68.967,0.9848
-68.841,0.9852
-68.715,0.9856
-68.589,0.9859
-68.463,0.9863
-68.337,0.9867
-68.211,0.9870
-68.084,0.9874
-67.958,0.9877
-67.832,0.9881
-67.706,0.9885
-67.580,0.9888
-67.454,0.9892
-67.328,0.9896
-67.202,0.9899
-67.076,0.9903
-66.950,0.9907
-66.824,0.9910
-66.698,0.9913
-66.572,0.9915
-66.446,0.9917
-66.320,0.9920
-66.194,0.9922
-66.068,0.9923
-65.942,0.9924
-65.816,0.9926
-65.690,0.9927
-65.564,0.9928
-65.438,0.9929
-65.312,0.9931
-65.186,0.9932
-65.060,0.9933
-64.934,0.9935
-64.808,0.9936
-64.682,0.9937
-64.556,0.9939
-64.430,0.9940
-64.304,0.9941
-64.178,0.9943
-64.052,0.9944
-63.926,0.9945
-63.800,0.9947
-63.674,0.9948
-63.548,0.9949
-63.422,0.9951
-63.296,0.9952
-63.169,0.9953
-63.043,0.9955
-62.917,0.9956
-62.791,0.9957
-62.665,0.9959
-62.539,0.9960
-62.413,0.9961
-62.287,0.9962
-62.161,0.9964
-62.035,0.9965
-61.909,0.9966
-61.783,0.9968
-61.657,0.9969
-61.531,0.9970
-61.405,0.9972
-61.279,0.9973
-61.153,0.9974
-61.027,0.9976
-60.901,0.9977
-60.775,0.9978
-60.649,0.9980
-60.523,0.9981
-60.397,0.9982
-60.271,0.9984
-60.145,0.9985
-60.019,0.9986
-59.893,0.9988
-59.767,0.9989
-59.641,0.9990
-59.515,0.9991
-59.389,0.9993
-59.263,0.9994
-59.137,0.9995
-59.011,0.9997
-58.885,0.9998
-58.759,0.9999
-58.633,1.0000
-58.507,1.0000
-58.381,1.0000
-58.254,1.0000
-58.128,1.0000
-58.002,1.0000
-57.876,1.0000
-57.750,1.0000
-57.624,1.0000
-57.498,1.0000
-57.372,1.0000
-57.317,1.0000
-57.246,1.0000
-57.120,1.0000
-56.994,1.0000
-56.868,1.0000
-56.742,1.0000
-56.616,1.0000
