# TR 37.910 V19.0.0 Annex A, Figure A.3 Coupling gain and DL geometry of Rural - eMBB test environment
# curve: Config. C (LMLC, 6000 m, 700 MHz), Channel model A (solid)
# extracted from the PDF vector paths; x_db, cdf
-7.035,0.0016
-6.983,0.0016
-6.930,0.0016
-6.877,0.0016
-6.825,0.0016
-6.772,0.0018
-6.754,0.0018
-6.720,0.0020
-6.667,0.0022
-6.644,0.0022
-6.615,0.0025
-6.562,0.0027
-6.510,0.0030
-6.457,0.0032
-6.405,0.0035
-6.352,0.0037
-6.300,0.0040
-6.247,0.0042
-6.194,0.0045
-6.142,0.0047
-6.089,0.0049
-6.037,0.0052
-5.984,0.0054
-5.932,0.0057
-5.879,0.0059
-5.827,0.0062
-5.774,0.0064
-5.722,0.0067
-5.669,0.0069
-5.617,0.0071
-5.564,0.0074
-5.511,0.0076
-5.459,0.0079
-5.406,0.0081
-5.354,0.0084
-5.301,0.0086
-5.249,0.0089
-5.196,0.0091
-5.144,0.0093
-5.091,0.0096
-5.039,0.0098
-4.986,0.0101
-4.934,0.0103
-4.881,0.0106
-4.828,0.0108
-4.776,0.0111
-4.723,0.0113
-4.671,0.0115
-4.618,0.0119
-4.566,0.0124
-4.513,0.0131
-4.461,0.0139
-4.408,0.0148
-4.356,0.0157
-4.303,0.0166
-4.251,0.0174
-4.198,0.0183
-4.145,0.0195
-4.093,0.0206
-4.089,0.0206
-4.040,0.0217
-4.026,0.0217
-3.988,0.0229
-3.964,0.0230
-3.935,0.0240
-3.901,0.0243
-3.883,0.0251
-3.839,0.0255
-3.830,0.0261
-3.793,0.0268
-3.778,0.0272
-3.745,0.0281
-3.725,0.0287
-3.699,0.0293
-3.673,0.0301
-3.652,0.0306
-3.620,0.0316
-3.606,0.0319
-3.568,0.0330
-3.559,0.0331
-3.515,0.0344
-3.513,0.0344
-3.466,0.0357
-3.462,0.0359
-3.422,0.0370
-3.410,0.0374
-3.378,0.0382
-3.357,0.0389
-3.336,0.0395
-3.305,0.0405
-3.293,0.0408
-3.252,0.0421
-3.251,0.0421
-3.209,0.0433
-3.166,0.0446
-3.124,0.0458
-3.083,0.0471
-3.046,0.0484
-3.008,0.0496
-2.971,0.0509
-2.934,0.0522
-2.897,0.0534
-2.860,0.0547
-2.823,0.0560
-2.787,0.0573
-2.749,0.0585
-2.712,0.0598
-2.674,0.0611
-2.636,0.0623
-2.598,0.0636
-2.561,0.0649
-2.530,0.0661
-2.499,0.0674
-2.469,0.0687
-2.438,0.0699
-2.407,0.0712
-2.377,0.0725
-2.348,0.0737
-2.320,0.0750
-2.291,0.0763
-2.263,0.0776
-2.234,0.0788
-2.206,0.0801
-2.179,0.0814
-2.153,0.0826
-2.126,0.0839
-2.099,0.0852
-2.073,0.0864
-2.047,0.0877
-2.021,0.0890
-1.995,0.0902
-1.970,0.0915
-1.945,0.0928
-1.920,0.0940
-1.895,0.0953
-1.871,0.0966
-1.846,0.0979
-1.822,0.0991
-1.798,0.1004
-1.775,0.1017
-1.751,0.1029
-1.728,0.1042
-1.704,0.1055
-1.681,0.1067
-1.658,0.1080
-1.635,0.1093
-1.613,0.1105
-1.590,0.1118
-1.568,0.1131
-1.545,0.1143
-1.523,0.1156
-1.501,0.1169
-1.479,0.1181
-1.458,0.1194
-1.436,0.1207
-1.414,0.1220
-1.393,0.1232
-1.371,0.1245
-1.350,0.1258
-1.329,0.1270
-1.308,0.1283
-1.287,0.1296
-1.266,0.1308
-1.245,0.1321
-1.224,0.1334
-1.203,0.1346
-1.182,0.1359
-1.162,0.1372
-1.141,0.1384
-1.121,0.1397
-1.100,0.1410
-1.080,0.1423
-1.059,0.1435
-1.039,0.1448
-1.019,0.1461
-0.999,0.1473
-0.979,0.1486
-0.959,0.1499
-0.939,0.1511
-0.918,0.1524
-0.898,0.1537
-0.879,0.1549
-0.859,0.1562
-0.840,0.1575
-0.820,0.1587
-0.801,0.1600
-0.781,0.1613
-0.762,0.1626
-0.742,0.1638
-0.722,0.1651
-0.702,0.1664
-0.682,0.1676
-0.662,0.1689
-0.642,0.1702
-0.623,0.1714
-0.605,0.1727
-0.586,0.1740
-0.568,0.1752
-0.551,0.1765
-0.533,0.1778
-0.516,0.1790
-0.498,0.1803
-0.481,0.1816
-0.464,0.1829
-0.447,0.1841
-0.430,0.1854
-0.413,0.1867
-0.396,0.1879
-0.379,0.1892
-0.363,0.1905
-0.346,0.1917
-0.329,0.1930
-0.311,0.1943
-0.293,0.1955
-0.275,0.1968
-0.257,0.1981
-0.239,0.1993
-0.221,0.2006
-0.202,0.2019
-0.184,0.2032
-0.166,0.2044
-0.147,0.2057
-0.128,0.2070
-0.109,0.2082
-0.090,0.2095
-0.071,0.2108
-0.052,0.2120
-0.032,0.2133
-0.014,0.2146
0.004,0.2158
0.022,0.2171
0.040,0.2184
0.057,0.2196
0.075,0.2209
0.093,0.2222
0.110,0.2234
0.125,0.2247
0.140,0.2260
0.155,0.2273
0.170,0.2285
0.185,0.2298
0.199,0.2311
0.214,0.2323
0.229,0.2336
0.249,0.2349
0.269,0.2361
0.290,0.2374
0.311,0.2387
0.332,0.2399
0.352,0.2412
0.373,0.2425
0.394,0.2437
0.414,0.2450
0.434,0.2463
0.454,0.2476
0.473,0.2488
0.493,0.2501
0.511,0.2514
0.529,0.2526
0.547,0.2539
0.565,0.2552
0.582,0.2564
0.598,0.2577
0.615,0.2590
0.633,0.2602
0.652,0.2615
0.671,0.2628
0.690,0.2640
0.709,0.2653
0.729,0.2666
0.748,0.2679
0.768,0.2691
0.786,0.2704
0.803,0.2717
0.821,0.2729
0.838,0.2742
0.855,0.2755
0.872,0.2767
0.889,0.2780
0.906,0.2793
0.922,0.2805
0.939,0.2818
0.956,0.2831
0.973,0.2843
0.990,0.2856
1.007,0.2869
1.023,0.2882
1.040,0.2894
1.059,0.2907
1.077,0.2920
1.095,0.2932
1.114,0.2945
1.133,0.2958
1.151,0.2970
1.170,0.2983
1.189,0.2996
1.207,0.3008
1.226,0.3021
1.245,0.3034
1.264,0.3046
1.282,0.3059
1.301,0.3072
1.319,0.3084
1.338,0.3097
1.357,0.3110
1.375,0.3123
1.394,0.3135
1.413,0.3148
1.432,0.3161
1.451,0.3173
1.470,0.3186
1.489,0.3199
1.508,0.3211
1.527,0.3224
1.546,0.3237
1.565,0.3249
1.584,0.3262
1.603,0.3275
1.622,0.3287
1.641,0.3300
1.660,0.3313
1.679,0.3326
1.698,0.3338
1.717,0.3351
1.737,0.3364
1.756,0.3376
1.775,0.3389
1.795,0.3402
1.814,0.3414
1.833,0.3427
1.853,0.3440
1.872,0.3452
1.891,0.3465
1.911,0.3478
1.930,0.3490
1.950,0.3503
1.969,0.3516
1.989,0.3529
2.008,0.3541
2.028,0.3554
2.048,0.3567
2.068,0.3579
2.087,0.3592
2.107,0.3605
2.127,0.3617
2.147,0.3630
2.167,0.3643
2.186,0.3655
2.206,0.3668
2.226,0.3681
2.246,0.3693
2.266,0.3706
2.286,0.3719
2.306,0.3732
2.327,0.3744
2.347,0.3757
2.367,0.3770
2.387,0.3782
2.408,0.3795
2.428,0.3808
2.448,0.3820
2.469,0.3833
2.489,0.3846
2.509,0.3858
2.530,0.3871
2.550,0.3884
2.570,0.3896
2.591,0.3909
2.612,0.3922
2.632,0.3935
2.653,0.3947
2.673,0.3960
2.694,0.3973
2.715,0.3985
2.735,0.3998
2.757,0.4011
2.779,0.4023
2.801,0.4036
2.823,0.4049
2.845,0.4061
2.867,0.4074
2.889,0.4087
2.911,0.4099
2.933,0.4112
2.955,0.4125
2.978,0.4137
3.000,0.4150
3.022,0.4163
3.044,0.4176
3.067,0.4188
3.089,0.4201
3.111,0.4214
3.133,0.4226
3.156,0.4239
3.178,0.4252
3.200,0.4264
3.223,0.4277
3.245,0.4290
3.268,0.4302
3.290,0.4315
3.313,0.4328
3.335,0.4340
3.358,0.4353
3.380,0.4366
3.402,0.4379
3.425,0.4391
3.447,0.4404
3.470,0.4417
3.492,0.4429
3.515,0.4442
3.537,0.4455
3.559,0.4467
3.582,0.4480
3.605,0.4493
3.627,0.4505
3.650,0.4518
3.672,0.4531
3.695,0.4543
3.717,0.4556
3.740,0.4569
3.762,0.4582
3.784,0.4594
3.807,0.4607
3.829,0.4620
3.851,0.4632
3.874,0.4645
3.896,0.4658
3.918,0.4670
3.941,0.4683
3.963,0.4696
3.985,0.4708
4.008,0.4721
4.030,0.4734
4.052,0.4746
4.074,0.4759
4.097,0.4772
4.119,0.4785
4.141,0.4797
4.162,0.4810
4.184,0.4823
4.206,0.4835
4.227,0.4848
4.247,0.4861
4.267,0.4873
4.287,0.4886
4.308,0.4899
4.331,0.4911
4.355,0.4924
4.378,0.4937
4.402,0.4949
4.428,0.4962
4.453,0.4975
4.478,0.4987
4.504,0.5000
4.531,0.5013
4.557,0.5026
4.583,0.5038
4.611,0.5051
4.639,0.5064
4.668,0.5076
4.695,0.5089
4.721,0.5102
4.746,0.5114
4.772,0.5127
4.797,0.5140
4.819,0.5152
4.842,0.5165
4.864,0.5178
4.887,0.5190
4.912,0.5203
4.937,0.5216
4.963,0.5229
4.988,0.5241
5.015,0.5254
5.042,0.5267
5.070,0.5279
5.097,0.5292
5.123,0.5305
5.149,0.5317
5.174,0.5330
5.200,0.5343
5.225,0.5355
5.251,0.5368
5.276,0.5381
5.302,0.5393
5.329,0.5406
5.356,0.5419
5.382,0.5432
5.409,0.5444
5.436,0.5457
5.463,0.5470
5.491,0.5482
5.519,0.5495
5.546,0.5508
5.574,0.5520
5.602,0.5533
5.630,0.5546
5.658,0.5558
5.686,0.5571
5.715,0.5584
5.743,0.5596
5.771,0.5609
5.800,0.5622
5.828,0.5635
5.857,0.5647
5.886,0.5660
5.916,0.5673
5.945,0.5685
5.974,0.5698
6.004,0.5711
6.033,0.5723
6.063,0.5736
6.092,0.5749
6.122,0.5761
6.152,0.5774
6.181,0.5787
6.211,0.5799
6.241,0.5812
6.270,0.5825
6.300,0.5837
6.330,0.5850
6.360,0.5863
6.391,0.5876
6.421,0.5888
6.451,0.5901
6.481,0.5914
6.511,0.5926
6.542,0.5939
6.572,0.5952
6.602,0.5964
6.632,0.5977
6.662,0.5990
6.692,0.6002
6.722,0.6015
6.752,0.6028
6.782,0.6040
6.812,0.6053
6.842,0.6066
6.873,0.6079
6.903,0.6091
6.933,0.6104
6.963,0.6117
6.993,0.6129
7.023,0.6142
7.052,0.6155
7.082,0.6167
7.112,0.6180
7.141,0.6193
7.171,0.6205
7.200,0.6218
7.229,0.6231
7.258,0.6243
7.288,0.6256
7.318,0.6269
7.347,0.6282
7.378,0.6294
7.412,0.6307
7.445,0.6320
7.479,0.6332
7.512,0.6345
7.545,0.6358
7.579,0.6370
7.612,0.6383
7.644,0.6396
7.676,0.6408
7.708,0.6421
7.740,0.6434
7.773,0.6446
7.806,0.6459
7.838,0.6472
7.871,0.6485
7.903,0.6497
7.936,0.6510
7.968,0.6523
8.001,0.6535
8.033,0.6548
8.066,0.6561
8.099,0.6573
8.133,0.6586
8.166,0.6599
8.199,0.6611
8.233,0.6624
8.267,0.6637
8.302,0.6649
8.336,0.6662
8.371,0.6675
8.406,0.6688
8.440,0.6700
8.476,0.6713
8.511,0.6726
8.546,0.6738
8.581,0.6751
8.616,0.6764
8.652,0.6776
8.687,0.6789
8.723,0.6802
8.759,0.6814
8.796,0.6827
8.832,0.6840
8.869,0.6852
8.906,0.6865
8.943,0.6878
8.979,0.6890
9.016,0.6903
9.053,0.6916
9.090,0.6929
9.128,0.6941
9.165,0.6954
9.202,0.6967
9.239,0.6979
9.277,0.6992
9.315,0.7005
9.353,0.7017
9.392,0.7030
9.430,0.7043
9.469,0.7055
9.507,0.7068
9.546,0.7081
9.584,0.7093
9.623,0.7106
9.662,0.7119
9.700,0.7132
9.739,0.7144
9.778,0.7157
9.817,0.7170
9.856,0.7182
9.896,0.7195
9.935,0.7208
9.975,0.7220
10.015,0.7233
10.055,0.7246
10.095,0.7258
10.135,0.7271
10.170,0.7284
10.206,0.7296
10.242,0.7309
10.277,0.7322
10.313,0.7335
10.349,0.7347
10.383,0.7360
10.415,0.7373
10.447,0.7385
10.481,0.7398
10.516,0.7411
10.550,0.7423
10.584,0.7436
10.619,0.7449
10.655,0.7461
10.694,0.7474
10.723,0.7476
10.734,0.7487
10.775,0.7493
10.780,0.7499
10.827,0.7512
10.828,0.7512
10.873,0.7525
10.881,0.7526
10.920,0.7538
10.933,0.7543
10.966,0.7550
10.986,0.7559
11.015,0.7563
11.038,0.7576
11.063,0.7576
11.091,0.7589
11.110,0.7589
11.143,0.7603
11.157,0.7603
11.196,0.7616
11.204,0.7616
11.248,0.7630
11.250,0.7630
11.297,0.7639
11.301,0.7643
11.344,0.7652
11.353,0.7656
11.391,0.7664
11.406,0.7670
11.439,0.7677
11.458,0.7684
11.485,0.7690
11.511,0.7698
11.532,0.7702
11.564,0.7711
11.578,0.7715
11.616,0.7725
11.625,0.7728
11.669,0.7739
11.672,0.7740
11.718,0.7753
11.721,0.7753
11.765,0.7766
11.774,0.7767
11.813,0.7779
11.826,0.7781
11.860,0.7791
11.879,0.7795
11.907,0.7804
11.931,0.7809
11.954,0.7817
11.984,0.7823
12.002,0.7829
12.036,0.7837
12.049,0.7842
12.089,0.7851
12.098,0.7855
12.141,0.7865
12.146,0.7867
12.194,0.7880
12.194,0.7880
12.242,0.7893
12.247,0.7893
12.290,0.7905
12.299,0.7907
12.339,0.7918
12.352,0.7920
12.389,0.7931
12.404,0.7934
12.438,0.7943
12.457,0.7947
12.488,0.7956
12.509,0.7961
12.537,0.7969
12.562,0.7974
12.587,0.7982
12.614,0.7988
12.637,0.7994
12.667,0.8001
12.688,0.8007
12.719,0.8014
12.739,0.8020
12.772,0.8027
12.790,0.8032
12.824,0.8040
12.842,0.8045
12.877,0.8053
12.893,0.8058
12.930,0.8066
12.946,0.8070
12.982,0.8079
12.999,0.8083
13.035,0.8091
13.052,0.8096
13.087,0.8104
13.105,0.8108
13.140,0.8116
13.159,0.8121
13.192,0.8129
13.213,0.8134
13.245,0.8141
13.268,0.8146
13.297,0.8153
13.323,0.8159
13.350,0.8165
13.379,0.8172
13.402,0.8177
13.434,0.8185
13.455,0.8189
13.490,0.8197
13.507,0.8201
13.548,0.8210
13.560,0.8213
13.606,0.8223
13.613,0.8225
13.664,0.8235
13.665,0.8236
13.718,0.8247
13.722,0.8248
13.770,0.8259
13.780,0.8261
13.823,0.8270
13.840,0.8273
13.875,0.8281
13.901,0.8286
13.928,0.8292
13.962,0.8299
13.980,0.8303
14.023,0.8311
14.033,0.8314
14.084,0.8324
14.085,0.8325
14.138,0.8336
14.147,0.8337
14.190,0.8346
14.211,0.8349
14.243,0.8357
14.275,0.8362
14.296,0.8367
14.340,0.8375
14.348,0.8378
14.401,0.8388
14.404,0.8388
14.453,0.8398
14.469,0.8400
14.506,0.8408
14.536,0.8413
14.558,0.8418
14.611,0.8428
14.663,0.8438
14.716,0.8448
14.768,0.8457
14.821,0.8467
14.873,0.8477
14.926,0.8487
14.979,0.8496
15.031,0.8506
15.084,0.8515
15.136,0.8525
15.189,0.8534
15.241,0.8544
15.294,0.8553
15.346,0.8563
15.399,0.8573
15.451,0.8582
15.504,0.8592
15.556,0.8602
15.609,0.8612
15.662,0.8622
15.714,0.8633
15.757,0.8641
15.767,0.8643
15.819,0.8653
15.824,0.8654
15.872,0.8663
15.891,0.8667
15.924,0.8673
15.957,0.8679
15.977,0.8683
16.023,0.8692
16.029,0.8693
16.082,0.8702
16.134,0.8712
16.187,0.8722
16.239,0.8731
16.292,0.8741
16.345,0.8750
16.397,0.8760
16.450,0.8769
16.502,0.8778
16.555,0.8788
16.607,0.8797
16.660,0.8806
16.712,0.8816
16.765,0.8825
16.817,0.8834
16.870,0.8843
16.922,0.8852
16.975,0.8861
17.028,0.8870
17.080,0.8878
17.133,0.8887
17.185,0.8896
17.238,0.8904
17.290,0.8912
17.343,0.8921
17.395,0.8929
17.448,0.8937
17.500,0.8945
17.553,0.8953
17.605,0.8960
17.658,0.8968
17.711,0.8975
17.763,0.8983
17.816,0.8990
17.868,0.8998
17.921,0.9005
17.973,0.9012
18.026,0.9019
18.078,0.9027
18.131,0.9034
18.183,0.9041
18.236,0.9049
18.288,0.9056
18.341,0.9064
18.394,0.9071
18.446,0.9079
18.499,0.9086
18.551,0.9094
18.604,0.9101
18.656,0.9108
18.709,0.9115
18.761,0.9122
18.814,0.9128
18.866,0.9135
18.919,0.9142
18.971,0.9149
19.024,0.9155
19.077,0.9162
19.129,0.9168
19.182,0.9175
19.234,0.9182
19.287,0.9188
19.339,0.9195
19.392,0.9201
19.444,0.9208
19.497,0.9215
19.549,0.9222
19.602,0.9230
19.654,0.9237
19.707,0.9244
19.760,0.9251
19.812,0.9258
19.865,0.9265
19.917,0.9272
19.970,0.9279
20.022,0.9286
20.075,0.9293
20.127,0.9300
20.180,0.9306
20.232,0.9313
20.285,0.9319
20.337,0.9326
20.390,0.9332
20.443,0.9338
20.495,0.9344
20.548,0.9351
20.600,0.9357
20.653,0.9363
20.705,0.9369
20.758,0.9376
20.810,0.9382
20.863,0.9388
20.915,0.9394
20.968,0.9400
21.020,0.9406
21.073,0.9412
21.126,0.9417
21.178,0.9423
21.231,0.9428
21.283,0.9433
21.336,0.9438
21.388,0.9443
21.441,0.9448
21.493,0.9453
21.546,0.9458
21.598,0.9463
21.651,0.9468
21.703,0.9473
21.756,0.9478
21.809,0.9483
21.861,0.9488
21.914,0.9493
21.966,0.9498
22.019,0.9503
22.071,0.9509
22.124,0.9514
22.176,0.9520
22.229,0.9525
22.281,0.9531
22.334,0.9537
22.386,0.9543
22.439,0.9549
22.492,0.9555
22.544,0.9561
22.597,0.9567
22.649,0.9573
22.702,0.9578
22.754,0.9584
22.807,0.9590
22.859,0.9596
22.912,0.9602
22.964,0.9608
23.017,0.9613
23.069,0.9618
23.122,0.9623
23.175,0.9628
23.227,0.9633
23.280,0.9637
23.332,0.9642
23.385,0.9646
23.437,0.9651
23.490,0.9655
23.542,0.9660
23.595,0.9664
23.647,0.9669
23.700,0.9673
23.752,0.9677
23.805,0.9682
23.858,0.9686
23.910,0.9691
23.963,0.9695
24.015,0.9700
24.068,0.9704
24.120,0.9709
24.173,0.9713
24.225,0.9718
24.278,0.9723
24.330,0.9728
24.383,0.9733
24.435,0.9738
24.488,0.9742
24.541,0.9747
24.593,0.9752
24.646,0.9757
24.698,0.9762
24.751,0.9767
24.803,0.9772
24.856,0.9777
24.908,0.9782
24.961,0.9787
25.013,0.9792
25.066,0.9797
25.118,0.9802
25.171,0.9807
25.224,0.9812
25.276,0.9817
25.329,0.9822
25.381,0.9827
25.434,0.9833
25.486,0.9838
25.539,0.9843
25.591,0.9849
25.644,0.9854
25.696,0.9860
25.749,0.9865
25.801,0.9870
25.854,0.9876
25.907,0.9881
25.959,0.9887
26.012,0.9892
26.064,0.9897
26.117,0.9903
26.169,0.9908
26.222,0.9914
26.274,0.9917
26.327,0.9920
26.379,0.9922
26.432,0.9925
26.484,0.9927
26.537,0.9930
26.589,0.9932
26.642,0.9935
26.695,0.9937
26.747,0.9940
26.800,0.9942
26.852,0.9944
26.905,0.9947
26.957,0.9949
27.010,0.9952
27.062,0.9954
27.115,0.9957
27.167,0.9959
27.220,0.9962
27.272,0.9964
27.325,0.9967
27.378,0.9969
27.430,0.9972
27.483,0.9974
27.535,0.9976
27.588,0.9979
27.640,0.9981
27.693,0.9984
27.745,0.9986
27.798,0.9989
27.850,0.9991
27.903,0.9994
27.955,0.9996
28.008,0.9999
28.061,1.0000
28.113,1.0000
28.166,1.0000
28.218,1.0000
28.241,1.0000
28.271,1.0000
28.323,1.0000
28.339,1.0000
28.376,1.0000
28.428,1.0000
28.481,1.0000
28.533,1.0000
28.586,1.0000
