# TR 37.910 V19.0.0 Annex A, Figure A.4 Coupling gain and DL geometry of Urban Macro - mMTC test environment
# curve: Config. A (500 m, 700 MHz), Channel model B (solid)
# extracted from the PDF vector paths; x_db, cdf
-6.540,0.0019
-6.489,0.0019
-6.437,0.0019
-6.386,0.0019
-6.334,0.0019
-6.283,0.0019
-6.232,0.0019
-6.221,0.0019
-6.180,0.0021
-6.129,0.0023
-6.077,0.0025
-6.026,0.0027
-5.975,0.0029
-5.923,0.0031
-5.872,0.0033
-5.820,0.0035
-5.769,0.0037
-5.718,0.0039
-5.666,0.0041
-5.615,0.0043
-5.563,0.0045
-5.512,0.0047
-5.461,0.0049
-5.409,0.0051
-5.358,0.0053
-5.306,0.0055
-5.255,0.0057
-5.204,0.0059
-5.152,0.0061
-5.101,0.0063
-5.049,0.0065
-4.998,0.0067
-4.947,0.0069
-4.895,0.0071
-4.844,0.0073
-4.792,0.0075
-4.741,0.0077
-4.690,0.0079
-4.638,0.0081
-4.587,0.0083
-4.535,0.0085
-4.484,0.0087
-4.433,0.0089
-4.381,0.0091
-4.330,0.0093
-4.278,0.0095
-4.227,0.0097
-4.176,0.0099
-4.124,0.0100
-4.073,0.0102
-4.021,0.0104
-3.970,0.0106
-3.919,0.0108
-3.867,0.0110
-3.816,0.0115
-3.764,0.0121
-3.713,0.0127
-3.662,0.0135
-3.610,0.0142
-3.559,0.0151
-3.507,0.0161
-3.456,0.0171
-3.433,0.0175
-3.405,0.0181
-3.372,0.0188
-3.353,0.0191
-3.311,0.0200
-3.302,0.0201
-3.250,0.0212
-3.250,0.0212
-3.199,0.0222
-3.190,0.0224
-3.148,0.0232
-3.129,0.0237
-3.096,0.0243
-3.068,0.0249
-3.045,0.0253
-3.007,0.0261
-2.993,0.0264
-2.949,0.0273
-2.942,0.0274
-2.898,0.0286
-2.891,0.0287
-2.846,0.0298
-2.839,0.0299
-2.794,0.0310
-2.788,0.0312
-2.743,0.0322
-2.736,0.0324
-2.691,0.0335
-2.685,0.0336
-2.639,0.0347
-2.634,0.0349
-2.588,0.0359
-2.582,0.0364
-2.544,0.0371
-2.498,0.0384
-2.461,0.0396
-2.425,0.0408
-2.388,0.0420
-2.351,0.0432
-2.315,0.0445
-2.284,0.0457
-2.255,0.0469
-2.226,0.0481
-2.196,0.0494
-2.165,0.0506
-2.135,0.0518
-2.104,0.0530
-2.074,0.0543
-2.042,0.0555
-2.007,0.0567
-1.971,0.0579
-1.930,0.0592
-1.897,0.0604
-1.865,0.0616
-1.832,0.0628
-1.803,0.0641
-1.777,0.0653
-1.752,0.0665
-1.726,0.0677
-1.700,0.0690
-1.675,0.0702
-1.649,0.0714
-1.623,0.0726
-1.598,0.0739
-1.572,0.0751
-1.546,0.0763
-1.520,0.0775
-1.495,0.0788
-1.469,0.0800
-1.442,0.0812
-1.415,0.0824
-1.389,0.0836
-1.362,0.0849
-1.334,0.0861
-1.306,0.0873
-1.279,0.0885
-1.252,0.0898
-1.227,0.0910
-1.202,0.0922
-1.176,0.0934
-1.152,0.0947
-1.130,0.0959
-1.107,0.0971
-1.084,0.0983
-1.062,0.0996
-1.039,0.1008
-1.017,0.1020
-0.995,0.1032
-0.973,0.1045
-0.950,0.1057
-0.927,0.1069
-0.904,0.1081
-0.881,0.1094
-0.858,0.1106
-0.835,0.1118
-0.812,0.1130
-0.790,0.1143
-0.768,0.1155
-0.747,0.1167
-0.725,0.1179
-0.703,0.1191
-0.681,0.1204
-0.660,0.1216
-0.638,0.1228
-0.616,0.1240
-0.596,0.1253
-0.576,0.1265
-0.556,0.1277
-0.535,0.1289
-0.515,0.1302
-0.495,0.1314
-0.475,0.1326
-0.455,0.1338
-0.433,0.1351
-0.412,0.1363
-0.391,0.1375
-0.370,0.1387
-0.350,0.1400
-0.329,0.1412
-0.308,0.1424
-0.287,0.1436
-0.266,0.1449
-0.245,0.1461
-0.224,0.1473
-0.204,0.1485
-0.183,0.1498
-0.163,0.1510
-0.142,0.1522
-0.122,0.1534
-0.102,0.1547
-0.084,0.1559
-0.066,0.1571
-0.048,0.1583
-0.030,0.1595
-0.013,0.1608
0.005,0.1620
0.023,0.1632
0.041,0.1644
0.059,0.1657
0.077,0.1669
0.095,0.1681
0.114,0.1693
0.132,0.1706
0.150,0.1718
0.167,0.1730
0.185,0.1742
0.203,0.1755
0.221,0.1767
0.238,0.1779
0.256,0.1791
0.274,0.1804
0.292,0.1816
0.309,0.1828
0.326,0.1840
0.338,0.1853
0.351,0.1865
0.363,0.1877
0.375,0.1889
0.388,0.1902
0.400,0.1914
0.413,0.1926
0.431,0.1938
0.449,0.1950
0.467,0.1963
0.485,0.1975
0.503,0.1987
0.521,0.1999
0.539,0.2012
0.557,0.2024
0.575,0.2036
0.591,0.2048
0.606,0.2061
0.622,0.2073
0.637,0.2085
0.652,0.2097
0.667,0.2110
0.682,0.2122
0.697,0.2134
0.710,0.2146
0.722,0.2159
0.735,0.2171
0.748,0.2183
0.761,0.2195
0.773,0.2208
0.786,0.2220
0.799,0.2232
0.813,0.2244
0.828,0.2257
0.843,0.2269
0.857,0.2281
0.872,0.2293
0.887,0.2306
0.902,0.2318
0.918,0.2330
0.934,0.2342
0.952,0.2354
0.969,0.2367
0.987,0.2379
1.005,0.2391
1.022,0.2403
1.040,0.2416
1.057,0.2428
1.071,0.2440
1.084,0.2452
1.097,0.2465
1.110,0.2477
1.122,0.2489
1.135,0.2501
1.148,0.2514
1.161,0.2526
1.175,0.2538
1.190,0.2550
1.205,0.2563
1.220,0.2575
1.235,0.2587
1.250,0.2599
1.265,0.2612
1.281,0.2624
1.296,0.2636
1.314,0.2648
1.332,0.2661
1.350,0.2673
1.368,0.2685
1.386,0.2697
1.404,0.2709
1.422,0.2722
1.440,0.2734
1.458,0.2746
1.475,0.2758
1.493,0.2771
1.511,0.2783
1.528,0.2795
1.546,0.2807
1.563,0.2820
1.581,0.2832
1.598,0.2844
1.615,0.2856
1.631,0.2869
1.648,0.2881
1.665,0.2893
1.681,0.2905
1.698,0.2918
1.715,0.2930
1.732,0.2942
1.750,0.2954
1.768,0.2967
1.787,0.2979
1.805,0.2991
1.823,0.3003
1.841,0.3016
1.859,0.3028
1.877,0.3040
1.896,0.3052
1.915,0.3065
1.934,0.3077
1.952,0.3089
1.971,0.3101
1.989,0.3113
2.007,0.3126
2.025,0.3138
2.042,0.3150
2.060,0.3162
2.077,0.3175
2.095,0.3187
2.112,0.3199
2.129,0.3211
2.146,0.3224
2.164,0.3236
2.181,0.3248
2.198,0.3260
2.215,0.3273
2.232,0.3285
2.249,0.3297
2.266,0.3309
2.284,0.3322
2.301,0.3334
2.319,0.3346
2.337,0.3358
2.355,0.3371
2.372,0.3383
2.390,0.3395
2.409,0.3407
2.428,0.3420
2.446,0.3432
2.465,0.3444
2.485,0.3456
2.504,0.3468
2.523,0.3481
2.543,0.3493
2.564,0.3505
2.584,0.3517
2.604,0.3530
2.623,0.3542
2.641,0.3554
2.659,0.3566
2.678,0.3579
2.696,0.3591
2.714,0.3603
2.733,0.3615
2.752,0.3628
2.771,0.3640
2.790,0.3652
2.809,0.3664
2.829,0.3677
2.848,0.3689
2.866,0.3701
2.885,0.3713
2.903,0.3726
2.921,0.3738
2.940,0.3750
2.959,0.3762
2.979,0.3775
2.998,0.3787
3.017,0.3799
3.039,0.3811
3.062,0.3824
3.085,0.3836
3.109,0.3848
3.133,0.3860
3.156,0.3872
3.180,0.3885
3.203,0.3897
3.225,0.3909
3.247,0.3921
3.269,0.3934
3.291,0.3946
3.313,0.3958
3.335,0.3970
3.357,0.3983
3.378,0.3995
3.398,0.4007
3.417,0.4019
3.437,0.4032
3.456,0.4044
3.474,0.4056
3.493,0.4068
3.511,0.4081
3.530,0.4093
3.549,0.4105
3.569,0.4117
3.590,0.4130
3.610,0.4142
3.630,0.4154
3.650,0.4166
3.670,0.4179
3.691,0.4191
3.711,0.4203
3.732,0.4215
3.753,0.4227
3.774,0.4240
3.799,0.4252
3.824,0.4264
3.849,0.4276
3.874,0.4289
3.899,0.4301
3.924,0.4313
3.949,0.4325
3.974,0.4338
3.998,0.4350
4.021,0.4362
4.044,0.4374
4.067,0.4387
4.091,0.4399
4.114,0.4411
4.137,0.4423
4.160,0.4436
4.183,0.4448
4.207,0.4460
4.230,0.4472
4.253,0.4485
4.277,0.4497
4.300,0.4509
4.323,0.4521
4.346,0.4534
4.368,0.4546
4.390,0.4558
4.411,0.4570
4.432,0.4583
4.454,0.4595
4.477,0.4607
4.500,0.4619
4.523,0.4631
4.546,0.4644
4.569,0.4656
4.593,0.4668
4.617,0.4680
4.640,0.4693
4.663,0.4705
4.686,0.4717
4.709,0.4729
4.731,0.4742
4.753,0.4754
4.776,0.4766
4.798,0.4778
4.820,0.4791
4.842,0.4803
4.864,0.4815
4.886,0.4827
4.908,0.4840
4.930,0.4852
4.952,0.4864
4.974,0.4876
4.996,0.4889
5.018,0.4901
5.041,0.4913
5.064,0.4925
5.087,0.4938
5.110,0.4950
5.134,0.4962
5.158,0.4974
5.181,0.4986
5.208,0.4999
5.236,0.5011
5.264,0.5023
5.291,0.5035
5.320,0.5048
5.350,0.5060
5.379,0.5072
5.409,0.5084
5.433,0.5097
5.458,0.5109
5.483,0.5121
5.508,0.5133
5.532,0.5146
5.556,0.5158
5.580,0.5170
5.604,0.5182
5.629,0.5195
5.655,0.5207
5.681,0.5219
5.706,0.5231
5.732,0.5244
5.758,0.5256
5.783,0.5268
5.809,0.5280
5.834,0.5293
5.858,0.5305
5.882,0.5317
5.906,0.5329
5.930,0.5341
5.952,0.5354
5.974,0.5366
5.996,0.5378
6.018,0.5390
6.042,0.5403
6.067,0.5415
6.092,0.5427
6.117,0.5439
6.143,0.5452
6.171,0.5464
6.199,0.5476
6.226,0.5488
6.251,0.5501
6.276,0.5513
6.301,0.5525
6.326,0.5537
6.348,0.5550
6.370,0.5562
6.392,0.5574
6.414,0.5586
6.438,0.5599
6.463,0.5611
6.488,0.5623
6.513,0.5635
6.539,0.5648
6.566,0.5660
6.594,0.5672
6.622,0.5684
6.651,0.5697
6.681,0.5709
6.710,0.5721
6.740,0.5733
6.770,0.5745
6.799,0.5758
6.829,0.5770
6.858,0.5782
6.886,0.5794
6.915,0.5807
6.943,0.5819
6.972,0.5831
7.000,0.5843
7.029,0.5856
7.058,0.5868
7.088,0.5880
7.118,0.5892
7.148,0.5905
7.179,0.5917
7.209,0.5929
7.240,0.5941
7.271,0.5954
7.302,0.5966
7.334,0.5978
7.365,0.5990
7.395,0.6003
7.426,0.6015
7.456,0.6027
7.487,0.6039
7.517,0.6052
7.549,0.6064
7.580,0.6076
7.612,0.6088
7.647,0.6100
7.681,0.6113
7.715,0.6125
7.749,0.6137
7.784,0.6149
7.818,0.6162
7.852,0.6174
7.885,0.6186
7.916,0.6198
7.947,0.6211
7.977,0.6223
8.008,0.6235
8.039,0.6247
8.069,0.6260
8.100,0.6272
8.130,0.6284
8.162,0.6296
8.195,0.6309
8.227,0.6321
8.259,0.6333
8.291,0.6345
8.322,0.6358
8.354,0.6370
8.386,0.6382
8.418,0.6394
8.449,0.6407
8.480,0.6419
8.511,0.6431
8.542,0.6443
8.574,0.6456
8.605,0.6468
8.636,0.6480
8.667,0.6492
8.697,0.6504
8.727,0.6517
8.758,0.6529
8.789,0.6541
8.819,0.6553
8.850,0.6566
8.881,0.6578
8.916,0.6590
8.954,0.6602
8.993,0.6615
9.031,0.6627
9.070,0.6639
9.109,0.6651
9.151,0.6664
9.188,0.6677
9.193,0.6677
9.234,0.6688
9.240,0.6693
9.275,0.6700
9.291,0.6708
9.315,0.6713
9.355,0.6725
9.396,0.6737
9.436,0.6749
9.476,0.6762
9.516,0.6774
9.552,0.6786
9.589,0.6798
9.626,0.6811
9.663,0.6823
9.700,0.6835
9.737,0.6847
9.774,0.6859
9.811,0.6872
9.848,0.6884
9.885,0.6896
9.923,0.6908
9.960,0.6921
9.998,0.6933
10.035,0.6945
10.069,0.6957
10.101,0.6970
10.131,0.6982
10.167,0.6994
10.203,0.7006
10.239,0.7019
10.275,0.7031
10.311,0.7043
10.355,0.7055
10.370,0.7057
10.399,0.7068
10.422,0.7074
10.441,0.7080
10.473,0.7090
10.481,0.7092
10.520,0.7104
10.524,0.7105
10.559,0.7117
10.598,0.7129
10.637,0.7141
10.676,0.7153
10.714,0.7166
10.751,0.7178
10.789,0.7190
10.829,0.7202
10.869,0.7215
10.910,0.7227
10.950,0.7239
10.990,0.7251
11.029,0.7263
11.068,0.7276
11.090,0.7287
11.107,0.7288
11.145,0.7300
11.184,0.7312
11.224,0.7325
11.264,0.7337
11.304,0.7349
11.344,0.7361
11.384,0.7374
11.425,0.7386
11.466,0.7398
11.507,0.7410
11.549,0.7423
11.590,0.7435
11.631,0.7447
11.655,0.7454
11.673,0.7459
11.707,0.7469
11.716,0.7472
11.758,0.7484
11.758,0.7484
11.801,0.7496
11.809,0.7499
11.843,0.7508
11.861,0.7513
11.886,0.7521
11.912,0.7528
11.929,0.7533
11.964,0.7542
11.973,0.7545
12.015,0.7556
12.016,0.7557
12.059,0.7570
12.066,0.7571
12.103,0.7582
12.118,0.7585
12.147,0.7594
12.169,0.7599
12.192,0.7606
12.221,0.7613
12.236,0.7618
12.272,0.7628
12.280,0.7631
12.323,0.7642
12.325,0.7643
12.370,0.7655
12.375,0.7656
12.415,0.7667
12.426,0.7670
12.460,0.7680
12.478,0.7684
12.505,0.7692
12.529,0.7698
12.550,0.7704
12.580,0.7712
12.595,0.7716
12.632,0.7726
12.641,0.7729
12.683,0.7739
12.687,0.7741
12.732,0.7753
12.735,0.7753
12.778,0.7765
12.786,0.7767
12.824,0.7778
12.837,0.7781
12.870,0.7790
12.889,0.7795
12.917,0.7802
12.940,0.7808
12.963,0.7814
12.992,0.7822
13.009,0.7827
13.043,0.7836
13.056,0.7839
13.094,0.7850
13.102,0.7851
13.146,0.7863
13.149,0.7863
13.195,0.7876
13.197,0.7876
13.242,0.7888
13.249,0.7888
13.289,0.7900
13.300,0.7901
13.335,0.7912
13.351,0.7913
13.382,0.7925
13.403,0.7925
13.429,0.7937
13.454,0.7938
13.475,0.7949
13.506,0.7950
13.524,0.7961
13.557,0.7963
13.576,0.7974
13.608,0.7976
13.629,0.7986
13.660,0.7990
13.682,0.7998
13.711,0.8003
13.736,0.8010
13.763,0.8017
13.789,0.8022
13.814,0.8031
13.843,0.8035
13.865,0.8045
13.896,0.8047
13.917,0.8058
13.946,0.8059
13.968,0.8071
13.994,0.8071
14.020,0.8083
14.039,0.8084
14.071,0.8096
14.085,0.8096
14.122,0.8108
14.130,0.8108
14.174,0.8120
14.176,0.8120
14.221,0.8133
14.225,0.8133
14.266,0.8145
14.277,0.8145
14.314,0.8157
14.328,0.8157
14.365,0.8169
14.379,0.8169
14.416,0.8182
14.431,0.8182
14.467,0.8194
14.482,0.8194
14.518,0.8206
14.534,0.8207
14.570,0.8218
14.585,0.8220
14.623,0.8231
14.636,0.8232
14.676,0.8243
14.688,0.8244
14.729,0.8255
14.739,0.8257
14.782,0.8267
14.791,0.8269
14.835,0.8280
14.842,0.8281
14.890,0.8292
14.893,0.8293
14.945,0.8304
14.945,0.8305
14.996,0.8316
15.000,0.8316
15.048,0.8328
15.055,0.8329
15.099,0.8339
15.110,0.8341
15.150,0.8351
15.167,0.8353
15.202,0.8362
15.223,0.8365
15.253,0.8373
15.281,0.8377
15.305,0.8384
15.338,0.8390
15.356,0.8395
15.395,0.8402
15.407,0.8406
15.453,0.8414
15.459,0.8418
15.510,0.8428
15.512,0.8428
15.562,0.8439
15.571,0.8439
15.613,0.8450
15.631,0.8451
15.664,0.8460
15.690,0.8463
15.716,0.8471
15.750,0.8475
15.767,0.8481
15.811,0.8488
15.819,0.8492
15.870,0.8502
15.872,0.8502
15.921,0.8512
15.934,0.8512
15.973,0.8522
15.995,0.8524
16.024,0.8532
16.057,0.8537
16.076,0.8542
16.120,0.8549
16.127,0.8552
16.178,0.8562
16.230,0.8572
16.281,0.8582
16.333,0.8592
16.384,0.8602
16.435,0.8611
16.487,0.8621
16.538,0.8630
16.590,0.8640
16.641,0.8649
16.692,0.8659
16.744,0.8668
16.795,0.8678
16.847,0.8687
16.898,0.8696
16.949,0.8706
17.001,0.8715
17.052,0.8724
17.104,0.8733
17.155,0.8743
17.206,0.8752
17.258,0.8761
17.309,0.8770
17.361,0.8779
17.412,0.8789
17.463,0.8798
17.515,0.8807
17.566,0.8817
17.618,0.8826
17.669,0.8836
17.720,0.8845
17.772,0.8855
17.823,0.8864
17.875,0.8874
17.926,0.8883
17.977,0.8893
18.029,0.8904
18.080,0.8914
18.088,0.8916
18.132,0.8924
18.150,0.8928
18.183,0.8934
18.213,0.8941
18.234,0.8944
18.275,0.8953
18.286,0.8954
18.337,0.8965
18.342,0.8965
18.389,0.8976
18.440,0.8985
18.491,0.8996
18.543,0.9005
18.594,0.9014
18.646,0.9023
18.697,0.9032
18.748,0.9040
18.800,0.9047
18.851,0.9055
18.903,0.9062
18.954,0.9069
19.005,0.9076
19.057,0.9083
19.108,0.9091
19.160,0.9098
19.211,0.9106
19.262,0.9113
19.314,0.9121
19.365,0.9129
19.417,0.9136
19.468,0.9145
19.519,0.9153
19.571,0.9162
19.622,0.9171
19.674,0.9179
19.725,0.9187
19.776,0.9196
19.828,0.9204
19.879,0.9212
19.931,0.9221
19.982,0.9229
20.033,0.9237
20.085,0.9244
20.136,0.9251
20.188,0.9258
20.239,0.9264
20.290,0.9271
20.342,0.9278
20.393,0.9284
20.444,0.9291
20.496,0.9298
20.547,0.9305
20.599,0.9311
20.650,0.9318
20.701,0.9325
20.753,0.9331
20.804,0.9338
20.856,0.9345
20.907,0.9351
20.958,0.9358
21.010,0.9365
21.061,0.9371
21.113,0.9378
21.164,0.9384
21.215,0.9391
21.267,0.9398
21.318,0.9404
21.370,0.9411
21.421,0.9417
21.472,0.9424
21.524,0.9430
21.575,0.9437
21.627,0.9443
21.678,0.9450
21.729,0.9456
21.781,0.9463
21.832,0.9469
21.884,0.9476
21.935,0.9482
21.986,0.9489
22.038,0.9495
22.089,0.9502
22.141,0.9508
22.192,0.9515
22.243,0.9521
22.295,0.9528
22.346,0.9534
22.398,0.9539
22.449,0.9545
22.500,0.9551
22.552,0.9557
22.603,0.9563
22.655,0.9568
22.706,0.9574
22.757,0.9580
22.809,0.9585
22.860,0.9591
22.912,0.9597
22.963,0.9603
23.014,0.9608
23.066,0.9614
23.117,0.9620
23.169,0.9625
23.220,0.9631
23.271,0.9637
23.323,0.9642
23.374,0.9648
23.426,0.9654
23.477,0.9659
23.528,0.9665
23.580,0.9670
23.631,0.9676
23.683,0.9682
23.734,0.9687
23.785,0.9693
23.837,0.9699
23.888,0.9704
23.940,0.9710
23.991,0.9715
24.042,0.9721
24.094,0.9726
24.145,0.9732
24.197,0.9737
24.248,0.9742
24.299,0.9748
24.351,0.9753
24.402,0.9758
24.454,0.9764
24.505,0.9769
24.556,0.9774
24.608,0.9780
24.659,0.9785
24.711,0.9790
24.762,0.9796
24.813,0.9801
24.865,0.9806
24.916,0.9810
24.968,0.9815
25.019,0.9820
25.070,0.9825
25.122,0.9829
25.173,0.9834
25.225,0.9838
25.276,0.9843
25.327,0.9847
25.379,0.9852
25.430,0.9856
25.482,0.9861
25.533,0.9865
25.584,0.9870
25.636,0.9874
25.687,0.9879
25.739,0.9883
25.790,0.9888
25.841,0.9892
25.893,0.9897
25.944,0.9901
25.996,0.9906
26.047,0.9912
26.098,0.9916
26.150,0.9916
26.201,0.9917
26.253,0.9919
26.304,0.9920
26.355,0.9922
26.407,0.9923
26.458,0.9925
26.510,0.9927
26.561,0.9928
26.612,0.9930
26.664,0.9931
26.715,0.9933
26.767,0.9934
26.818,0.9936
26.869,0.9937
26.921,0.9939
26.972,0.9941
27.024,0.9942
27.075,0.9944
27.126,0.9945
27.178,0.9947
27.229,0.9948
27.281,0.9950
27.332,0.9951
27.383,0.9953
27.435,0.9955
27.486,0.9956
27.538,0.9958
27.589,0.9959
27.640,0.9961
27.692,0.9962
27.743,0.9964
27.795,0.9965
27.846,0.9967
27.897,0.9969
27.949,0.9970
28.000,0.9972
28.052,0.9973
28.103,0.9975
28.154,0.9976
28.206,0.9978
28.257,0.9979
28.309,0.9981
28.360,0.9982
28.411,0.9984
28.463,0.9986
28.514,0.9987
28.566,0.9989
28.617,0.9990
28.668,0.9992
28.720,0.9993
28.771,0.9995
28.823,0.9996
28.874,0.9998
28.925,1.0000
28.977,1.0000
29.028,1.0000
29.080,1.0000
29.131,1.0000
29.146,1.0000
29.182,1.0000
29.234,1.0000
29.285,1.0000
29.325,1.0000
29.337,1.0000
29.388,1.0000
29.439,1.0000
29.491,1.0000
29.542,1.0000
29.594,1.0000
