# TR 37.910 V19.0.0 Annex A, Figure A.5 Coupling gain and DL geometry of Urban Macro - URLLC test environment
# curve: Config. B (700 MHz), Channel model B (solid)
# extracted from the PDF vector paths; x_db, cdf
-5.855,0.0016
-5.802,0.0016
-5.749,0.0016
-5.696,0.0016
-5.644,0.0016
-5.611,0.0016
-5.591,0.0018
-5.538,0.0020
-5.537,0.0020
-5.485,0.0023
-5.443,0.0023
-5.432,0.0026
-5.380,0.0029
-5.327,0.0031
-5.274,0.0034
-5.221,0.0037
-5.169,0.0040
-5.116,0.0043
-5.063,0.0045
-5.010,0.0048
-4.958,0.0051
-4.905,0.0054
-4.852,0.0056
-4.799,0.0059
-4.747,0.0062
-4.694,0.0065
-4.641,0.0068
-4.588,0.0070
-4.536,0.0073
-4.483,0.0076
-4.430,0.0079
-4.377,0.0081
-4.324,0.0084
-4.272,0.0087
-4.219,0.0090
-4.166,0.0093
-4.113,0.0095
-4.061,0.0098
-4.008,0.0101
-3.955,0.0104
-3.902,0.0106
-3.850,0.0109
-3.797,0.0112
-3.744,0.0117
-3.691,0.0123
-3.639,0.0128
-3.586,0.0136
-3.533,0.0144
-3.480,0.0151
-3.428,0.0159
-3.375,0.0167
-3.322,0.0175
-3.269,0.0183
-3.217,0.0191
-3.164,0.0200
-3.111,0.0209
-3.058,0.0219
-3.005,0.0229
-2.967,0.0237
-2.953,0.0238
-2.900,0.0248
-2.899,0.0249
-2.847,0.0256
-2.830,0.0261
-2.794,0.0267
-2.766,0.0274
-2.742,0.0279
-2.728,0.0286
-2.689,0.0291
-2.681,0.0298
-2.636,0.0305
-2.634,0.0310
-2.587,0.0323
-2.583,0.0323
-2.540,0.0335
-2.531,0.0335
-2.493,0.0347
-2.478,0.0348
-2.446,0.0359
-2.425,0.0362
-2.397,0.0371
-2.360,0.0384
-2.320,0.0397
-2.320,0.0397
-2.279,0.0408
-2.267,0.0414
-2.238,0.0420
-2.214,0.0431
-2.197,0.0432
-2.161,0.0448
-2.156,0.0448
-2.115,0.0457
-2.075,0.0469
-2.038,0.0481
-2.003,0.0493
-1.968,0.0506
-1.933,0.0518
-1.899,0.0530
-1.864,0.0542
-1.830,0.0555
-1.799,0.0567
-1.769,0.0579
-1.741,0.0591
-1.713,0.0603
-1.685,0.0616
-1.657,0.0628
-1.629,0.0640
-1.601,0.0652
-1.573,0.0664
-1.546,0.0677
-1.518,0.0689
-1.491,0.0701
-1.464,0.0713
-1.436,0.0726
-1.409,0.0738
-1.382,0.0750
-1.355,0.0762
-1.328,0.0774
-1.302,0.0787
-1.276,0.0799
-1.249,0.0811
-1.223,0.0823
-1.197,0.0835
-1.171,0.0848
-1.146,0.0860
-1.120,0.0872
-1.095,0.0884
-1.070,0.0897
-1.045,0.0909
-1.020,0.0921
-0.995,0.0933
-0.971,0.0945
-0.946,0.0958
-0.923,0.0970
-0.899,0.0982
-0.875,0.0994
-0.851,0.1006
-0.827,0.1019
-0.804,0.1031
-0.781,0.1043
-0.758,0.1055
-0.736,0.1067
-0.713,0.1080
-0.690,0.1092
-0.668,0.1104
-0.646,0.1116
-0.624,0.1129
-0.602,0.1141
-0.580,0.1153
-0.559,0.1165
-0.537,0.1177
-0.516,0.1190
-0.495,0.1202
-0.474,0.1214
-0.453,0.1226
-0.433,0.1238
-0.413,0.1251
-0.393,0.1263
-0.373,0.1275
-0.353,0.1287
-0.333,0.1300
-0.313,0.1312
-0.294,0.1324
-0.275,0.1336
-0.256,0.1348
-0.237,0.1361
-0.218,0.1373
-0.199,0.1385
-0.181,0.1397
-0.163,0.1409
-0.145,0.1422
-0.127,0.1434
-0.109,0.1446
-0.091,0.1458
-0.074,0.1471
-0.057,0.1483
-0.040,0.1495
-0.023,0.1507
-0.006,0.1519
0.011,0.1532
0.030,0.1544
0.050,0.1556
0.070,0.1568
0.090,0.1580
0.111,0.1593
0.130,0.1605
0.149,0.1617
0.167,0.1629
0.185,0.1642
0.199,0.1654
0.212,0.1666
0.226,0.1678
0.240,0.1690
0.253,0.1703
0.267,0.1715
0.281,0.1727
0.295,0.1739
0.310,0.1751
0.325,0.1764
0.340,0.1776
0.355,0.1788
0.370,0.1800
0.386,0.1812
0.402,0.1825
0.418,0.1837
0.437,0.1849
0.455,0.1861
0.474,0.1874
0.493,0.1886
0.511,0.1898
0.530,0.1910
0.548,0.1922
0.567,0.1935
0.585,0.1947
0.602,0.1959
0.620,0.1971
0.638,0.1983
0.656,0.1996
0.674,0.2008
0.692,0.2020
0.709,0.2032
0.724,0.2045
0.738,0.2057
0.752,0.2069
0.766,0.2081
0.781,0.2093
0.795,0.2106
0.809,0.2118
0.823,0.2130
0.839,0.2142
0.857,0.2154
0.876,0.2167
0.894,0.2179
0.913,0.2191
0.932,0.2203
0.950,0.2216
0.969,0.2228
0.987,0.2240
1.005,0.2252
1.023,0.2264
1.041,0.2277
1.059,0.2289
1.077,0.2301
1.095,0.2313
1.112,0.2325
1.130,0.2338
1.144,0.2350
1.158,0.2362
1.172,0.2374
1.187,0.2386
1.201,0.2399
1.215,0.2411
1.229,0.2423
1.244,0.2435
1.262,0.2448
1.282,0.2460
1.302,0.2472
1.323,0.2484
1.343,0.2496
1.363,0.2509
1.383,0.2521
1.403,0.2533
1.421,0.2545
1.436,0.2557
1.450,0.2570
1.465,0.2582
1.480,0.2594
1.495,0.2606
1.510,0.2619
1.525,0.2631
1.544,0.2643
1.564,0.2655
1.584,0.2667
1.604,0.2680
1.625,0.2692
1.645,0.2704
1.667,0.2716
1.688,0.2728
1.709,0.2741
1.729,0.2753
1.748,0.2765
1.768,0.2777
1.787,0.2790
1.807,0.2802
1.826,0.2814
1.844,0.2826
1.863,0.2838
1.883,0.2851
1.902,0.2863
1.922,0.2875
1.941,0.2887
1.961,0.2899
1.979,0.2912
1.997,0.2924
2.016,0.2936
2.032,0.2948
2.048,0.2961
2.064,0.2973
2.081,0.2985
2.097,0.2997
2.115,0.3009
2.132,0.3022
2.150,0.3034
2.169,0.3046
2.188,0.3058
2.207,0.3070
2.225,0.3083
2.244,0.3095
2.262,0.3107
2.279,0.3119
2.296,0.3131
2.309,0.3144
2.323,0.3156
2.336,0.3168
2.349,0.3180
2.362,0.3193
2.376,0.3205
2.392,0.3217
2.408,0.3229
2.426,0.3241
2.448,0.3254
2.469,0.3266
2.490,0.3278
2.512,0.3290
2.533,0.3302
2.554,0.3315
2.574,0.3327
2.595,0.3339
2.615,0.3351
2.634,0.3364
2.654,0.3376
2.673,0.3388
2.693,0.3400
2.713,0.3412
2.732,0.3425
2.752,0.3437
2.770,0.3449
2.789,0.3461
2.808,0.3473
2.827,0.3486
2.846,0.3498
2.865,0.3510
2.885,0.3522
2.904,0.3535
2.924,0.3547
2.943,0.3559
2.963,0.3571
2.983,0.3583
3.002,0.3596
3.024,0.3608
3.045,0.3620
3.067,0.3632
3.089,0.3644
3.113,0.3657
3.136,0.3669
3.160,0.3681
3.183,0.3693
3.203,0.3705
3.223,0.3718
3.243,0.3730
3.263,0.3742
3.282,0.3754
3.301,0.3767
3.320,0.3779
3.339,0.3791
3.357,0.3803
3.376,0.3815
3.394,0.3828
3.412,0.3840
3.428,0.3852
3.444,0.3864
3.461,0.3876
3.477,0.3889
3.495,0.3901
3.515,0.3913
3.535,0.3925
3.557,0.3938
3.580,0.3950
3.602,0.3962
3.625,0.3974
3.648,0.3986
3.671,0.3999
3.693,0.4011
3.715,0.4023
3.737,0.4035
3.759,0.4047
3.782,0.4060
3.804,0.4072
3.826,0.4084
3.848,0.4096
3.872,0.4109
3.895,0.4121
3.918,0.4133
3.942,0.4145
3.965,0.4157
3.988,0.4170
4.011,0.4182
4.034,0.4194
4.054,0.4206
4.074,0.4218
4.094,0.4231
4.114,0.4243
4.134,0.4255
4.154,0.4267
4.174,0.4279
4.194,0.4292
4.216,0.4304
4.240,0.4316
4.264,0.4328
4.288,0.4341
4.312,0.4353
4.336,0.4365
4.361,0.4377
4.384,0.4389
4.408,0.4402
4.432,0.4414
4.455,0.4426
4.479,0.4438
4.502,0.4450
4.526,0.4463
4.549,0.4475
4.572,0.4487
4.596,0.4499
4.619,0.4512
4.642,0.4524
4.665,0.4536
4.688,0.4548
4.711,0.4560
4.734,0.4573
4.757,0.4585
4.780,0.4597
4.803,0.4609
4.826,0.4621
4.849,0.4634
4.872,0.4646
4.895,0.4658
4.918,0.4670
4.940,0.4683
4.963,0.4695
4.986,0.4707
5.009,0.4719
5.032,0.4731
5.054,0.4744
5.077,0.4756
5.100,0.4768
5.123,0.4780
5.145,0.4792
5.168,0.4805
5.191,0.4817
5.214,0.4829
5.237,0.4841
5.260,0.4854
5.283,0.4866
5.306,0.4878
5.329,0.4890
5.352,0.4902
5.375,0.4915
5.398,0.4927
5.421,0.4939
5.445,0.4951
5.470,0.4963
5.494,0.4976
5.519,0.4988
5.543,0.5000
5.568,0.5012
5.592,0.5024
5.617,0.5037
5.643,0.5049
5.669,0.5061
5.695,0.5073
5.721,0.5086
5.747,0.5098
5.774,0.5110
5.800,0.5122
5.827,0.5134
5.854,0.5147
5.881,0.5159
5.908,0.5171
5.935,0.5183
5.962,0.5195
5.989,0.5208
6.017,0.5220
6.044,0.5232
6.071,0.5244
6.100,0.5257
6.128,0.5269
6.157,0.5281
6.185,0.5293
6.212,0.5305
6.240,0.5318
6.267,0.5330
6.294,0.5342
6.320,0.5354
6.347,0.5366
6.373,0.5379
6.400,0.5391
6.424,0.5403
6.449,0.5415
6.473,0.5428
6.498,0.5440
6.520,0.5452
6.543,0.5464
6.566,0.5476
6.596,0.5489
6.623,0.5501
6.652,0.5513
6.681,0.5525
6.710,0.5537
6.739,0.5550
6.768,0.5562
6.798,0.5574
6.827,0.5586
6.856,0.5598
6.885,0.5611
6.914,0.5623
6.943,0.5635
6.973,0.5647
7.003,0.5660
7.033,0.5672
7.063,0.5684
7.092,0.5696
7.123,0.5708
7.153,0.5721
7.184,0.5733
7.214,0.5745
7.245,0.5757
7.275,0.5769
7.306,0.5782
7.337,0.5794
7.368,0.5806
7.399,0.5818
7.430,0.5831
7.461,0.5843
7.492,0.5855
7.523,0.5867
7.555,0.5879
7.586,0.5892
7.618,0.5904
7.650,0.5916
7.681,0.5928
7.713,0.5940
7.745,0.5953
7.776,0.5965
7.808,0.5977
7.839,0.5989
7.871,0.6002
7.902,0.6014
7.934,0.6026
7.965,0.6038
7.996,0.6050
8.028,0.6063
8.059,0.6075
8.091,0.6087
8.122,0.6099
8.153,0.6111
8.184,0.6124
8.215,0.6136
8.246,0.6148
8.277,0.6160
8.309,0.6173
8.340,0.6185
8.371,0.6197
8.402,0.6209
8.433,0.6221
8.464,0.6234
8.496,0.6246
8.527,0.6258
8.559,0.6270
8.591,0.6282
8.622,0.6295
8.654,0.6307
8.686,0.6319
8.718,0.6331
8.749,0.6343
8.783,0.6356
8.820,0.6368
8.857,0.6380
8.894,0.6392
8.931,0.6405
8.968,0.6417
9.006,0.6429
9.043,0.6441
9.078,0.6453
9.110,0.6466
9.142,0.6478
9.175,0.6490
9.207,0.6502
9.240,0.6514
9.272,0.6527
9.304,0.6539
9.337,0.6551
9.371,0.6563
9.406,0.6576
9.440,0.6588
9.475,0.6600
9.510,0.6612
9.545,0.6624
9.580,0.6637
9.615,0.6649
9.653,0.6661
9.692,0.6673
9.731,0.6685
9.770,0.6698
9.809,0.6710
9.847,0.6722
9.886,0.6734
9.921,0.6739
9.925,0.6747
9.964,0.6759
9.974,0.6759
10.003,0.6771
10.043,0.6783
10.082,0.6795
10.121,0.6808
10.160,0.6820
10.199,0.6832
10.238,0.6844
10.274,0.6856
10.308,0.6869
10.342,0.6881
10.376,0.6893
10.410,0.6905
10.444,0.6917
10.479,0.6930
10.514,0.6942
10.550,0.6954
10.591,0.6966
10.631,0.6979
10.672,0.6991
10.712,0.7003
10.753,0.7015
10.793,0.7027
10.818,0.7033
10.834,0.7040
10.871,0.7049
10.874,0.7052
10.914,0.7064
10.923,0.7066
10.954,0.7076
10.995,0.7088
11.036,0.7101
11.077,0.7113
11.118,0.7125
11.159,0.7137
11.200,0.7150
11.240,0.7162
11.280,0.7174
11.293,0.7180
11.320,0.7186
11.346,0.7195
11.360,0.7198
11.398,0.7210
11.400,0.7211
11.441,0.7223
11.451,0.7225
11.481,0.7235
11.504,0.7240
11.521,0.7247
11.557,0.7255
11.562,0.7259
11.606,0.7272
11.609,0.7272
11.650,0.7284
11.662,0.7286
11.694,0.7296
11.715,0.7301
11.738,0.7308
11.768,0.7317
11.782,0.7321
11.820,0.7332
11.826,0.7333
11.870,0.7345
11.873,0.7348
11.914,0.7357
11.926,0.7363
11.957,0.7369
11.979,0.7378
11.999,0.7382
12.031,0.7393
12.042,0.7394
12.084,0.7406
12.084,0.7408
12.127,0.7418
12.137,0.7424
12.171,0.7430
12.190,0.7439
12.214,0.7443
12.242,0.7454
12.258,0.7455
12.295,0.7468
12.301,0.7468
12.345,0.7479
12.348,0.7482
12.388,0.7492
12.401,0.7496
12.432,0.7504
12.453,0.7510
12.476,0.7516
12.506,0.7524
12.519,0.7528
12.559,0.7538
12.563,0.7540
12.606,0.7553
12.612,0.7553
12.651,0.7565
12.665,0.7565
12.698,0.7577
12.717,0.7579
12.745,0.7589
12.770,0.7593
12.792,0.7601
12.823,0.7607
12.839,0.7614
12.876,0.7621
12.886,0.7626
12.928,0.7635
12.933,0.7638
12.980,0.7650
12.981,0.7650
13.027,0.7662
13.034,0.7662
13.073,0.7675
13.087,0.7676
13.120,0.7687
13.139,0.7690
13.168,0.7699
13.192,0.7704
13.216,0.7711
13.245,0.7717
13.263,0.7724
13.298,0.7731
13.311,0.7736
13.350,0.7744
13.360,0.7748
13.403,0.7758
13.409,0.7760
13.456,0.7771
13.457,0.7772
13.506,0.7785
13.509,0.7785
13.555,0.7797
13.561,0.7797
13.604,0.7809
13.614,0.7810
13.653,0.7821
13.667,0.7823
13.703,0.7833
13.720,0.7836
13.752,0.7846
13.773,0.7849
13.802,0.7858
13.825,0.7862
13.851,0.7870
13.878,0.7874
13.903,0.7882
13.931,0.7887
13.956,0.7895
13.984,0.7900
14.009,0.7907
14.036,0.7912
14.062,0.7919
14.089,0.7925
14.116,0.7931
14.142,0.7938
14.169,0.7943
14.195,0.7950
14.222,0.7956
14.247,0.7962
14.277,0.7968
14.300,0.7974
14.332,0.7980
14.353,0.7986
14.386,0.7992
14.406,0.7998
14.441,0.8004
14.458,0.8009
14.496,0.8017
14.511,0.8021
14.551,0.8029
14.564,0.8033
14.607,0.8041
14.617,0.8044
14.663,0.8053
14.669,0.8056
14.719,0.8066
14.722,0.8067
14.775,0.8079
14.776,0.8079
14.828,0.8090
14.832,0.8090
14.881,0.8102
14.888,0.8102
14.933,0.8113
14.945,0.8114
14.986,0.8124
15.003,0.8127
15.039,0.8135
15.060,0.8139
15.092,0.8146
15.118,0.8151
15.144,0.8158
15.175,0.8163
15.197,0.8169
15.233,0.8175
15.250,0.8180
15.291,0.8188
15.303,0.8191
15.350,0.8200
15.355,0.8202
15.408,0.8213
15.409,0.8213
15.461,0.8224
15.467,0.8224
15.514,0.8235
15.526,0.8236
15.566,0.8246
15.585,0.8249
15.619,0.8257
15.644,0.8261
15.672,0.8267
15.704,0.8273
15.725,0.8278
15.764,0.8285
15.777,0.8289
15.823,0.8298
15.830,0.8300
15.883,0.8310
15.883,0.8310
15.936,0.8321
15.943,0.8322
15.988,0.8332
16.003,0.8334
16.041,0.8342
16.064,0.8346
16.094,0.8353
16.124,0.8359
16.147,0.8364
16.185,0.8371
16.200,0.8374
16.245,0.8383
16.252,0.8385
16.305,0.8395
16.306,0.8395
16.358,0.8405
16.367,0.8407
16.411,0.8416
16.428,0.8420
16.463,0.8426
16.490,0.8432
16.516,0.8436
16.551,0.8444
16.569,0.8446
16.612,0.8456
16.622,0.8457
16.674,0.8469
16.674,0.8469
16.727,0.8477
16.737,0.8481
16.780,0.8488
16.800,0.8493
16.833,0.8499
16.863,0.8505
16.885,0.8510
16.926,0.8517
16.938,0.8521
16.989,0.8530
16.991,0.8532
17.044,0.8542
17.052,0.8542
17.096,0.8553
17.115,0.8554
17.149,0.8564
17.177,0.8566
17.202,0.8575
17.236,0.8578
17.255,0.8586
17.295,0.8591
17.308,0.8596
17.355,0.8603
17.360,0.8607
17.413,0.8618
17.414,0.8618
17.466,0.8628
17.473,0.8628
17.519,0.8639
17.532,0.8640
17.571,0.8649
17.591,0.8652
17.624,0.8660
17.650,0.8664
17.677,0.8670
17.710,0.8676
17.730,0.8681
17.770,0.8688
17.782,0.8691
17.831,0.8701
17.835,0.8701
17.888,0.8711
17.891,0.8713
17.941,0.8722
17.951,0.8725
17.993,0.8732
18.012,0.8737
18.046,0.8742
18.072,0.8749
18.099,0.8752
18.133,0.8762
18.152,0.8763
18.196,0.8774
18.204,0.8774
18.257,0.8783
18.260,0.8786
18.310,0.8793
18.324,0.8798
18.363,0.8803
18.389,0.8810
18.415,0.8813
18.453,0.8823
18.468,0.8823
18.517,0.8835
18.521,0.8835
18.574,0.8843
18.581,0.8847
18.627,0.8853
18.647,0.8859
18.679,0.8863
18.713,0.8872
18.732,0.8872
18.783,0.8884
18.785,0.8884
18.838,0.8891
18.853,0.8896
18.890,0.8901
18.924,0.8908
18.943,0.8910
18.994,0.8920
18.996,0.8920
19.049,0.8929
19.064,0.8933
19.101,0.8939
19.136,0.8945
19.154,0.8948
19.207,0.8957
19.260,0.8966
19.312,0.8974
19.365,0.8983
19.418,0.8992
19.471,0.9000
19.523,0.9009
19.576,0.9018
19.629,0.9026
19.682,0.9035
19.735,0.9043
19.787,0.9051
19.840,0.9060
19.893,0.9068
19.946,0.9076
19.998,0.9084
20.051,0.9093
20.104,0.9101
20.157,0.9109
20.209,0.9117
20.262,0.9125
20.315,0.9133
20.368,0.9141
20.420,0.9149
20.473,0.9156
20.526,0.9164
20.579,0.9172
20.631,0.9180
20.684,0.9188
20.737,0.9195
20.790,0.9203
20.842,0.9211
20.895,0.9218
20.948,0.9226
21.001,0.9233
21.054,0.9241
21.106,0.9248
21.159,0.9256
21.212,0.9263
21.265,0.9271
21.317,0.9278
21.370,0.9286
21.423,0.9293
21.476,0.9300
21.528,0.9307
21.581,0.9315
21.634,0.9322
21.687,0.9329
21.739,0.9337
21.792,0.9344
21.845,0.9351
21.898,0.9358
21.950,0.9365
22.003,0.9373
22.056,0.9380
22.109,0.9387
22.162,0.9394
22.214,0.9401
22.267,0.9408
22.320,0.9415
22.373,0.9422
22.425,0.9429
22.478,0.9436
22.531,0.9443
22.584,0.9451
22.636,0.9458
22.689,0.9465
22.742,0.9472
22.795,0.9479
22.847,0.9486
22.900,0.9493
22.953,0.9499
23.006,0.9506
23.058,0.9512
23.111,0.9518
23.164,0.9525
23.217,0.9531
23.269,0.9538
23.322,0.9544
23.375,0.9551
23.428,0.9557
23.481,0.9564
23.533,0.9570
23.586,0.9576
23.639,0.9583
23.692,0.9589
23.744,0.9596
23.797,0.9602
23.850,0.9609
23.903,0.9616
23.955,0.9622
24.008,0.9629
24.061,0.9636
24.114,0.9642
24.166,0.9649
24.219,0.9655
24.272,0.9662
24.325,0.9668
24.377,0.9675
24.430,0.9682
24.483,0.9688
24.536,0.9695
24.589,0.9701
24.641,0.9708
24.694,0.9714
24.747,0.9721
24.800,0.9727
24.852,0.9734
24.905,0.9740
24.958,0.9746
25.011,0.9753
25.063,0.9759
25.116,0.9765
25.169,0.9772
25.222,0.9778
25.274,0.9785
25.327,0.9791
25.380,0.9797
25.433,0.9803
25.485,0.9810
25.538,0.9816
25.591,0.9822
25.644,0.9828
25.697,0.9834
25.749,0.9840
25.802,0.9846
25.855,0.9851
25.908,0.9857
25.960,0.9863
26.013,0.9869
26.066,0.9875
26.119,0.9881
26.171,0.9887
26.224,0.9893
26.277,0.9899
26.330,0.9904
26.382,0.9911
26.435,0.9914
26.488,0.9918
26.541,0.9920
26.593,0.9922
26.646,0.9924
26.699,0.9926
26.752,0.9928
26.804,0.9930
26.857,0.9932
26.910,0.9934
26.963,0.9936
27.016,0.9938
27.068,0.9940
27.121,0.9942
27.174,0.9944
27.227,0.9946
27.279,0.9948
27.332,0.9950
27.385,0.9952
27.438,0.9954
27.490,0.9956
27.543,0.9958
27.596,0.9960
27.649,0.9962
27.701,0.9964
27.754,0.9966
27.807,0.9968
27.860,0.9970
27.912,0.9972
27.965,0.9974
28.018,0.9976
28.071,0.9978
28.124,0.9980
28.176,0.9982
28.229,0.9984
28.282,0.9986
28.335,0.9988
28.387,0.9990
28.440,0.9992
28.493,0.9994
28.546,0.9996
28.598,0.9998
28.651,1.0000
28.704,1.0000
28.757,1.0000
28.809,1.0000
28.862,1.0000
28.872,1.0000
28.915,1.0000
28.968,1.0000
29.002,1.0000
29.020,1.0000
29.073,1.0000
29.126,1.0000
29.179,1.0000
29.231,1.0000
29.284,1.0000
