# RP-180524 attachment, 02.DenseUrban-eMBB_CouplingGain_and_DLgeometry_v22.xlsx, sheet DenseUrban_4GHz_ModelA
pct,mean,min,max,Huawei,CATT,CATR,OPPO,ZTE(v1),Intel,MediaTek,CMCC,ITRI,LGE,Sharp,China Telecom,Motorola/Lenovo,Nokia,NEC,Ericsson
0.000,-3.127,-5.982,0.190,-3.578,-3.589,-3.421,0.190,-5.982,-3.164,-3.080,-3.087,-2.010,-3.540,-5.115,-1.625,-3.519,-2.242,-3.607,-2.661
1.000,-0.004,-1.477,1.060,0.095,-0.059,0.201,1.060,-1.477,0.260,0.597,-0.379,-0.011,-0.405,-0.237,0.097,-0.442,0.227,0.119,0.285
2.000,0.770,0.085,1.617,0.625,0.638,0.762,1.540,0.523,1.122,1.617,0.400,0.603,0.319,0.419,1.019,0.085,0.992,0.570,1.088
3.000,1.416,0.548,2.539,1.222,1.274,1.359,2.140,1.452,1.724,2.539,1.033,1.711,0.910,0.985,1.365,0.548,1.652,1.017,1.717
4.000,1.980,1.125,3.663,1.721,1.640,1.919,2.710,1.709,2.231,3.663,1.806,2.202,1.429,1.486,2.110,1.125,2.081,1.553,2.299
5.000,2.417,1.554,3.982,2.193,1.969,2.353,3.140,1.937,2.687,3.982,2.216,2.542,1.884,1.925,2.558,1.554,2.769,2.107,2.853
6.000,2.904,1.932,4.516,2.558,2.343,2.849,3.580,2.458,3.095,4.516,2.843,3.012,2.340,2.410,3.120,1.932,3.378,2.691,3.346
7.000,3.284,2.352,4.679,2.903,2.744,3.246,3.840,3.187,3.482,4.679,3.215,3.331,2.715,2.827,3.419,2.352,3.622,3.228,3.759
8.000,3.694,2.855,5.157,3.280,3.080,3.532,4.240,3.646,3.822,5.157,3.651,3.886,3.045,3.245,3.843,2.855,4.116,3.560,4.148
9.000,4.070,3.259,5.415,3.638,3.459,3.854,4.620,4.074,4.268,5.415,3.997,4.190,3.409,3.575,4.207,3.259,4.554,4.039,4.568
10.000,4.443,3.675,5.974,4.092,3.875,4.149,4.980,4.265,4.645,5.974,4.344,4.658,3.741,3.890,4.573,3.675,4.850,4.518,4.858
11.000,4.808,3.994,6.284,4.376,4.370,4.585,5.220,4.553,5.073,6.284,4.956,4.911,4.099,4.210,4.936,3.994,5.219,4.971,5.175
12.000,5.142,4.374,6.828,4.628,4.715,4.873,5.430,5.075,5.474,6.828,5.193,5.186,4.382,4.469,5.192,4.374,5.625,5.336,5.491
13.000,5.467,4.682,6.958,4.948,4.968,5.282,5.720,5.292,5.808,6.958,5.554,5.582,4.682,4.764,5.768,4.765,5.855,5.703,5.827
14.000,5.789,4.967,7.232,5.265,5.245,5.641,5.970,5.749,6.221,7.232,5.792,5.992,4.967,5.054,6.093,5.006,6.091,6.148,6.156
15.000,6.139,5.263,7.740,5.621,5.511,5.947,6.240,6.502,6.515,7.740,6.008,6.319,5.263,5.383,6.341,5.350,6.506,6.532,6.440
16.000,6.457,5.524,7.970,5.911,5.874,6.227,6.490,6.967,6.878,7.970,6.346,6.619,5.524,5.643,6.656,5.710,6.723,6.974,6.808
17.000,6.743,5.821,8.128,6.210,6.152,6.494,6.690,7.263,7.259,8.128,6.706,6.908,5.821,5.936,6.997,5.966,6.967,7.312,7.080
18.000,7.034,6.100,8.351,6.474,6.431,6.749,6.880,7.516,7.595,8.351,7.261,7.050,6.100,6.229,7.490,6.192,7.230,7.662,7.329
19.000,7.299,6.397,8.639,6.725,6.724,7.004,7.160,7.805,7.856,8.639,7.503,7.141,6.397,6.527,7.756,6.466,7.350,8.061,7.666
20.000,7.575,6.626,8.777,6.972,6.990,7.267,7.550,8.194,8.226,8.777,7.812,7.310,6.626,6.800,7.953,6.776,7.553,8.373,8.022
21.000,7.829,6.860,8.920,7.183,7.251,7.515,7.840,8.387,8.538,8.920,8.070,7.527,6.860,7.101,8.226,7.000,7.899,8.615,8.333
22.000,8.114,7.148,9.322,7.521,7.430,7.856,8.100,8.719,8.846,9.322,8.309,7.616,7.148,7.393,8.571,7.262,8.139,8.897,8.700
23.000,8.397,7.425,9.505,7.842,7.729,8.183,8.380,9.139,9.120,9.505,8.559,7.805,7.425,7.651,8.839,7.513,8.448,9.221,8.994
24.000,8.635,7.638,9.724,8.171,8.052,8.427,8.530,9.280,9.324,9.724,8.674,7.923,7.638,7.887,9.178,7.822,8.674,9.563,9.286
25.000,8.890,7.879,10.084,8.420,8.413,8.667,8.730,9.468,9.540,10.084,8.895,8.292,7.879,8.169,9.378,7.986,8.914,9.823,9.589
26.000,9.154,8.130,10.383,8.700,8.622,8.941,9.060,9.658,9.916,10.383,9.180,8.381,8.130,8.438,9.644,8.297,9.122,10.091,9.897
27.000,9.407,8.362,10.541,9.027,8.893,9.200,9.320,9.765,10.161,10.541,9.494,8.547,8.362,8.663,9.981,8.605,9.376,10.399,10.183
28.000,9.674,8.596,10.919,9.279,9.207,9.470,9.530,10.023,10.411,10.919,9.751,8.803,8.596,8.910,10.266,8.834,9.666,10.660,10.462
29.000,9.941,8.921,11.128,9.514,9.572,9.735,9.810,10.247,10.750,11.128,10.021,9.084,8.921,9.185,10.445,9.048,9.934,10.960,10.703
30.000,10.212,9.160,11.328,9.809,9.852,9.973,10.210,10.459,11.071,11.328,10.322,9.365,9.160,9.432,10.698,9.311,10.151,11.230,11.017
31.000,10.470,9.407,11.583,9.978,10.188,10.227,10.490,10.805,11.301,11.583,10.631,9.675,9.407,9.647,10.944,9.529,10.335,11.475,11.312
32.000,10.728,9.633,11.806,10.198,10.419,10.519,10.870,11.028,11.601,11.806,10.881,9.953,9.633,9.870,11.164,9.799,10.589,11.714,11.602
33.000,10.981,9.844,12.181,10.469,10.696,10.800,11.080,11.234,11.865,12.181,11.116,10.319,9.844,10.105,11.368,9.950,10.848,11.908,11.910
34.000,11.239,10.086,12.417,10.787,10.909,11.050,11.250,11.448,12.106,12.417,11.576,10.610,10.086,10.385,11.634,10.176,11.111,12.148,12.137
35.000,11.491,10.324,12.574,11.002,11.214,11.279,11.460,11.747,12.349,12.574,11.747,11.060,10.324,10.643,11.914,10.396,11.350,12.400,12.396
36.000,11.742,10.561,12.854,11.201,11.423,11.531,11.770,11.973,12.595,12.854,12.019,11.293,10.561,10.893,12.182,10.782,11.526,12.634,12.642
37.000,11.996,10.817,13.023,11.509,11.705,11.756,12.010,12.120,12.953,13.023,12.239,11.577,10.817,11.148,12.469,11.027,11.715,12.935,12.930
38.000,12.235,11.022,13.329,11.779,11.944,12.050,12.280,12.259,13.329,13.133,12.451,11.772,11.022,11.379,12.613,11.455,11.946,13.152,13.195
39.000,12.449,11.288,13.573,12.074,12.165,12.288,12.560,12.362,13.573,13.385,12.591,11.888,11.288,11.615,12.852,11.641,12.135,13.335,13.440
40.000,12.705,11.547,13.894,12.409,12.373,12.545,12.750,12.576,13.894,13.615,12.931,12.126,11.547,11.879,13.120,11.901,12.398,13.548,13.674
41.000,12.921,11.794,14.037,12.632,12.617,12.821,12.970,12.749,14.037,13.742,13.178,12.427,11.794,12.112,13.305,12.132,12.569,13.751,13.905
42.000,13.156,11.994,14.287,12.846,12.870,13.049,13.200,12.851,14.287,14.151,13.367,12.578,11.994,12.370,13.559,12.387,12.767,14.009,14.209
43.000,13.383,12.249,14.530,13.090,13.083,13.296,13.460,12.935,14.502,14.381,13.501,12.796,12.249,12.613,13.881,12.693,12.915,14.201,14.530
44.000,13.641,12.502,14.766,13.360,13.355,13.604,13.740,13.203,14.742,14.627,13.841,13.099,12.502,12.844,14.168,12.911,13.127,14.369,14.766
45.000,13.943,12.736,15.019,13.608,13.603,13.889,14.060,13.542,14.995,14.806,14.178,13.863,12.736,13.101,14.466,13.142,13.524,14.551,15.019
46.000,14.190,12.984,15.302,13.823,13.857,14.167,14.280,13.947,15.169,15.140,14.394,14.072,12.984,13.325,14.727,13.399,13.657,14.791,15.302
47.000,14.461,13.253,15.568,14.103,14.131,14.422,14.610,14.250,15.431,15.395,14.701,14.324,13.253,13.562,15.033,13.714,13.902,14.974,15.568
48.000,14.707,13.484,15.857,14.398,14.461,14.708,14.810,14.425,15.657,15.571,14.953,14.587,13.484,13.817,15.252,13.924,14.146,15.263,15.857
49.000,14.930,13.717,16.142,14.666,14.781,14.960,15.100,14.515,15.857,15.773,15.181,14.751,13.717,14.033,15.488,14.101,14.349,15.464,16.142
50.000,15.168,13.918,16.406,14.896,14.959,15.221,15.390,14.692,16.101,16.089,15.329,15.058,13.918,14.283,15.679,14.422,14.576,15.661,16.406
51.000,15.428,14.143,16.688,15.220,15.183,15.433,15.670,15.038,16.317,16.387,15.589,15.322,14.143,14.559,15.950,14.687,14.788,15.879,16.688
52.000,15.661,14.379,16.962,15.496,15.515,15.686,15.860,15.354,16.603,16.438,15.857,15.452,14.379,14.819,16.153,14.986,14.935,16.077,16.962
53.000,15.916,14.583,17.214,15.786,15.795,15.908,16.070,15.642,16.876,16.684,16.129,15.592,14.583,15.076,16.389,15.441,15.175,16.289,17.214
54.000,16.167,14.837,17.449,16.076,16.023,16.179,16.400,15.880,17.186,16.847,16.388,15.912,14.837,15.354,16.676,15.634,15.300,16.529,17.449
55.000,16.427,15.095,17.707,16.304,16.416,16.469,16.600,16.302,17.398,17.094,16.561,16.248,15.095,15.613,16.884,15.877,15.531,16.738,17.707
56.000,16.692,15.363,17.993,16.565,16.686,16.764,16.920,16.617,17.655,17.326,16.705,16.495,15.363,15.873,17.197,16.209,15.761,16.942,17.993
57.000,16.924,15.633,18.238,16.867,16.914,17.039,17.140,16.751,17.918,17.498,16.947,16.614,15.633,16.107,17.492,16.483,16.001,17.148,18.238
58.000,17.192,15.880,18.520,17.111,17.275,17.324,17.360,16.974,18.230,17.972,17.128,16.828,15.880,16.322,17.774,16.753,16.246,17.372,18.520
59.000,17.433,16.174,18.767,17.329,17.685,17.548,17.630,17.177,18.497,18.087,17.409,16.927,16.174,16.562,18.041,17.025,16.490,17.576,18.767
60.000,17.679,16.451,19.077,17.594,17.911,17.891,17.910,17.346,18.829,18.294,17.673,16.977,16.451,16.808,18.284,17.273,16.712,17.832,19.077
61.000,17.934,16.714,19.341,17.816,18.135,18.156,18.170,17.621,19.184,18.567,17.905,17.085,16.714,17.060,18.535,17.564,17.062,18.027,19.341
62.000,18.188,16.989,19.597,18.083,18.452,18.420,18.440,17.776,19.377,18.834,18.214,17.315,16.989,17.302,18.715,17.800,17.491,18.197,19.597
63.000,18.475,17.258,19.857,18.417,18.804,18.687,18.760,18.060,19.671,19.013,18.461,17.612,17.258,17.574,19.050,18.272,17.713,18.392,19.857
64.000,18.755,17.543,20.147,18.698,19.112,18.997,19.030,18.243,19.958,19.319,18.713,18.135,17.543,17.884,19.294,18.566,17.814,18.622,20.147
65.000,19.050,17.846,20.464,18.986,19.481,19.304,19.320,18.452,20.316,19.537,18.987,18.514,17.846,18.140,19.591,18.977,18.013,18.868,20.464
66.000,19.340,18.155,20.780,19.273,19.713,19.561,19.550,18.740,20.581,19.793,19.373,18.892,18.155,18.445,19.946,19.274,18.211,19.154,20.780
67.000,19.624,18.391,21.103,19.590,20.044,19.854,19.840,19.013,20.907,20.071,19.566,19.164,18.459,18.737,20.218,19.657,18.391,19.376,21.103
68.000,19.892,18.571,21.433,19.871,20.272,20.159,20.150,19.174,21.209,20.223,19.884,19.556,18.746,19.001,20.426,19.989,18.571,19.611,21.433
69.000,20.203,18.848,21.759,20.147,20.564,20.464,20.580,19.407,21.438,20.620,20.259,19.857,19.080,19.322,20.763,20.256,18.848,19.881,21.759
70.000,20.533,19.162,22.070,20.518,20.862,20.770,20.850,19.886,21.825,20.821,20.489,20.147,19.425,19.681,21.324,20.567,19.162,20.129,22.070
71.000,20.823,19.439,22.373,20.811,21.160,21.108,21.140,20.071,22.195,21.087,20.795,20.441,19.775,19.968,21.624,20.783,19.439,20.396,22.373
72.000,21.156,19.697,22.693,21.125,21.579,21.418,21.460,20.517,22.580,21.313,21.136,20.807,20.104,20.307,21.858,21.169,19.697,20.738,22.693
73.000,21.474,20.108,23.055,21.431,21.895,21.727,21.750,20.713,22.843,21.799,21.558,21.050,20.408,20.629,22.158,21.426,20.108,21.029,23.055
74.000,21.797,20.454,23.389,21.683,22.226,22.192,22.060,21.022,23.130,21.954,21.758,21.626,20.691,20.989,22.537,21.725,20.454,21.320,23.389
75.000,22.113,20.657,23.802,22.045,22.552,22.544,22.420,21.243,23.458,22.238,22.058,21.900,20.998,21.320,22.787,22.104,20.657,21.683,23.802
76.000,22.426,20.989,24.154,22.419,22.934,22.858,22.700,21.542,23.688,22.558,22.269,22.140,21.310,21.677,23.207,22.432,20.989,21.946,24.154
77.000,22.785,21.330,24.530,22.824,23.373,23.154,23.040,21.948,24.077,22.687,22.681,22.681,21.731,22.033,23.572,22.713,21.330,22.192,24.530
78.000,23.129,21.621,24.922,23.240,23.823,23.471,23.310,22.325,24.361,23.029,23.245,22.824,22.050,22.498,23.924,22.961,21.621,22.462,24.922
79.000,23.473,21.948,25.313,23.594,24.237,23.846,23.560,22.631,24.725,23.370,23.510,23.031,22.448,22.883,24.478,23.269,21.948,22.729,25.313
80.000,23.853,22.211,25.742,23.962,24.679,24.212,23.900,23.232,25.030,23.525,23.867,23.590,22.850,23.276,24.947,23.575,22.211,23.054,25.742
81.000,24.230,22.724,26.095,24.338,25.079,24.595,24.330,23.501,25.442,23.798,24.208,23.950,23.297,23.653,25.467,23.836,22.724,23.369,26.095
82.000,24.608,23.125,26.523,24.727,25.454,24.976,24.690,23.794,25.885,24.210,24.548,24.170,23.652,24.054,25.953,24.148,23.125,23.811,26.523
83.000,25.006,23.393,26.976,25.158,25.825,25.399,24.950,24.207,26.317,24.546,24.973,24.775,24.126,24.461,26.444,24.452,23.393,24.101,26.976
84.000,25.436,23.762,27.397,25.582,26.163,25.828,25.400,24.534,26.613,24.874,25.629,25.312,24.590,24.868,26.993,24.931,23.762,24.497,27.397
85.000,25.847,24.048,27.806,26.085,26.464,26.354,25.810,24.984,27.146,25.235,26.056,25.557,24.992,25.200,27.624,25.331,24.048,24.860,27.806
86.000,26.278,24.472,28.281,26.545,27.097,26.742,26.240,25.325,27.570,25.674,26.373,25.944,25.452,25.687,28.100,25.605,24.472,25.344,28.281
87.000,26.755,24.915,28.811,27.052,27.569,27.190,26.620,25.861,28.070,26.024,27.011,26.262,25.923,26.161,28.703,26.055,24.915,25.855,28.811
88.000,27.261,25.400,29.321,27.574,28.014,27.731,27.190,26.378,28.617,26.373,27.457,26.703,26.491,26.699,29.321,26.572,25.400,26.332,29.319
89.000,27.756,25.769,30.066,28.164,28.398,28.296,27.680,26.628,29.076,26.851,27.788,27.140,27.037,27.168,30.066,27.214,25.769,26.824,29.989
90.000,28.361,26.230,31.002,28.665,29.163,28.935,28.510,26.999,29.707,27.284,28.425,27.555,27.629,27.733,31.002,27.788,26.230,27.446,30.710
91.000,29.033,26.885,31.755,29.249,29.878,29.796,29.190,28.042,30.299,27.771,29.120,27.888,28.424,28.343,31.755,28.405,26.885,28.102,31.377
92.000,29.766,27.517,32.575,29.935,30.654,30.633,29.710,28.599,31.022,28.544,29.730,28.995,29.185,29.006,32.575,28.996,27.517,28.793,32.359
93.000,30.555,28.260,33.329,30.855,31.674,31.465,30.750,29.257,31.620,29.308,30.623,29.693,29.964,29.749,33.329,29.654,28.260,29.517,33.166
94.000,31.372,28.758,34.317,31.478,32.888,32.250,31.540,30.128,32.166,29.710,31.475,30.820,30.924,30.555,34.317,30.449,28.758,30.440,34.047
95.000,32.428,29.321,35.282,32.459,33.939,33.148,32.750,31.719,32.983,30.258,32.786,32.956,31.874,31.365,35.282,31.465,29.321,31.377,35.164
96.000,33.448,30.359,36.283,33.729,34.804,34.376,34.030,32.302,34.067,31.210,33.928,33.607,32.983,32.394,35.950,32.706,30.359,32.439,36.283
97.000,34.708,31.471,37.210,35.100,36.251,35.744,35.650,32.977,35.035,33.191,35.114,34.326,34.481,33.701,37.126,34.175,31.471,33.772,37.210
98.000,36.500,33.525,38.705,36.804,37.766,37.205,38.700,34.440,36.834,34.988,36.812,36.762,36.368,35.196,38.446,35.666,33.525,35.789,38.705
99.000,39.463,35.901,45.900,39.745,40.505,39.645,45.900,37.988,39.150,38.092,39.797,38.564,39.211,37.844,40.889,38.429,35.901,38.413,41.330
100.000,48.910,41.976,57.881,52.136,52.197,53.216,46.240,45.968,45.721,41.976,48.498,43.604,57.881,49.277,47.868,44.777,43.896,52.265,57.046
