# RP-180524 attachment, 02.DenseUrban-eMBB_CouplingGain_and_DLgeometry_v22.xlsx, sheet DenseUrban_30GHz
pct,mean,min,max,Huawei,CATT,CATR,OPPO,Intel,Samsung,NTT DOCOMO,MediaTek,CMCC,ITRI,LGE,Sharp,ZTE,China Telecom,Motorola/Lenovo,Nokia,NEC,Ericsson
0.000,-159.832,-170.685,-147.410,-161.690,-153.626,-167.209,-147.410,-158.191,-164.052,-160.843,-151.676,-148.056,-154.637,-168.532,-170.685,-167.666,-163.820,-158.217,-162.882,-155.139,-162.639
1.000,-146.273,-150.309,-141.351,-146.613,-142.999,-145.386,-142.820,-146.208,-148.226,-146.242,-146.510,-142.891,-146.227,-147.084,-148.652,-147.477,-149.038,-146.441,-150.309,-141.351,-148.441
2.000,-142.317,-147.960,-137.079,-142.561,-139.855,-141.459,-139.610,-142.081,-143.748,-142.125,-140.202,-139.944,-142.403,-142.788,-144.756,-142.780,-144.400,-143.770,-147.960,-137.079,-144.179
3.000,-139.175,-143.388,-134.795,-138.662,-137.736,-138.355,-136.760,-138.824,-140.762,-139.172,-136.484,-138.076,-140.224,-139.556,-141.975,-140.402,-141.543,-141.187,-143.388,-134.795,-137.254
4.000,-136.908,-140.059,-132.965,-136.139,-135.632,-136.051,-133.900,-135.903,-138.723,-137.395,-136.211,-134.446,-138.684,-137.052,-139.799,-138.614,-138.952,-138.407,-140.059,-132.965,-135.417
5.000,-135.039,-137.952,-131.088,-134.470,-133.964,-134.111,-132.530,-134.295,-137.131,-135.903,-134.194,-132.934,-136.566,-135.143,-137.952,-136.177,-136.889,-136.265,-137.918,-131.088,-133.169
6.000,-133.424,-137.074,-129.515,-132.973,-132.475,-132.645,-131.040,-132.909,-135.451,-134.201,-132.422,-129.737,-135.383,-133.383,-136.455,-134.470,-134.975,-135.238,-137.074,-129.515,-131.288
7.000,-131.998,-136.049,-128.171,-131.793,-131.437,-131.239,-129.660,-131.614,-133.967,-133.042,-130.969,-128.599,-133.229,-132.083,-134.949,-132.683,-133.136,-133.156,-136.049,-128.171,-130.198
8.000,-130.829,-133.935,-127.075,-130.535,-130.512,-129.736,-128.330,-130.552,-132.848,-131.772,-130.088,-127.850,-132.831,-130.646,-133.549,-131.499,-132.370,-131.808,-133.935,-127.075,-128.990
9.000,-129.565,-132.429,-125.931,-129.204,-128.986,-128.202,-127.500,-129.320,-131.559,-130.507,-129.130,-126.850,-132.020,-129.309,-132.196,-129.996,-131.000,-130.402,-132.429,-125.931,-127.628
10.000,-128.451,-131.459,-124.759,-127.910,-127.883,-127.185,-126.470,-128.216,-130.502,-129.547,-128.717,-124.913,-130.652,-128.086,-131.088,-128.907,-129.835,-129.348,-131.459,-124.759,-126.631
11.000,-127.467,-130.570,-124.177,-126.798,-126.818,-126.393,-125.280,-127.336,-129.551,-128.550,-127.377,-124.424,-129.029,-127.027,-130.125,-128.110,-128.711,-128.075,-130.570,-124.177,-126.056
12.000,-126.587,-129.998,-123.533,-125.930,-126.136,-125.459,-124.620,-126.328,-128.679,-127.332,-126.397,-123.870,-128.106,-126.097,-129.245,-126.810,-127.345,-127.278,-129.998,-123.533,-125.411
13.000,-125.791,-129.118,-122.933,-125.131,-125.466,-124.566,-124.050,-125.697,-127.760,-126.359,-125.638,-123.234,-127.006,-125.278,-128.428,-126.025,-126.494,-126.383,-129.118,-122.933,-124.673
14.000,-125.035,-128.629,-122.194,-124.248,-124.601,-124.012,-123.260,-124.982,-126.858,-125.661,-124.928,-122.479,-125.777,-124.552,-127.531,-125.333,-125.844,-125.648,-128.629,-122.194,-124.100
15.000,-124.311,-127.477,-121.643,-123.516,-123.712,-123.459,-122.670,-123.798,-126.080,-125.053,-124.693,-121.955,-125.319,-123.785,-126.793,-124.535,-124.974,-124.651,-127.477,-121.643,-123.489
16.000,-123.691,-127.014,-121.028,-122.743,-122.952,-122.806,-122.070,-123.136,-125.297,-124.322,-124.170,-121.687,-124.798,-123.103,-126.095,-123.594,-124.528,-124.220,-127.014,-121.028,-122.876
17.000,-123.004,-126.279,-120.430,-122.131,-122.389,-121.963,-121.250,-122.462,-124.609,-123.723,-123.345,-121.059,-123.810,-122.610,-125.383,-123.097,-123.574,-123.617,-126.279,-120.430,-122.338
18.000,-122.396,-125.880,-119.984,-121.579,-121.548,-121.383,-120.660,-121.489,-124.031,-123.168,-123.096,-120.544,-123.325,-121.918,-124.776,-122.380,-122.649,-123.106,-125.880,-119.984,-121.612
19.000,-121.782,-125.064,-119.336,-120.975,-120.899,-120.780,-120.340,-120.750,-123.406,-122.523,-122.279,-120.137,-122.974,-121.284,-124.108,-122.022,-121.963,-122.532,-125.064,-119.336,-120.706
20.000,-121.199,-124.537,-118.824,-120.400,-120.453,-120.056,-119.590,-120.208,-122.782,-121.930,-121.925,-119.640,-122.484,-120.732,-123.579,-121.627,-120.998,-121.959,-124.537,-118.824,-119.851
21.000,-120.639,-124.147,-118.335,-119.862,-119.756,-119.408,-119.100,-119.550,-122.172,-121.422,-121.467,-119.392,-121.926,-120.201,-123.025,-121.041,-120.406,-121.163,-124.147,-118.335,-119.122
22.000,-120.096,-123.231,-117.877,-119.367,-119.177,-119.028,-118.540,-118.986,-121.591,-120.836,-120.894,-118.997,-121.719,-119.693,-122.396,-120.605,-119.714,-120.529,-123.231,-117.877,-118.548
23.000,-119.560,-122.288,-117.469,-118.844,-118.576,-118.569,-118.120,-118.494,-121.081,-120.305,-120.530,-118.524,-120.944,-119.327,-121.853,-120.011,-119.102,-119.974,-122.288,-117.469,-118.071
24.000,-119.093,-121.798,-117.006,-118.331,-118.134,-118.095,-117.740,-117.822,-120.583,-119.914,-119.771,-118.440,-120.480,-118.832,-121.302,-119.650,-118.710,-119.268,-121.798,-117.006,-117.806
25.000,-118.581,-121.244,-116.484,-117.858,-117.715,-117.584,-117.210,-117.238,-120.064,-119.412,-118.879,-118.112,-119.894,-118.277,-120.714,-119.203,-118.315,-118.750,-121.244,-116.484,-117.502
26.000,-118.080,-120.419,-116.136,-117.447,-117.126,-117.084,-116.820,-116.539,-119.605,-118.901,-118.464,-117.924,-118.928,-117.894,-120.190,-118.553,-117.947,-118.336,-120.419,-116.136,-117.126
27.000,-117.607,-120.183,-115.577,-116.923,-116.685,-116.710,-116.360,-115.870,-119.104,-118.476,-118.026,-117.684,-118.631,-117.482,-119.725,-117.914,-117.112,-117.893,-120.183,-115.577,-116.570
28.000,-117.196,-119.893,-115.235,-116.525,-116.123,-116.248,-115.890,-115.484,-118.647,-118.160,-117.206,-117.545,-118.316,-116.978,-119.232,-117.437,-116.791,-117.585,-119.893,-115.235,-116.241
29.000,-116.771,-119.330,-114.843,-116.144,-115.816,-115.894,-115.580,-115.112,-118.187,-117.755,-116.835,-116.837,-118.078,-116.534,-118.831,-116.895,-116.382,-117.120,-119.330,-114.843,-115.714
30.000,-116.345,-118.922,-114.478,-115.674,-115.403,-115.417,-115.070,-114.628,-117.777,-117.315,-116.641,-116.405,-117.680,-116.128,-118.344,-116.337,-116.138,-116.671,-118.922,-114.478,-115.186
31.000,-115.859,-118.215,-114.093,-115.303,-115.040,-115.033,-114.650,-114.134,-117.286,-116.929,-116.283,-116.098,-116.799,-115.749,-117.849,-115.867,-115.621,-116.189,-118.215,-114.093,-114.331
32.000,-115.446,-117.725,-113.588,-114.990,-114.711,-114.726,-114.380,-113.588,-116.843,-116.570,-115.868,-115.916,-116.150,-115.355,-117.406,-115.401,-115.004,-115.672,-117.725,-113.767,-113.961
33.000,-114.995,-117.498,-113.225,-114.560,-114.177,-114.319,-113.960,-113.225,-116.390,-116.158,-115.393,-115.352,-115.530,-114.997,-116.972,-114.909,-114.343,-115.324,-117.498,-113.419,-113.379
34.000,-114.569,-116.963,-112.745,-114.183,-113.668,-113.791,-113.530,-112.745,-115.966,-115.749,-114.716,-115.082,-115.232,-114.617,-116.575,-114.534,-113.920,-115.003,-116.963,-113.008,-112.956
35.000,-114.166,-116.536,-112.324,-113.877,-113.348,-113.381,-112.990,-112.324,-115.610,-115.349,-114.211,-114.733,-114.774,-114.246,-116.143,-114.131,-113.342,-114.698,-116.536,-112.630,-112.670
36.000,-113.794,-116.164,-111.980,-113.485,-113.010,-113.049,-112.690,-111.980,-115.237,-114.998,-113.655,-114.460,-114.450,-113.955,-115.714,-113.841,-112.675,-114.222,-116.164,-112.244,-112.464
37.000,-113.412,-115.520,-111.478,-113.092,-112.645,-112.743,-112.300,-111.478,-114.848,-114.618,-113.359,-114.155,-114.035,-113.646,-115.274,-113.431,-112.293,-113.868,-115.520,-111.959,-112.156
38.000,-113.030,-115.076,-111.029,-112.705,-112.298,-112.317,-111.920,-111.029,-114.449,-114.180,-112.941,-113.814,-113.519,-113.324,-114.856,-113.192,-111.896,-113.579,-115.076,-111.616,-111.827
39.000,-112.690,-114.804,-110.680,-112.376,-111.989,-111.959,-111.610,-110.680,-114.067,-113.857,-112.725,-113.511,-113.140,-113.033,-114.450,-112.758,-111.606,-113.127,-114.804,-111.265,-111.459
40.000,-112.309,-114.586,-110.337,-112.040,-111.613,-111.557,-111.220,-110.337,-113.718,-113.459,-112.362,-113.279,-112.114,-112.720,-114.009,-112.402,-111.407,-112.736,-114.586,-110.901,-111.103
41.000,-111.957,-114.441,-109.952,-111.779,-111.321,-111.156,-110.750,-109.952,-113.278,-113.127,-111.991,-112.960,-111.527,-112.365,-113.641,-112.085,-111.012,-112.470,-114.441,-110.622,-110.744
42.000,-111.609,-113.888,-109.620,-111.346,-110.965,-110.817,-110.400,-109.620,-112.869,-112.718,-111.656,-112.864,-111.329,-111.987,-113.205,-111.816,-110.726,-112.177,-113.888,-110.227,-110.358
43.000,-111.248,-113.570,-109.098,-110.957,-110.562,-110.419,-109.960,-109.098,-112.497,-112.367,-111.462,-112.471,-110.907,-111.677,-112.824,-111.520,-110.531,-111.815,-113.570,-109.915,-109.907
44.000,-110.920,-113.370,-108.727,-110.690,-110.274,-109.998,-109.610,-108.727,-112.096,-111.951,-111.052,-112.303,-110.538,-111.339,-112.463,-111.256,-110.276,-111.343,-113.370,-109.652,-109.623
45.000,-110.573,-112.980,-108.301,-110.423,-109.976,-109.706,-109.290,-108.301,-111.723,-111.659,-110.594,-111.853,-110.226,-111.037,-112.103,-110.960,-109.956,-111.016,-112.980,-109.285,-109.229
46.000,-110.198,-112.500,-107.926,-110.068,-109.674,-109.324,-108.870,-107.926,-111.311,-111.347,-110.223,-111.680,-109.822,-110.677,-111.698,-110.553,-109.445,-110.698,-112.500,-108.975,-108.780
47.000,-109.859,-112.246,-107.681,-109.718,-109.234,-108.946,-108.410,-107.681,-110.856,-110.973,-110.008,-111.419,-109.548,-110.360,-111.295,-110.183,-109.080,-110.489,-112.246,-108.652,-108.373
48.000,-109.455,-111.556,-107.277,-109.349,-108.929,-108.584,-108.060,-107.277,-110.426,-110.640,-109.686,-111.180,-108.924,-109.986,-110.906,-109.688,-108.813,-109.967,-111.556,-108.312,-107.900
49.000,-109.130,-111.302,-106.886,-109.040,-108.572,-108.202,-107.800,-106.886,-110.099,-110.279,-109.353,-111.025,-108.733,-109.663,-110.561,-109.306,-108.556,-109.666,-111.302,-107.965,-107.325
50.000,-108.770,-110.849,-106.543,-108.761,-108.221,-107.867,-107.450,-106.543,-109.756,-110.007,-108.943,-110.787,-108.356,-109.277,-110.235,-108.837,-108.297,-109.186,-110.849,-107.650,-106.832
51.000,-108.434,-110.558,-106.207,-108.454,-107.905,-107.546,-107.010,-106.207,-109.382,-109.677,-108.600,-110.392,-108.135,-108.958,-109.880,-108.325,-108.092,-108.969,-110.558,-107.350,-106.370
52.000,-108.111,-110.304,-105.845,-108.127,-107.574,-107.256,-106.550,-105.938,-109.031,-109.427,-108.345,-110.186,-107.833,-108.590,-109.558,-107.965,-107.706,-108.725,-110.304,-107.037,-105.845
53.000,-107.759,-109.945,-105.511,-107.854,-107.207,-106.865,-106.170,-105.575,-108.630,-109.049,-107.917,-109.945,-107.679,-108.279,-109.191,-107.708,-107.040,-108.499,-109.878,-106.672,-105.511
54.000,-107.403,-109.642,-105.037,-107.455,-106.962,-106.506,-105.950,-105.314,-108.266,-108.720,-107.559,-109.326,-107.277,-107.911,-108.786,-107.307,-106.647,-108.144,-109.642,-106.440,-105.037
55.000,-107.018,-109.216,-104.682,-107.226,-106.668,-106.216,-105.500,-104.913,-107.918,-108.337,-107.073,-108.772,-106.990,-107.547,-108.363,-106.883,-106.248,-107.741,-109.216,-106.030,-104.682
56.000,-106.678,-108.898,-104.225,-106.888,-106.373,-105.808,-105.110,-104.549,-107.547,-107.982,-106.581,-108.486,-106.818,-107.220,-108.001,-106.646,-106.112,-107.304,-108.898,-105.663,-104.225
57.000,-106.334,-108.662,-103.899,-106.597,-106.031,-105.373,-104.640,-104.225,-107.200,-107.568,-106.322,-108.319,-106.254,-106.821,-107.624,-106.413,-105.845,-106.903,-108.662,-105.317,-103.899
58.000,-105.972,-108.318,-103.457,-106.277,-105.632,-104.904,-104.240,-103.929,-106.858,-107.240,-106.146,-107.561,-106.063,-106.499,-107.218,-106.132,-105.459,-106.582,-108.318,-104.988,-103.457
59.000,-105.621,-108.000,-103.026,-105.998,-105.346,-104.516,-103.950,-103.557,-106.488,-106.869,-105.929,-107.130,-105.707,-106.164,-106.845,-105.657,-104.940,-106.354,-108.000,-104.708,-103.026
60.000,-105.250,-107.311,-102.397,-105.587,-105.115,-104.093,-103.620,-103.159,-106.095,-106.463,-105.826,-106.843,-105.413,-105.830,-106.486,-105.388,-104.578,-106.084,-107.311,-104.211,-102.397
61.000,-104.900,-107.048,-101.780,-105.248,-104.849,-103.742,-103.320,-102.888,-105.748,-106.123,-105.215,-106.648,-104.944,-105.484,-106.103,-105.112,-104.272,-105.806,-107.048,-103.875,-101.780
62.000,-104.545,-106.594,-101.415,-104.924,-104.569,-103.321,-103.060,-102.473,-105.321,-105.796,-104.818,-106.373,-104.592,-105.119,-105.700,-104.584,-104.076,-105.524,-106.594,-103.550,-101.415
63.000,-104.147,-106.086,-101.223,-104.437,-104.271,-102.975,-102.610,-102.088,-104.953,-105.446,-104.239,-105.959,-104.241,-104.830,-105.307,-104.317,-103.503,-105.011,-106.086,-103.155,-101.223
64.000,-103.818,-105.778,-100.912,-104.121,-103.855,-102.622,-102.270,-101.773,-104.574,-105.124,-104.171,-105.589,-103.873,-104.546,-104.877,-103.950,-103.247,-104.597,-105.778,-102.844,-100.912
65.000,-103.411,-105.587,-100.485,-103.781,-103.589,-102.255,-101.980,-101.426,-104.104,-104.790,-103.556,-104.866,-103.349,-104.167,-104.430,-103.541,-102.669,-104.329,-105.587,-102.495,-100.485
66.000,-102.978,-105.288,-100.114,-103.280,-103.227,-101.868,-101.720,-101.055,-103.723,-104.402,-102.897,-104.383,-102.744,-103.770,-104.023,-103.089,-102.243,-103.682,-105.288,-102.106,-100.114
67.000,-102.575,-104.880,-99.879,-102.870,-102.905,-101.513,-101.330,-100.692,-103.308,-103.986,-102.465,-103.791,-102.389,-103.362,-103.575,-102.669,-101.825,-103.161,-104.880,-101.745,-99.879
68.000,-102.170,-104.435,-98.938,-102.543,-102.520,-101.131,-101.070,-100.335,-102.881,-103.603,-101.817,-103.558,-102.022,-103.001,-103.132,-102.348,-101.425,-102.882,-104.435,-101.417,-98.938
69.000,-101.739,-103.709,-98.600,-102.205,-102.023,-100.818,-100.680,-99.757,-102.502,-103.150,-101.334,-102.785,-101.901,-102.641,-102.659,-102.051,-100.984,-102.452,-103.709,-101.043,-98.600
70.000,-101.369,-103.183,-98.183,-101.813,-101.640,-100.440,-100.250,-99.472,-102.089,-102.722,-101.172,-102.606,-101.586,-102.260,-102.250,-101.671,-100.560,-102.102,-103.183,-100.643,-98.183
71.000,-100.961,-102.911,-97.721,-101.423,-101.285,-99.953,-99.880,-99.061,-101.695,-102.326,-100.650,-102.126,-101.201,-101.903,-101.809,-101.176,-100.208,-101.597,-102.911,-100.366,-97.721
72.000,-100.508,-102.267,-97.199,-100.992,-100.909,-99.453,-99.390,-98.520,-101.305,-101.846,-100.170,-101.977,-100.626,-101.550,-101.342,-100.815,-99.641,-101.213,-102.267,-99.935,-97.199
73.000,-100.027,-101.768,-96.826,-100.548,-100.588,-98.979,-99.050,-98.138,-100.819,-101.394,-99.847,-101.210,-99.733,-101.213,-100.873,-100.427,-98.682,-100.900,-101.768,-99.496,-96.826
74.000,-99.589,-101.053,-96.160,-100.190,-100.114,-98.453,-98.700,-97.785,-100.408,-101.053,-99.543,-100.750,-99.522,-100.839,-100.447,-99.932,-98.103,-100.532,-100.961,-99.102,-96.160
75.000,-99.151,-100.632,-95.826,-99.766,-99.670,-97.953,-98.210,-97.194,-99.901,-100.632,-99.020,-100.425,-99.203,-100.389,-100.001,-99.531,-97.652,-100.171,-100.607,-98.562,-95.826
76.000,-98.690,-100.153,-95.389,-99.344,-99.196,-97.532,-97.620,-96.825,-99.403,-100.118,-98.487,-100.098,-98.832,-99.918,-99.523,-99.157,-97.142,-99.595,-100.153,-98.080,-95.389
77.000,-98.237,-100.017,-94.820,-98.898,-98.740,-97.080,-97.190,-96.367,-98.851,-99.568,-98.373,-99.844,-98.248,-99.491,-98.961,-98.605,-96.610,-99.046,-100.017,-97.567,-94.820
78.000,-97.754,-99.473,-94.081,-98.407,-98.381,-96.584,-96.730,-95.891,-98.277,-99.070,-97.713,-99.423,-98.042,-98.948,-98.451,-98.182,-96.204,-98.577,-99.473,-97.142,-94.081
79.000,-97.264,-99.156,-93.729,-98.033,-97.802,-96.144,-96.230,-95.439,-97.729,-98.627,-97.396,-98.732,-97.228,-98.488,-97.930,-97.853,-95.576,-97.994,-99.156,-96.675,-93.729
80.000,-96.754,-98.285,-93.263,-97.656,-97.371,-95.804,-95.700,-94.886,-97.255,-98.120,-97.037,-98.090,-96.808,-97.968,-97.399,-97.510,-94.767,-97.497,-98.285,-96.156,-93.263
81.000,-96.238,-97.640,-92.903,-97.297,-96.884,-95.314,-95.150,-94.431,-96.657,-97.640,-96.488,-97.588,-96.169,-97.307,-96.848,-96.961,-94.228,-97.140,-97.514,-95.774,-92.903
82.000,-95.672,-97.081,-92.285,-96.735,-96.355,-94.784,-94.500,-94.009,-96.084,-97.081,-96.102,-96.461,-95.828,-96.817,-96.266,-96.567,-93.412,-96.619,-97.006,-95.177,-92.285
83.000,-95.004,-96.545,-91.831,-96.169,-95.889,-94.140,-93.850,-93.626,-95.531,-96.545,-95.491,-95.061,-94.563,-96.348,-95.669,-95.915,-92.722,-95.950,-96.135,-94.637,-91.831
84.000,-94.376,-95.872,-90.948,-95.741,-95.190,-93.367,-93.100,-93.189,-94.928,-95.872,-94.921,-94.489,-94.017,-95.819,-95.036,-95.529,-92.181,-95.414,-94.910,-94.120,-90.948
85.000,-93.735,-95.212,-90.601,-95.173,-94.600,-92.800,-92.560,-92.568,-94.235,-95.212,-94.385,-93.605,-93.362,-95.207,-94.318,-94.716,-91.722,-94.723,-93.967,-93.481,-90.601
86.000,-93.158,-94.724,-90.295,-94.724,-94.079,-92.226,-91.980,-91.842,-93.637,-94.687,-93.371,-93.328,-93.110,-94.578,-93.636,-93.982,-91.448,-94.004,-93.060,-92.856,-90.295
87.000,-92.455,-94.100,-89.665,-94.100,-93.464,-91.579,-91.270,-91.335,-93.055,-93.988,-92.650,-92.066,-92.659,-93.908,-92.962,-93.151,-90.551,-93.304,-92.388,-92.095,-89.665
88.000,-91.757,-93.604,-89.161,-93.604,-92.792,-90.769,-90.520,-90.531,-92.324,-93.229,-91.826,-91.504,-91.928,-93.166,-92.155,-92.447,-89.793,-92.698,-91.663,-91.522,-89.161
89.000,-90.863,-92.904,-87.851,-92.904,-91.871,-90.031,-89.620,-89.723,-91.548,-92.507,-90.319,-90.280,-90.888,-92.381,-91.380,-91.482,-88.894,-92.122,-90.964,-90.778,-87.851
90.000,-90.119,-92.066,-87.453,-92.066,-91.109,-89.518,-88.810,-88.983,-90.786,-91.708,-90.049,-89.241,-89.861,-91.508,-90.681,-90.260,-88.339,-91.446,-90.438,-89.883,-87.453
91.000,-89.276,-91.317,-87.032,-91.317,-90.138,-88.689,-87.700,-88.030,-90.019,-90.870,-89.201,-88.768,-88.686,-90.704,-89.885,-89.358,-87.180,-90.533,-89.821,-89.032,-87.032
92.000,-88.375,-90.510,-86.176,-90.510,-89.134,-87.837,-86.590,-86.894,-89.087,-90.020,-88.505,-87.987,-87.971,-89.788,-89.065,-88.276,-86.176,-89.276,-89.277,-87.965,-86.390
93.000,-87.228,-89.496,-85.016,-89.496,-88.236,-86.913,-85.460,-85.813,-87.985,-89.080,-87.466,-85.862,-87.147,-88.746,-87.990,-87.228,-85.016,-88.248,-87.499,-86.558,-85.353
94.000,-86.272,-88.468,-83.612,-88.468,-87.389,-85.817,-84.410,-85.094,-86.987,-88.111,-86.415,-85.554,-85.960,-87.739,-87.102,-86.226,-84.273,-87.347,-87.209,-85.180,-83.612
95.000,-85.084,-87.566,-82.442,-87.566,-85.828,-84.500,-83.210,-84.027,-86.102,-86.839,-85.779,-84.476,-85.437,-86.313,-85.966,-84.329,-82.787,-85.828,-85.875,-84.206,-82.442
96.000,-83.614,-86.485,-81.284,-86.485,-84.813,-82.854,-81.530,-82.992,-84.845,-85.618,-84.545,-81.910,-84.329,-84.834,-84.561,-82.249,-81.544,-84.614,-83.362,-82.686,-81.284
97.000,-82.129,-85.141,-79.700,-85.141,-82.784,-81.615,-79.700,-81.617,-83.499,-84.129,-82.691,-80.468,-82.851,-83.260,-82.934,-80.395,-80.684,-83.410,-82.292,-80.869,-79.978
98.000,-79.807,-82.891,-76.465,-82.891,-80.623,-79.523,-77.040,-79.737,-81.519,-82.158,-78.825,-76.465,-80.419,-81.142,-80.543,-78.455,-78.662,-81.343,-80.532,-78.438,-78.203
99.000,-76.386,-79.856,-69.530,-79.856,-77.321,-76.173,-69.530,-76.202,-78.360,-79.120,-76.580,-73.884,-74.612,-78.471,-77.627,-75.308,-75.553,-79.403,-76.849,-74.957,-75.135
100.000,-66.600,-72.168,-58.928,-67.390,-66.398,-63.755,-67.350,-66.088,-63.550,-64.041,-71.586,-69.586,-71.200,-65.046,-64.124,-58.928,-67.506,-69.034,-72.168,-61.522,-69.534
