# RP-180524 attachment, 02.DenseUrban-eMBB_CouplingGain_and_DLgeometry_v22.xlsx, sheet DenseUrban_4GHz_ModelB
pct,mean,min,max,Huawei,CATT,CATR,OPPO,ZTE,Intel,NTT DOCOMO,MediaTek,CMCC,ITRI,LGE,Sharp,Qualcomm,China Telecom,Motorola/Lenovo,Nokia,NEC,Ericsson
0.000,-4.796,-10.023,-0.310,-10.023,-3.364,-3.157,-0.310,-9.625,-6.984,-4.016,-6.451,-1.790,-1.820,-8.387,-8.699,,-3.081,-2.305,-2.321,-2.487,-6.719
1.000,-0.134,-2.661,0.748,-0.029,-0.376,-0.028,0.450,-2.661,0.115,-0.215,0.005,0.748,-0.017,-0.291,-0.391,-0.108,0.561,-0.405,0.136,0.009,0.083
2.000,0.598,-1.865,1.413,0.609,0.368,0.738,1.270,-1.865,0.959,0.329,1.164,1.413,0.202,0.325,0.327,0.506,1.395,0.574,0.959,0.563,0.920
3.000,1.299,-0.867,2.337,1.146,0.904,1.346,1.780,-0.867,1.631,0.884,2.168,2.337,1.355,0.912,0.881,1.163,2.089,1.228,1.755,1.035,1.636
4.000,1.840,-0.012,3.481,1.741,1.251,1.819,2.410,-0.012,2.012,1.283,3.481,2.514,2.067,1.373,1.349,1.534,2.626,1.749,2.150,1.574,2.198
5.000,2.325,0.815,3.767,2.129,1.577,2.362,2.820,0.815,2.541,1.754,3.767,2.788,2.791,1.767,1.816,1.803,3.046,2.315,2.844,2.129,2.786
6.000,2.789,1.522,4.641,2.642,2.078,2.669,3.210,1.522,2.981,2.098,4.641,3.216,3.273,2.126,2.238,2.287,3.499,2.684,3.239,2.584,3.220
7.000,3.242,2.292,4.983,3.021,2.577,3.113,3.540,2.292,3.324,2.486,4.983,3.890,3.491,2.512,2.669,2.665,3.980,3.116,3.965,3.078,3.647
8.000,3.616,2.619,5.363,3.348,2.940,3.555,3.920,2.619,3.793,2.885,5.363,3.994,3.897,2.824,3.033,3.037,4.454,3.521,4.258,3.592,4.058
9.000,3.946,2.968,5.623,3.682,3.417,3.865,4.190,2.968,4.185,3.216,5.623,4.112,4.195,3.181,3.375,3.444,4.836,3.743,4.570,3.995,4.434
10.000,4.298,3.498,5.872,4.060,3.780,4.143,4.640,3.498,4.612,3.509,5.872,4.257,4.455,3.531,3.688,3.794,5.159,4.242,4.840,4.469,4.806
11.000,4.646,3.825,6.230,4.414,4.221,4.517,4.980,3.868,4.988,3.825,6.230,4.494,4.622,3.883,4.022,4.099,5.463,4.553,5.384,4.915,5.145
12.000,4.975,4.156,6.418,4.785,4.592,4.865,5.230,4.265,5.483,4.156,6.418,4.882,4.764,4.174,4.355,4.476,5.800,4.873,5.658,5.287,5.484
13.000,5.307,4.468,6.549,5.071,4.894,5.210,5.610,4.909,5.752,4.468,6.549,5.128,5.138,4.473,4.629,5.003,6.077,5.184,5.863,5.728,5.838
14.000,5.628,4.762,7.029,5.352,5.097,5.584,6.020,5.224,6.046,4.762,7.029,5.331,5.553,4.809,4.937,5.269,6.364,5.457,6.212,6.053,6.206
15.000,5.919,5.076,7.233,5.717,5.344,6.004,6.340,5.460,6.465,5.076,7.233,5.825,5.768,5.110,5.240,5.395,6.650,5.675,6.398,6.341,6.499
16.000,6.226,5.334,7.531,5.987,5.604,6.325,6.600,5.911,6.928,5.334,7.531,6.108,5.891,5.448,5.560,5.748,6.947,5.908,6.715,6.706,6.822
17.000,6.542,5.578,8.042,6.287,5.885,6.633,6.830,6.111,7.235,5.578,8.042,6.636,6.151,5.749,5.849,6.031,7.226,6.348,6.933,7.080,7.146
18.000,6.839,5.846,8.326,6.554,6.169,6.856,7.230,6.517,7.543,5.846,8.326,7.056,6.558,6.016,6.129,6.188,7.518,6.612,7.161,7.398,7.428
19.000,7.106,6.110,8.603,6.854,6.476,7.169,7.460,6.738,7.801,6.110,8.603,7.478,6.770,6.230,6.426,6.280,7.762,6.872,7.436,7.708,7.729
20.000,7.392,6.359,8.795,7.183,6.742,7.458,7.760,7.066,8.146,6.359,8.795,7.724,7.131,6.452,6.674,6.801,7.995,7.048,7.673,8.007,8.038
21.000,7.672,6.626,8.986,7.489,7.005,7.710,8.100,7.319,8.430,6.626,8.986,7.850,7.672,6.730,6.942,7.034,8.374,7.267,7.915,8.247,8.397
22.000,7.924,6.921,9.271,7.768,7.255,7.996,8.360,7.677,8.809,6.921,9.271,7.924,7.829,6.972,7.188,7.197,8.646,7.479,8.124,8.581,8.642
23.000,8.211,7.155,9.610,8.046,7.537,8.199,8.560,8.082,9.102,7.155,9.610,8.066,8.168,7.229,7.456,7.639,8.933,7.815,8.436,8.822,8.940
24.000,8.476,7.368,9.769,8.265,7.856,8.496,8.730,8.463,9.375,7.368,9.769,8.202,8.547,7.484,7.707,7.933,9.195,8.082,8.720,9.129,9.244
25.000,8.760,7.609,10.106,8.512,8.225,8.801,8.980,8.775,9.668,7.609,10.106,8.462,8.926,7.730,7.974,8.157,9.511,8.333,8.999,9.394,9.524
26.000,8.990,7.855,10.448,8.780,8.512,9.043,9.220,9.046,9.870,7.855,10.448,8.504,9.081,8.008,8.225,8.307,9.695,8.615,9.199,9.646,9.774
27.000,9.248,8.092,10.647,9.101,8.826,9.281,9.530,9.326,10.148,8.092,10.647,8.848,9.317,8.263,8.461,8.473,9.924,8.834,9.497,9.876,10.017
28.000,9.501,8.360,10.845,9.327,9.074,9.535,9.700,9.623,10.396,8.360,10.845,8.954,9.724,8.533,8.710,8.692,10.162,9.163,9.739,10.185,10.293
29.000,9.765,8.582,11.016,9.588,9.255,9.777,9.980,9.967,10.688,8.582,11.016,9.203,10.110,8.781,8.975,8.986,10.409,9.476,9.934,10.480,10.562
30.000,10.020,8.814,11.189,9.806,9.535,9.989,10.270,10.233,10.960,8.814,11.189,9.295,10.586,9.045,9.210,9.292,10.649,9.776,10.148,10.746,10.810
31.000,10.286,9.082,11.424,10.037,9.721,10.294,10.540,10.426,11.265,9.082,11.424,9.670,10.841,9.294,9.460,9.619,10.887,10.075,10.399,11.031,11.087
32.000,10.556,9.427,11.601,10.279,10.032,10.528,10.820,10.794,11.560,9.427,11.601,9.827,11.178,9.558,9.756,9.844,11.231,10.297,10.544,11.357,11.380
33.000,10.827,9.660,11.987,10.561,10.207,10.732,11.060,11.157,11.868,9.660,11.987,10.089,11.649,9.782,10.007,10.083,11.454,10.516,10.813,11.624,11.636
34.000,11.084,9.919,12.198,10.824,10.394,10.970,11.390,11.409,12.140,9.919,12.198,10.469,11.883,10.024,10.252,10.318,11.728,10.742,11.111,11.831,11.906
35.000,11.341,10.185,12.459,11.097,10.732,11.237,11.590,11.645,12.459,10.185,12.339,10.740,12.154,10.262,10.486,10.544,12.036,11.044,11.349,12.083,12.159
36.000,11.578,10.443,12.758,11.348,10.966,11.479,11.930,11.955,12.758,10.443,12.531,10.878,12.307,10.524,10.730,10.622,12.211,11.351,11.590,12.325,12.449
37.000,11.804,10.675,13.053,11.591,11.169,11.727,12.180,12.134,13.053,10.675,12.757,11.120,12.539,10.789,10.975,10.802,12.442,11.488,11.758,12.590,12.682
38.000,12.051,10.929,13.315,11.854,11.425,12.016,12.490,12.298,13.315,10.929,12.991,11.417,12.698,11.052,11.187,11.072,12.694,11.764,11.967,12.826,12.926
39.000,12.319,11.202,13.584,12.121,11.699,12.309,12.750,12.596,13.584,11.202,13.244,11.795,13.002,11.293,11.419,11.213,13.031,12.006,12.256,13.069,13.160
40.000,12.564,11.428,13.792,12.394,12.001,12.571,12.910,12.804,13.792,11.428,13.414,12.086,13.332,11.531,11.661,11.598,13.302,12.206,12.400,13.275,13.440
41.000,12.813,11.700,13.965,12.622,12.234,12.791,13.230,13.159,13.965,11.700,13.609,12.529,13.594,11.777,11.901,11.796,13.532,12.453,12.605,13.449,13.686
42.000,13.034,11.906,14.165,12.875,12.594,12.987,13.450,13.322,14.165,11.906,13.770,12.846,13.759,12.020,12.110,11.907,13.730,12.669,12.861,13.675,13.959
43.000,13.258,12.118,14.371,13.059,12.843,13.237,13.680,13.585,14.371,12.118,13.913,13.040,13.911,12.269,12.368,12.147,13.968,12.893,13.117,13.884,14.240
44.000,13.503,12.356,14.603,13.347,13.113,13.508,13.890,13.819,14.603,12.356,14.182,13.173,14.167,12.499,12.572,12.443,14.246,13.138,13.358,14.145,14.486
45.000,13.755,12.567,14.895,13.617,13.386,13.759,14.250,13.982,14.895,12.567,14.422,13.655,14.339,12.727,12.802,12.658,14.500,13.446,13.479,14.351,14.753
46.000,14.026,12.811,15.144,13.823,13.706,14.002,14.560,14.343,15.144,12.811,14.661,13.850,14.784,12.978,13.081,12.901,14.728,13.723,13.754,14.573,15.043
47.000,14.290,13.058,15.335,14.040,13.994,14.252,14.810,14.641,15.335,13.058,14.867,14.159,15.185,13.216,13.308,13.123,15.048,14.125,13.917,14.844,15.302
48.000,14.527,13.286,15.588,14.226,14.257,14.537,14.980,14.791,15.588,13.286,15.191,14.377,15.472,13.435,13.544,13.400,15.314,14.273,14.177,15.068,15.564
49.000,14.788,13.553,15.846,14.539,14.514,14.810,15.270,14.978,15.831,13.553,15.394,14.665,15.583,13.687,13.793,13.766,15.681,14.608,14.429,15.243,15.846
50.000,15.013,13.765,16.068,14.777,14.768,15.057,15.500,15.264,16.056,13.765,15.709,14.883,15.773,13.908,14.052,13.939,15.880,14.812,14.610,15.420,16.068
51.000,15.267,14.021,16.335,14.980,14.972,15.417,15.770,15.532,16.335,14.021,16.072,14.925,16.046,14.175,14.314,14.211,16.119,15.074,14.898,15.626,16.314
52.000,15.483,14.317,16.625,15.240,15.215,15.704,15.970,15.667,16.625,14.317,16.255,15.080,16.179,14.415,14.571,14.348,16.397,15.324,15.052,15.781,16.553
53.000,15.737,14.591,16.838,15.554,15.481,15.968,16.250,15.885,16.838,14.591,16.535,15.211,16.361,14.642,14.819,14.604,16.743,15.645,15.350,15.954,16.828
54.000,15.986,14.862,17.136,15.850,15.761,16.191,16.490,16.090,17.136,14.888,16.797,15.493,16.562,14.941,15.079,14.862,16.986,15.884,15.531,16.162,17.051
55.000,16.206,14.922,17.410,16.131,15.963,16.454,16.750,16.320,17.410,15.179,16.984,15.707,16.745,15.179,15.350,14.922,17.179,16.101,15.666,16.342,17.322
56.000,16.426,15.160,17.615,16.393,16.164,16.727,16.980,16.481,17.615,15.492,17.201,15.865,16.837,15.437,15.567,15.160,17.522,16.257,15.913,16.483,17.576
57.000,16.695,15.360,17.866,16.647,16.362,16.972,17.260,16.839,17.866,15.757,17.360,16.104,17.361,15.704,15.805,15.360,17.770,16.602,16.215,16.680,17.845
58.000,16.968,15.620,18.119,16.949,16.650,17.281,17.480,17.197,18.087,16.026,17.610,16.366,17.763,15.958,16.024,15.620,18.010,16.918,16.532,16.829,18.119
59.000,17.203,15.761,18.389,17.201,16.918,17.521,17.790,17.462,18.338,16.256,17.796,16.537,17.941,16.207,16.283,15.761,18.307,17.209,16.713,17.024,18.389
60.000,17.477,15.902,18.670,17.506,17.230,17.750,18.030,17.793,18.670,16.533,18.065,16.895,18.323,16.500,16.519,15.902,18.558,17.432,16.997,17.224,18.650
61.000,17.735,16.103,19.004,17.775,17.502,18.064,18.260,18.035,18.937,16.736,18.437,17.183,18.497,16.758,16.766,16.103,18.847,17.665,17.225,17.444,19.004
62.000,17.993,16.362,19.314,18.124,17.729,18.338,18.570,18.263,19.216,17.016,18.685,17.311,18.595,17.049,17.036,16.362,19.182,17.957,17.457,17.668,19.314
63.000,18.254,16.526,19.579,18.378,18.029,18.611,18.810,18.446,19.480,17.278,18.888,17.589,19.121,17.369,17.299,16.526,19.461,18.176,17.634,17.894,19.579
64.000,18.497,16.739,19.841,18.671,18.311,18.890,19.000,18.683,19.841,17.571,19.021,17.695,19.309,17.656,17.590,16.739,19.749,18.474,17.778,18.138,19.834
65.000,18.795,17.167,20.162,18.946,18.631,19.126,19.300,18.877,20.162,17.867,19.208,18.225,19.575,18.008,17.901,17.167,20.088,18.715,18.020,18.369,20.119
66.000,19.079,17.634,20.487,19.256,18.832,19.416,19.590,19.028,20.487,18.120,19.489,18.375,20.047,18.291,18.193,17.634,20.442,18.912,18.276,18.598,20.437
67.000,19.362,17.876,20.786,19.533,19.120,19.694,19.860,19.301,20.681,18.386,19.825,18.763,20.405,18.538,18.478,17.876,20.734,19.163,18.541,18.835,20.786
68.000,19.666,18.176,21.121,19.846,19.355,19.952,20.170,19.746,20.940,18.655,20.011,19.217,20.731,18.865,18.774,18.176,21.024,19.527,18.765,19.108,21.121
69.000,19.965,18.363,21.483,20.143,19.576,20.272,20.480,20.133,21.270,18.879,20.162,19.344,21.483,19.197,19.086,18.363,21.288,19.837,19.035,19.371,21.445
70.000,20.236,18.597,21.754,20.404,19.861,20.584,20.710,20.292,21.602,19.137,20.507,19.518,21.664,19.485,19.401,18.597,21.581,20.234,19.323,19.596,21.754
71.000,20.558,18.896,22.106,20.759,20.347,20.903,21.150,20.673,21.919,19.478,20.871,19.757,21.932,19.807,19.700,18.896,21.926,20.504,19.509,19.803,22.106
72.000,20.850,19.159,22.400,21.076,20.617,21.283,21.470,20.970,22.352,19.794,21.070,20.016,22.003,20.124,19.988,19.159,22.314,20.849,19.733,20.076,22.400
73.000,21.191,19.425,22.717,21.412,21.124,21.593,21.790,21.473,22.717,20.097,21.472,20.089,22.329,20.433,20.336,19.425,22.678,21.270,20.100,20.395,22.695
74.000,21.503,19.928,23.093,21.751,21.436,21.893,22.150,21.809,23.086,20.452,21.683,20.330,22.458,20.715,20.727,19.928,23.030,21.575,20.272,20.674,23.093
75.000,21.842,20.243,23.535,22.126,21.762,22.243,22.390,22.194,23.454,20.842,21.886,20.811,22.718,21.070,21.055,20.243,23.535,21.806,20.570,20.981,23.476
76.000,22.170,20.404,23.943,22.528,22.129,22.656,22.740,22.558,23.749,21.180,22.111,21.269,22.874,21.341,21.403,20.404,23.943,22.217,20.877,21.287,23.796
77.000,22.509,20.713,24.338,22.832,22.437,23.124,23.100,22.852,24.092,21.545,22.335,21.491,23.187,21.724,21.746,20.713,24.338,22.665,21.217,21.625,24.148
78.000,22.836,20.863,24.595,23.242,22.750,23.533,23.390,23.112,24.434,21.915,22.660,21.760,23.523,22.119,22.065,20.863,24.595,23.017,21.561,21.988,24.520
79.000,23.173,21.006,25.057,23.681,23.054,23.884,23.840,23.550,24.725,22.209,22.932,22.244,23.821,22.496,22.348,21.006,25.057,23.215,21.882,22.303,24.862
80.000,23.569,21.637,25.387,23.989,23.332,24.289,24.180,23.835,25.043,22.620,23.165,23.015,24.301,22.868,22.691,21.637,25.387,23.627,22.282,22.716,25.268
81.000,23.916,21.781,25.829,24.461,23.599,24.746,24.570,24.161,25.395,22.976,23.412,23.334,24.583,23.254,23.070,21.781,25.829,24.002,22.552,23.007,25.762
82.000,24.299,22.217,26.302,24.911,23.988,25.056,24.980,24.603,25.802,23.385,23.685,23.625,24.826,23.681,23.470,22.217,26.302,24.391,22.910,23.400,26.154
83.000,24.777,23.016,26.769,25.450,24.465,25.568,25.460,24.876,26.198,23.769,24.165,24.414,25.205,24.189,23.843,23.016,26.769,24.799,23.469,23.745,26.589
84.000,25.235,23.339,27.301,25.848,24.982,26.063,25.870,25.326,26.512,24.297,24.753,25.031,25.491,24.636,24.279,23.339,27.301,25.371,23.897,24.175,27.051
85.000,25.724,24.017,27.845,26.277,25.487,26.504,26.380,25.646,26.976,24.711,25.062,26.013,25.993,25.043,24.706,24.017,27.845,25.932,24.273,24.628,27.542
86.000,26.210,24.674,28.373,26.684,25.934,26.958,26.890,25.945,27.430,25.161,25.287,26.900,26.291,25.515,25.183,24.855,28.373,26.621,24.674,25.020,28.061
87.000,26.677,24.957,29.018,27.025,26.444,27.433,27.420,26.461,27.940,25.716,25.582,27.066,26.787,26.057,25.624,25.387,29.018,27.313,24.957,25.451,28.513
88.000,27.179,25.669,29.552,27.470,26.880,28.129,28.110,26.868,28.531,26.267,26.048,27.263,27.238,26.627,26.133,25.678,29.552,27.765,25.669,25.829,29.168
89.000,27.744,25.810,30.157,28.078,27.456,28.639,28.760,27.490,29.032,26.854,26.646,28.276,27.539,27.211,26.707,25.810,30.157,28.420,26.083,26.495,29.733
90.000,28.322,26.324,30.797,28.660,27.950,29.119,29.610,28.422,29.525,27.393,27.103,28.858,27.933,27.789,27.257,26.324,30.797,28.965,26.493,27.205,30.398
91.000,29.006,26.753,31.549,29.435,28.627,29.870,30.250,29.040,30.085,27.960,27.895,29.494,29.049,28.371,27.931,27.104,31.549,29.742,26.753,27.729,31.228
92.000,29.660,27.419,32.044,30.088,29.191,30.677,31.100,29.938,30.611,28.711,28.568,29.684,29.807,29.090,28.596,27.419,32.001,30.506,27.484,28.372,32.044
93.000,30.417,28.186,32.905,31.057,29.841,31.441,31.960,30.684,31.131,29.336,29.074,29.870,30.544,29.890,29.284,29.126,32.762,31.362,28.186,29.061,32.905
94.000,31.308,29.261,33.851,32.042,30.725,32.272,32.930,31.642,31.700,30.216,30.415,30.939,31.407,30.761,30.206,29.742,33.574,32.258,29.261,29.601,33.851
95.000,32.274,30.257,34.993,33.096,31.728,33.160,33.840,32.548,32.398,31.406,31.097,32.123,32.350,31.854,31.080,30.896,34.494,33.163,30.257,30.459,34.993
96.000,33.359,31.625,36.152,34.102,33.057,33.841,35.020,33.534,33.493,32.338,32.275,32.833,33.790,33.003,32.166,31.935,35.619,34.040,31.625,31.634,36.152
97.000,34.647,32.653,37.506,35.253,34.562,35.400,36.390,35.141,34.961,33.683,33.347,33.669,34.818,34.288,33.555,33.474,36.975,34.926,32.653,33.048,37.506
98.000,36.550,33.886,40.090,36.855,36.151,37.307,40.090,36.733,37.139,35.362,34.132,35.033,37.442,36.159,35.069,36.596,38.370,37.726,33.886,34.613,39.229
99.000,39.586,35.081,51.560,39.281,39.673,40.376,51.560,40.023,39.336,37.786,39.069,35.505,38.874,38.962,37.929,38.104,40.586,40.859,35.081,37.890,41.659
100.000,48.648,40.744,57.124,51.039,50.386,55.949,53.780,47.422,45.979,48.017,43.238,40.744,44.240,51.144,51.669,47.263,46.627,47.294,44.205,49.545,57.124
