# RP-180524 attachment, 01.IndoorHotspot-eMBB_CouplingGain_and_DLgeometry_v18.xlsx, sheet InH_4GHz_36TRxP_ModelA
pct,mean,min,max,Huawei,CATT,CATR,OPPO,MediaTek,Intel,Samsung,ITRI,LGE,ZTE,China Telecom,Nokia,Motorola/Lenovo,Sharp,Ericsson
0.000,-8.400,-9.781,-6.880,-9.781,-8.239,-8.355,-6.880,-8.099,-8.612,-8.469,-7.668,-8.674,-9.711,-8.293,-7.691,-8.228,-9.222,-8.081
1.000,-6.780,-7.224,-6.251,-7.212,-6.251,-6.625,-6.470,-6.697,-6.843,-6.326,-6.982,-6.674,-7.142,-6.788,-7.224,-6.724,-6.756,-6.984
2.000,-6.363,-6.824,-5.854,-6.710,-5.854,-6.303,-6.180,-6.421,-6.418,-5.927,-6.422,-6.247,-6.824,-6.318,-6.534,-6.296,-6.314,-6.669
3.000,-6.083,-6.526,-5.538,-6.382,-5.657,-6.051,-5.890,-6.216,-6.111,-5.538,-6.305,-5.939,-6.526,-6.029,-6.405,-6.042,-5.997,-6.158
4.000,-5.847,-6.275,-5.244,-6.110,-5.461,-5.854,-5.740,-5.824,-5.875,-5.244,-5.995,-5.683,-6.275,-5.845,-6.092,-5.858,-5.768,-6.089
5.000,-5.648,-6.077,-5.053,-5.865,-5.279,-5.628,-5.540,-5.703,-5.642,-5.053,-5.851,-5.530,-6.077,-5.636,-5.850,-5.680,-5.568,-5.813
6.000,-5.467,-5.923,-4.888,-5.698,-5.090,-5.495,-5.350,-5.516,-5.456,-4.888,-5.625,-5.372,-5.923,-5.473,-5.633,-5.503,-5.371,-5.610
7.000,-5.294,-5.788,-4.698,-5.521,-4.937,-5.350,-5.200,-5.378,-5.316,-4.698,-5.463,-5.189,-5.788,-5.215,-5.356,-5.363,-5.215,-5.427
8.000,-5.157,-5.638,-4.580,-5.381,-4.789,-5.191,-5.050,-5.257,-5.166,-4.580,-5.395,-5.063,-5.638,-4.986,-5.306,-5.208,-5.059,-5.289
9.000,-5.021,-5.460,-4.467,-5.227,-4.681,-5.072,-4.910,-5.172,-5.034,-4.467,-5.276,-4.899,-5.460,-4.856,-5.089,-5.064,-4.930,-5.173
10.000,-4.901,-5.333,-4.372,-5.111,-4.468,-4.941,-4.770,-5.150,-4.922,-4.372,-5.139,-4.787,-5.333,-4.730,-4.997,-4.951,-4.796,-5.044
11.000,-4.764,-5.193,-4.255,-4.980,-4.255,-4.825,-4.670,-4.979,-4.807,-4.256,-4.931,-4.673,-5.193,-4.641,-4.846,-4.863,-4.663,-4.874
12.000,-4.646,-5.061,-4.109,-4.849,-4.109,-4.704,-4.580,-4.820,-4.675,-4.152,-4.823,-4.538,-5.061,-4.566,-4.737,-4.743,-4.540,-4.791
13.000,-4.536,-4.950,-4.021,-4.737,-4.023,-4.601,-4.470,-4.724,-4.582,-4.021,-4.634,-4.420,-4.950,-4.482,-4.695,-4.604,-4.422,-4.679
14.000,-4.437,-4.797,-3.928,-4.624,-3.935,-4.468,-4.410,-4.615,-4.463,-3.928,-4.572,-4.308,-4.797,-4.394,-4.647,-4.540,-4.321,-4.534
15.000,-4.331,-4.686,-3.810,-4.519,-3.810,-4.390,-4.330,-4.514,-4.337,-3.828,-4.504,-4.189,-4.686,-4.288,-4.558,-4.404,-4.230,-4.384
16.000,-4.222,-4.546,-3.724,-4.406,-3.724,-4.305,-4.250,-4.334,-4.223,-3.750,-4.307,-4.092,-4.546,-4.191,-4.439,-4.301,-4.130,-4.327
17.000,-4.126,-4.444,-3.630,-4.312,-3.630,-4.216,-4.170,-4.253,-4.136,-3.648,-4.222,-3.984,-4.444,-4.078,-4.300,-4.229,-4.030,-4.233
18.000,-4.034,-4.319,-3.560,-4.214,-3.560,-4.132,-4.080,-4.203,-4.036,-3.560,-4.153,-3.893,-4.319,-3.988,-4.208,-4.119,-3.937,-4.102
19.000,-3.926,-4.202,-3.470,-4.111,-3.470,-4.026,-4.000,-4.038,-3.913,-3.473,-4.038,-3.806,-4.202,-3.855,-4.119,-4.018,-3.841,-3.975
20.000,-3.830,-4.133,-3.317,-4.008,-3.317,-3.938,-3.930,-3.939,-3.810,-3.381,-3.885,-3.713,-4.133,-3.763,-4.090,-3.939,-3.755,-3.846
21.000,-3.736,-4.054,-3.256,-3.888,-3.279,-3.836,-3.850,-3.844,-3.714,-3.256,-3.791,-3.613,-4.054,-3.667,-3.998,-3.820,-3.660,-3.765
22.000,-3.636,-3.974,-3.174,-3.796,-3.194,-3.735,-3.810,-3.759,-3.620,-3.174,-3.694,-3.537,-3.974,-3.519,-3.781,-3.724,-3.562,-3.664
23.000,-3.541,-3.886,-3.092,-3.705,-3.117,-3.638,-3.760,-3.659,-3.543,-3.092,-3.590,-3.448,-3.886,-3.420,-3.669,-3.602,-3.474,-3.516
24.000,-3.457,-3.785,-3.003,-3.623,-3.031,-3.549,-3.710,-3.610,-3.445,-3.003,-3.526,-3.347,-3.785,-3.326,-3.563,-3.487,-3.377,-3.473
25.000,-3.365,-3.710,-2.924,-3.537,-2.939,-3.470,-3.630,-3.525,-3.326,-2.924,-3.440,-3.253,-3.710,-3.236,-3.388,-3.388,-3.282,-3.424
26.000,-3.277,-3.624,-2.801,-3.452,-2.801,-3.374,-3.540,-3.421,-3.240,-2.853,-3.339,-3.174,-3.624,-3.182,-3.321,-3.271,-3.195,-3.365
27.000,-3.193,-3.514,-2.722,-3.376,-2.722,-3.307,-3.450,-3.343,-3.149,-2.783,-3.274,-3.102,-3.514,-3.070,-3.234,-3.198,-3.101,-3.268
28.000,-3.112,-3.453,-2.622,-3.302,-2.622,-3.207,-3.330,-3.283,-3.077,-2.705,-3.201,-2.994,-3.453,-3.027,-3.216,-3.119,-3.020,-3.131
29.000,-3.040,-3.374,-2.568,-3.216,-2.568,-3.133,-3.270,-3.199,-3.000,-2.613,-3.136,-2.925,-3.374,-2.936,-3.143,-3.071,-2.932,-3.078
30.000,-2.960,-3.298,-2.504,-3.124,-2.504,-3.068,-3.190,-3.136,-2.923,-2.523,-3.067,-2.866,-3.298,-2.859,-3.060,-2.980,-2.852,-2.955
31.000,-2.877,-3.182,-2.407,-3.030,-2.407,-2.992,-3.100,-3.034,-2.845,-2.426,-2.973,-2.790,-3.182,-2.797,-3.040,-2.924,-2.764,-2.846
32.000,-2.796,-3.108,-2.313,-2.941,-2.313,-2.907,-3.030,-2.973,-2.750,-2.328,-2.930,-2.702,-3.108,-2.691,-2.985,-2.837,-2.681,-2.761
33.000,-2.716,-3.041,-2.240,-2.864,-2.241,-2.842,-2.920,-2.895,-2.660,-2.240,-2.852,-2.606,-3.041,-2.623,-2.940,-2.774,-2.593,-2.648
34.000,-2.638,-2.923,-2.170,-2.787,-2.173,-2.763,-2.830,-2.849,-2.592,-2.170,-2.793,-2.509,-2.923,-2.544,-2.841,-2.690,-2.517,-2.591
35.000,-2.558,-2.848,-2.096,-2.704,-2.096,-2.667,-2.760,-2.731,-2.503,-2.100,-2.715,-2.428,-2.848,-2.473,-2.718,-2.634,-2.439,-2.548
36.000,-2.478,-2.789,-2.006,-2.614,-2.039,-2.577,-2.680,-2.652,-2.410,-2.006,-2.636,-2.345,-2.789,-2.364,-2.677,-2.565,-2.358,-2.460
37.000,-2.396,-2.702,-1.917,-2.540,-1.939,-2.502,-2.620,-2.589,-2.338,-1.917,-2.536,-2.247,-2.702,-2.284,-2.606,-2.493,-2.272,-2.351
38.000,-2.310,-2.617,-1.812,-2.462,-1.812,-2.422,-2.560,-2.498,-2.250,-1.833,-2.455,-2.168,-2.617,-2.187,-2.553,-2.385,-2.187,-2.263
39.000,-2.232,-2.562,-1.730,-2.358,-1.730,-2.325,-2.510,-2.445,-2.167,-1.757,-2.364,-2.064,-2.562,-2.096,-2.525,-2.291,-2.104,-2.185
40.000,-2.150,-2.479,-1.651,-2.287,-1.651,-2.255,-2.410,-2.402,-2.082,-1.665,-2.264,-1.968,-2.479,-1.991,-2.413,-2.231,-2.023,-2.125
41.000,-2.067,-2.395,-1.565,-2.207,-1.565,-2.184,-2.350,-2.349,-1.991,-1.578,-2.177,-1.884,-2.395,-1.864,-2.308,-2.140,-1.941,-2.080
42.000,-1.978,-2.274,-1.478,-2.114,-1.491,-2.079,-2.270,-2.202,-1.916,-1.478,-2.133,-1.797,-2.274,-1.805,-2.203,-2.048,-1.861,-1.995
43.000,-1.894,-2.230,-1.360,-2.029,-1.402,-2.002,-2.230,-2.092,-1.843,-1.360,-2.052,-1.708,-2.180,-1.740,-2.192,-1.933,-1.791,-1.861
44.000,-1.806,-2.140,-1.279,-1.948,-1.318,-1.928,-2.140,-2.011,-1.750,-1.279,-1.953,-1.625,-2.092,-1.660,-2.050,-1.838,-1.710,-1.793
45.000,-1.723,-2.080,-1.203,-1.871,-1.218,-1.818,-2.080,-1.928,-1.667,-1.203,-1.846,-1.539,-2.015,-1.591,-1.974,-1.738,-1.634,-1.724
46.000,-1.642,-2.010,-1.103,-1.789,-1.108,-1.757,-2.010,-1.827,-1.587,-1.103,-1.776,-1.457,-1.938,-1.533,-1.938,-1.587,-1.545,-1.678
47.000,-1.559,-1.960,-1.005,-1.704,-1.012,-1.683,-1.960,-1.737,-1.493,-1.005,-1.704,-1.368,-1.863,-1.471,-1.833,-1.497,-1.458,-1.590
48.000,-1.469,-1.890,-0.931,-1.633,-0.931,-1.591,-1.890,-1.619,-1.406,-0.941,-1.616,-1.283,-1.787,-1.350,-1.739,-1.384,-1.362,-1.504
49.000,-1.388,-1.820,-0.825,-1.554,-0.825,-1.507,-1.820,-1.556,-1.332,-0.877,-1.500,-1.197,-1.717,-1.288,-1.609,-1.331,-1.277,-1.436
50.000,-1.299,-1.710,-0.756,-1.463,-0.756,-1.413,-1.710,-1.484,-1.238,-0.790,-1.381,-1.115,-1.624,-1.213,-1.517,-1.230,-1.177,-1.374
51.000,-1.207,-1.600,-0.665,-1.376,-0.665,-1.301,-1.600,-1.382,-1.161,-0.729,-1.324,-1.023,-1.532,-1.156,-1.380,-1.139,-1.085,-1.245
52.000,-1.106,-1.490,-0.552,-1.301,-0.552,-1.234,-1.490,-1.274,-1.074,-0.639,-1.211,-0.919,-1.435,-1.094,-1.211,-1.029,-0.996,-1.132
53.000,-1.022,-1.400,-0.474,-1.204,-0.474,-1.166,-1.400,-1.243,-0.995,-0.541,-1.103,-0.831,-1.349,-1.003,-1.128,-0.926,-0.912,-1.056
54.000,-0.922,-1.310,-0.381,-1.125,-0.381,-1.055,-1.310,-1.075,-0.895,-0.440,-0.979,-0.743,-1.255,-0.926,-1.049,-0.806,-0.817,-0.968
55.000,-0.817,-1.230,-0.308,-1.033,-0.308,-0.964,-1.230,-1.012,-0.790,-0.343,-0.866,-0.656,-1.163,-0.840,-0.905,-0.708,-0.725,-0.714
56.000,-0.730,-1.110,-0.180,-0.947,-0.180,-0.901,-1.110,-0.950,-0.711,-0.251,-0.783,-0.573,-1.084,-0.775,-0.825,-0.590,-0.628,-0.640
57.000,-0.631,-0.970,-0.092,-0.845,-0.092,-0.794,-0.970,-0.832,-0.627,-0.173,-0.676,-0.475,-0.963,-0.666,-0.708,-0.522,-0.533,-0.580
58.000,-0.542,-0.910,0.006,-0.753,0.006,-0.700,-0.910,-0.791,-0.500,-0.087,-0.562,-0.386,-0.860,-0.580,-0.662,-0.424,-0.444,-0.481
59.000,-0.451,-0.820,0.107,-0.666,0.107,-0.616,-0.820,-0.696,-0.408,0.029,-0.452,-0.309,-0.774,-0.494,-0.594,-0.291,-0.344,-0.433
60.000,-0.359,-0.710,0.220,-0.557,0.220,-0.546,-0.710,-0.649,-0.300,0.134,-0.391,-0.196,-0.681,-0.406,-0.504,-0.193,-0.251,-0.358
61.000,-0.253,-0.640,0.328,-0.475,0.328,-0.466,-0.640,-0.443,-0.213,0.234,-0.332,-0.101,-0.607,-0.317,-0.409,-0.046,-0.159,-0.155
62.000,-0.146,-0.510,0.443,-0.389,0.443,-0.387,-0.510,-0.355,-0.101,0.375,-0.224,-0.003,-0.500,-0.227,-0.303,0.121,-0.063,-0.063
63.000,-0.057,-0.460,0.553,-0.289,0.553,-0.288,-0.460,-0.294,0.001,0.484,-0.117,0.088,-0.436,-0.151,-0.289,0.246,0.030,0.059
64.000,0.038,-0.370,0.639,-0.202,0.639,-0.192,-0.370,-0.245,0.082,0.632,-0.055,0.194,-0.349,-0.017,-0.161,0.355,0.127,0.136
65.000,0.145,-0.278,0.758,-0.108,0.758,-0.088,-0.260,-0.146,0.194,0.747,0.065,0.314,-0.278,0.124,-0.079,0.497,0.226,0.205
66.000,0.255,-0.170,0.885,-0.013,0.885,0.029,-0.160,-0.030,0.313,0.875,0.127,0.417,-0.170,0.230,0.062,0.615,0.335,0.317
67.000,0.375,-0.070,1.040,0.087,1.008,0.157,-0.070,0.143,0.412,1.040,0.227,0.509,-0.043,0.386,0.223,0.689,0.443,0.419
68.000,0.485,0.046,1.155,0.202,1.155,0.232,0.050,0.239,0.544,1.153,0.337,0.616,0.046,0.473,0.305,0.845,0.547,0.528
69.000,0.589,0.140,1.274,0.311,1.246,0.361,0.140,0.336,0.646,1.274,0.406,0.727,0.168,0.584,0.408,0.931,0.657,0.637
70.000,0.705,0.230,1.420,0.435,1.367,0.479,0.230,0.367,0.756,1.420,0.554,0.835,0.287,0.696,0.634,1.021,0.771,0.717
71.000,0.818,0.310,1.554,0.541,1.510,0.611,0.310,0.438,0.861,1.554,0.677,0.941,0.389,0.791,0.723,1.160,0.888,0.870
72.000,0.957,0.420,1.709,0.665,1.709,0.718,0.420,0.598,0.997,1.669,0.910,1.087,0.510,0.916,0.797,1.320,1.015,1.027
73.000,1.078,0.580,1.807,0.796,1.807,0.810,0.580,0.703,1.103,1.770,0.994,1.218,0.662,1.072,0.849,1.532,1.130,1.140
74.000,1.216,0.760,1.970,0.927,1.970,0.913,0.760,0.787,1.223,1.898,1.097,1.334,0.771,1.220,1.018,1.650,1.267,1.399
75.000,1.333,0.860,2.075,1.052,2.075,1.023,0.860,0.938,1.321,2.061,1.203,1.482,0.872,1.330,1.169,1.736,1.393,1.482
76.000,1.466,1.000,2.201,1.178,2.200,1.151,1.000,1.104,1.479,2.201,1.307,1.599,1.012,1.451,1.217,1.893,1.534,1.661
77.000,1.592,1.122,2.348,1.326,2.304,1.267,1.160,1.183,1.613,2.348,1.447,1.738,1.122,1.615,1.299,1.994,1.679,1.788
78.000,1.736,1.250,2.507,1.454,2.495,1.389,1.320,1.283,1.780,2.507,1.595,1.859,1.250,1.727,1.462,2.067,1.834,2.020
79.000,1.905,1.396,2.667,1.604,2.641,1.566,1.490,1.434,1.939,2.667,1.781,1.976,1.396,1.903,1.800,2.169,1.973,2.235
80.000,2.058,1.546,2.812,1.754,2.786,1.755,1.620,1.560,2.103,2.812,1.941,2.107,1.546,2.071,1.937,2.375,2.112,2.389
81.000,2.191,1.660,2.982,1.898,2.913,1.907,1.730,1.660,2.294,2.982,2.088,2.270,1.683,2.210,1.970,2.429,2.269,2.557
82.000,2.344,1.819,3.138,2.042,3.054,2.043,1.870,1.849,2.470,3.138,2.257,2.420,1.819,2.414,2.150,2.520,2.413,2.705
83.000,2.503,1.943,3.349,2.190,3.208,2.154,2.120,2.039,2.646,3.349,2.450,2.614,1.943,2.605,2.201,2.618,2.572,2.835
84.000,2.688,2.105,3.588,2.364,3.409,2.295,2.330,2.220,2.856,3.588,2.634,2.783,2.105,2.792,2.473,2.791,2.725,2.950
85.000,2.879,2.266,3.804,2.534,3.661,2.434,2.470,2.382,3.034,3.804,2.796,2.987,2.266,2.952,2.895,2.992,2.885,3.101
86.000,3.047,2.392,4.055,2.722,3.842,2.579,2.610,2.582,3.196,4.055,2.871,3.214,2.392,3.055,3.058,3.212,3.068,3.256
87.000,3.243,2.584,4.294,2.940,4.037,2.739,2.740,2.748,3.433,4.294,3.003,3.403,2.584,3.229,3.323,3.446,3.292,3.437
88.000,3.438,2.699,4.563,3.117,4.248,2.999,2.890,3.018,3.696,4.563,3.142,3.639,2.699,3.514,3.360,3.593,3.524,3.575
89.000,3.666,2.943,4.838,3.324,4.507,3.236,3.120,3.195,3.942,4.838,3.400,3.844,2.943,3.784,3.497,3.822,3.750,3.786
90.000,3.894,3.139,5.118,3.568,4.604,3.442,3.280,3.500,4.196,5.118,3.571,4.112,3.139,4.035,3.844,4.113,3.948,3.943
91.000,4.150,3.398,5.522,3.786,4.853,3.700,3.600,3.744,4.396,5.522,3.754,4.377,3.398,4.362,3.901,4.482,4.239,4.137
92.000,4.442,3.613,5.812,4.035,5.208,3.891,3.870,4.085,4.728,5.812,3.937,4.719,3.613,4.645,4.215,4.777,4.490,4.611
93.000,4.720,3.790,6.128,4.351,5.560,4.165,4.080,4.389,5.012,6.128,4.221,5.026,3.790,4.970,4.377,5.172,4.782,4.771
94.000,5.066,4.011,6.523,4.694,5.871,4.532,4.450,4.883,5.358,6.523,4.409,5.342,4.011,5.309,4.921,5.606,5.122,4.952
95.000,5.411,4.262,7.000,5.049,6.231,4.835,4.820,5.113,5.736,7.000,4.625,5.714,4.262,5.637,5.346,5.926,5.534,5.333
96.000,5.816,4.686,7.471,5.463,6.658,5.157,5.230,5.552,6.183,7.471,4.965,6.178,4.686,5.852,5.415,6.358,5.958,6.108
97.000,6.287,5.135,8.097,5.880,6.927,5.675,5.600,6.272,6.655,8.097,5.327,6.801,5.135,6.324,5.717,6.928,6.495,6.473
98.000,6.939,5.666,8.983,6.467,7.594,6.034,6.240,6.838,7.482,8.983,5.890,7.397,5.666,7.035,6.234,7.759,7.222,7.245
99.000,8.064,6.512,10.487,7.359,8.161,7.045,9.140,7.590,8.728,10.487,6.835,8.529,6.600,8.097,6.512,9.418,8.348,8.104
100.000,11.656,8.752,15.371,13.106,12.602,11.290,9.610,11.573,12.177,13.710,8.752,12.249,9.305,11.897,10.082,15.371,13.211,9.902
