# RP-180524 attachment, 01.IndoorHotspot-eMBB_CouplingGain_and_DLgeometry_v18.xlsx, sheet InH_4GHz_36TRxP_ModelB
pct,mean,min,max,Huawei,CATT,CATR,China Telecom,OPPO,MediaTek,Intel,ITRI,vivo,LGE,ZTE,Nokia,Motorola/Lenovo,Sharp,Ericsson,NTT DOCOMO
0.000,-8.242,-9.570,-6.720,-9.570,-7.746,-8.024,-8.216,-6.720,-7.908,-8.612,-8.172,-7.748,-8.664,-7.877,-8.279,-8.624,-8.997,-7.882,-8.832
1.000,-6.748,-7.290,-6.250,-7.199,-6.310,-6.669,-6.737,-6.250,-6.570,-6.825,-7.082,-6.787,-6.708,-6.674,-7.290,-6.696,-6.753,-6.848,-6.562
2.000,-6.318,-6.967,-5.966,-6.640,-6.074,-6.191,-6.262,-6.000,-6.232,-6.379,-6.522,-5.966,-6.260,-6.306,-6.967,-6.291,-6.317,-6.517,-6.158
3.000,-6.018,-6.754,-5.523,-6.303,-5.873,-5.963,-5.974,-5.840,-6.039,-6.054,-6.182,-5.523,-5.951,-5.881,-6.754,-6.029,-6.007,-6.070,-5.838
4.000,-5.773,-6.433,-5.357,-6.019,-5.765,-5.704,-5.522,-5.700,-5.708,-5.824,-5.952,-5.357,-5.672,-5.579,-6.433,-5.793,-5.778,-5.953,-5.612
5.000,-5.575,-6.062,-5.169,-5.790,-5.566,-5.508,-5.322,-5.560,-5.564,-5.630,-5.785,-5.169,-5.501,-5.339,-6.062,-5.681,-5.537,-5.778,-5.413
6.000,-5.373,-5.616,-5.109,-5.616,-5.354,-5.369,-5.129,-5.410,-5.371,-5.427,-5.587,-5.109,-5.318,-5.181,-5.432,-5.479,-5.368,-5.591,-5.228
7.000,-5.209,-5.450,-4.952,-5.450,-5.144,-5.179,-4.952,-5.220,-5.231,-5.247,-5.417,-5.015,-5.150,-5.026,-5.347,-5.350,-5.209,-5.322,-5.081
8.000,-5.072,-5.314,-4.742,-5.289,-5.027,-5.062,-4.742,-5.060,-5.134,-5.112,-5.314,-4.867,-5.023,-4.908,-5.161,-5.233,-5.041,-5.217,-4.958
9.000,-4.911,-5.196,-4.595,-5.163,-4.830,-4.971,-4.617,-4.910,-5.084,-4.977,-5.196,-4.698,-4.884,-4.769,-4.595,-5.063,-4.903,-5.087,-4.825
10.000,-4.783,-5.039,-4.489,-5.024,-4.674,-4.795,-4.506,-4.750,-5.032,-4.847,-5.039,-4.568,-4.762,-4.646,-4.489,-4.932,-4.780,-4.988,-4.699
11.000,-4.655,-4.900,-4.407,-4.895,-4.518,-4.684,-4.430,-4.650,-4.866,-4.748,-4.900,-4.489,-4.646,-4.463,-4.407,-4.802,-4.646,-4.765,-4.579
12.000,-4.543,-4.823,-4.223,-4.776,-4.382,-4.565,-4.358,-4.490,-4.752,-4.621,-4.823,-4.399,-4.524,-4.369,-4.223,-4.726,-4.514,-4.701,-4.460
13.000,-4.424,-4.678,-4.166,-4.650,-4.258,-4.459,-4.175,-4.430,-4.614,-4.482,-4.678,-4.242,-4.427,-4.261,-4.166,-4.622,-4.395,-4.576,-4.356
14.000,-4.312,-4.569,-4.087,-4.547,-4.129,-4.356,-4.095,-4.300,-4.457,-4.367,-4.569,-4.158,-4.305,-4.147,-4.087,-4.498,-4.292,-4.439,-4.241
15.000,-4.212,-4.458,-4.012,-4.458,-4.026,-4.249,-4.016,-4.220,-4.321,-4.251,-4.443,-4.100,-4.182,-4.040,-4.012,-4.374,-4.202,-4.367,-4.139
16.000,-4.110,-4.380,-3.906,-4.351,-3.942,-4.161,-3.906,-4.120,-4.188,-4.130,-4.380,-3.978,-4.073,-3.941,-3.929,-4.282,-4.111,-4.241,-4.028
17.000,-4.012,-4.231,-3.812,-4.231,-3.859,-4.091,-3.812,-4.040,-4.113,-4.036,-4.229,-3.882,-3.964,-3.833,-3.887,-4.146,-4.006,-4.134,-3.935
18.000,-3.911,-4.135,-3.717,-4.135,-3.778,-3.990,-3.749,-3.950,-3.989,-3.941,-4.111,-3.801,-3.868,-3.717,-3.774,-4.060,-3.905,-3.972,-3.836
19.000,-3.810,-4.033,-3.621,-4.033,-3.672,-3.902,-3.621,-3.860,-3.895,-3.844,-4.024,-3.730,-3.787,-3.625,-3.624,-3.960,-3.823,-3.822,-3.736
20.000,-3.714,-3.953,-3.539,-3.933,-3.555,-3.820,-3.571,-3.780,-3.746,-3.737,-3.953,-3.610,-3.693,-3.546,-3.539,-3.858,-3.726,-3.728,-3.626
21.000,-3.629,-3.854,-3.458,-3.836,-3.458,-3.752,-3.517,-3.740,-3.668,-3.647,-3.854,-3.464,-3.596,-3.477,-3.488,-3.742,-3.628,-3.663,-3.540
22.000,-3.538,-3.743,-3.369,-3.743,-3.374,-3.685,-3.442,-3.650,-3.642,-3.525,-3.730,-3.369,-3.502,-3.396,-3.403,-3.648,-3.540,-3.521,-3.431
23.000,-3.449,-3.654,-3.270,-3.654,-3.280,-3.590,-3.351,-3.620,-3.525,-3.438,-3.604,-3.270,-3.412,-3.308,-3.332,-3.550,-3.449,-3.461,-3.336
24.000,-3.360,-3.574,-3.185,-3.574,-3.196,-3.499,-3.252,-3.550,-3.460,-3.339,-3.550,-3.185,-3.335,-3.188,-3.203,-3.433,-3.355,-3.396,-3.239
25.000,-3.275,-3.510,-3.072,-3.483,-3.101,-3.404,-3.144,-3.510,-3.384,-3.244,-3.491,-3.090,-3.235,-3.072,-3.110,-3.367,-3.266,-3.337,-3.167
26.000,-3.188,-3.440,-2.984,-3.395,-3.034,-3.315,-3.053,-3.440,-3.279,-3.152,-3.421,-3.010,-3.150,-2.984,-3.044,-3.201,-3.175,-3.266,-3.081
27.000,-3.101,-3.360,-2.875,-3.307,-2.903,-3.240,-2.981,-3.360,-3.185,-3.091,-3.341,-2.947,-3.049,-2.875,-2.956,-3.146,-3.079,-3.170,-2.984
28.000,-3.016,-3.280,-2.785,-3.226,-2.835,-3.182,-2.891,-3.280,-3.114,-2.980,-3.223,-2.849,-2.967,-2.785,-2.927,-3.074,-2.988,-3.059,-2.885
29.000,-2.936,-3.220,-2.692,-3.138,-2.728,-3.141,-2.804,-3.220,-3.022,-2.904,-3.114,-2.769,-2.882,-2.692,-2.857,-3.021,-2.900,-3.000,-2.792
30.000,-2.862,-3.150,-2.589,-3.049,-2.637,-3.083,-2.752,-3.150,-2.989,-2.822,-3.048,-2.733,-2.816,-2.589,-2.752,-2.944,-2.816,-2.885,-2.720
31.000,-2.786,-3.120,-2.522,-2.963,-2.562,-3.000,-2.629,-3.120,-2.901,-2.755,-2.981,-2.692,-2.745,-2.522,-2.715,-2.829,-2.729,-2.775,-2.658
32.000,-2.692,-3.030,-2.409,-2.880,-2.429,-2.936,-2.539,-3.030,-2.795,-2.660,-2.911,-2.626,-2.650,-2.409,-2.582,-2.773,-2.650,-2.631,-2.570
33.000,-2.606,-2.930,-2.289,-2.798,-2.329,-2.856,-2.446,-2.930,-2.693,-2.570,-2.836,-2.547,-2.571,-2.289,-2.542,-2.713,-2.567,-2.535,-2.478
34.000,-2.535,-2.860,-2.195,-2.723,-2.275,-2.781,-2.376,-2.860,-2.597,-2.510,-2.766,-2.492,-2.480,-2.195,-2.452,-2.682,-2.481,-2.492,-2.403
35.000,-2.454,-2.780,-2.126,-2.641,-2.180,-2.715,-2.278,-2.780,-2.555,-2.422,-2.710,-2.399,-2.375,-2.126,-2.329,-2.606,-2.402,-2.434,-2.303
36.000,-2.374,-2.650,-2.054,-2.553,-2.109,-2.619,-2.211,-2.650,-2.491,-2.334,-2.615,-2.346,-2.272,-2.054,-2.285,-2.558,-2.325,-2.355,-2.209
37.000,-2.291,-2.590,-1.974,-2.475,-1.990,-2.557,-2.142,-2.590,-2.438,-2.246,-2.536,-2.233,-2.192,-1.974,-2.241,-2.467,-2.240,-2.208,-2.122
38.000,-2.213,-2.510,-1.913,-2.403,-1.915,-2.485,-2.075,-2.510,-2.329,-2.156,-2.409,-2.130,-2.103,-1.913,-2.218,-2.395,-2.155,-2.164,-2.043
39.000,-2.129,-2.440,-1.815,-2.329,-1.850,-2.416,-1.971,-2.440,-2.245,-2.082,-2.309,-2.056,-2.007,-1.815,-2.153,-2.263,-2.078,-2.085,-1.963
40.000,-2.036,-2.390,-1.721,-2.233,-1.721,-2.341,-1.885,-2.390,-2.185,-1.989,-2.151,-1.966,-1.912,-1.734,-2.071,-2.140,-1.990,-1.969,-1.893
41.000,-1.959,-2.300,-1.628,-2.133,-1.628,-2.269,-1.829,-2.300,-2.128,-1.899,-2.048,-1.886,-1.823,-1.669,-2.021,-2.038,-1.906,-1.941,-1.827
42.000,-1.884,-2.210,-1.579,-2.064,-1.579,-2.165,-1.714,-2.210,-2.038,-1.815,-1.988,-1.830,-1.732,-1.582,-1.993,-1.968,-1.821,-1.883,-1.753
43.000,-1.796,-2.140,-1.482,-1.985,-1.482,-2.084,-1.611,-2.140,-1.972,-1.744,-1.924,-1.771,-1.641,-1.511,-1.880,-1.860,-1.747,-1.711,-1.671
44.000,-1.708,-2.060,-1.414,-1.898,-1.414,-1.988,-1.554,-2.060,-1.919,-1.630,-1.851,-1.683,-1.553,-1.428,-1.658,-1.765,-1.671,-1.648,-1.605
45.000,-1.623,-1.970,-1.321,-1.815,-1.347,-1.906,-1.477,-1.970,-1.752,-1.545,-1.776,-1.618,-1.458,-1.321,-1.613,-1.641,-1.589,-1.594,-1.538
46.000,-1.544,-1.910,-1.247,-1.739,-1.247,-1.804,-1.403,-1.910,-1.646,-1.460,-1.704,-1.544,-1.380,-1.247,-1.585,-1.540,-1.506,-1.530,-1.458
47.000,-1.458,-1.840,-1.119,-1.659,-1.158,-1.735,-1.336,-1.840,-1.526,-1.379,-1.625,-1.466,-1.309,-1.119,-1.526,-1.369,-1.424,-1.481,-1.380
48.000,-1.367,-1.760,-1.007,-1.582,-1.081,-1.655,-1.233,-1.760,-1.467,-1.292,-1.523,-1.336,-1.240,-1.007,-1.405,-1.279,-1.322,-1.384,-1.305
49.000,-1.283,-1.710,-0.932,-1.493,-0.967,-1.584,-1.125,-1.710,-1.415,-1.201,-1.416,-1.265,-1.144,-0.932,-1.334,-1.172,-1.232,-1.317,-1.214
50.000,-1.187,-1.600,-0.837,-1.411,-0.883,-1.477,-1.030,-1.600,-1.281,-1.118,-1.302,-1.199,-1.059,-0.837,-1.275,-1.075,-1.137,-1.195,-1.113
51.000,-1.100,-1.510,-0.755,-1.319,-0.822,-1.383,-0.920,-1.510,-1.231,-1.050,-1.230,-1.147,-0.988,-0.755,-1.157,-0.941,-1.052,-1.073,-1.021
52.000,-1.012,-1.440,-0.680,-1.233,-0.727,-1.286,-0.845,-1.440,-1.171,-0.963,-1.160,-1.066,-0.890,-0.680,-1.015,-0.848,-0.961,-0.981,-0.918
53.000,-0.927,-1.340,-0.601,-1.154,-0.601,-1.230,-0.749,-1.340,-1.047,-0.886,-1.087,-0.965,-0.793,-0.610,-1.001,-0.785,-0.856,-0.881,-0.846
54.000,-0.827,-1.250,-0.500,-1.074,-0.500,-1.143,-0.666,-1.250,-0.962,-0.767,-0.998,-0.731,-0.710,-0.517,-0.963,-0.658,-0.774,-0.760,-0.755
55.000,-0.733,-1.160,-0.409,-0.983,-0.416,-1.069,-0.559,-1.160,-0.844,-0.684,-0.922,-0.659,-0.604,-0.409,-0.899,-0.555,-0.681,-0.631,-0.652
56.000,-0.648,-1.070,-0.330,-0.896,-0.330,-0.999,-0.455,-1.070,-0.753,-0.586,-0.797,-0.600,-0.514,-0.333,-0.800,-0.477,-0.593,-0.584,-0.578
57.000,-0.556,-0.970,-0.242,-0.785,-0.242,-0.915,-0.354,-0.970,-0.708,-0.519,-0.713,-0.519,-0.437,-0.248,-0.643,-0.394,-0.498,-0.464,-0.482
58.000,-0.465,-0.830,-0.132,-0.703,-0.132,-0.830,-0.248,-0.820,-0.636,-0.412,-0.650,-0.392,-0.346,-0.151,-0.622,-0.329,-0.413,-0.377,-0.380
59.000,-0.370,-0.757,-0.034,-0.606,-0.053,-0.757,-0.154,-0.720,-0.592,-0.291,-0.493,-0.257,-0.246,-0.034,-0.573,-0.235,-0.318,-0.322,-0.275
60.000,-0.274,-0.662,0.073,-0.521,0.073,-0.662,-0.064,-0.600,-0.519,-0.192,-0.428,-0.166,-0.158,0.064,-0.398,-0.165,-0.229,-0.234,-0.178
61.000,-0.164,-0.553,0.176,-0.428,0.168,-0.553,0.036,-0.540,-0.369,-0.085,-0.312,-0.009,-0.057,0.176,-0.320,-0.011,-0.128,-0.116,-0.082
62.000,-0.055,-0.452,0.310,-0.341,0.310,-0.452,0.148,-0.440,-0.220,0.011,-0.250,0.079,0.036,0.263,-0.186,0.154,-0.038,0.009,0.031
63.000,0.049,-0.376,0.401,-0.241,0.401,-0.376,0.260,-0.350,-0.122,0.100,-0.131,0.185,0.141,0.380,-0.091,0.275,0.063,0.166,0.124
64.000,0.153,-0.270,0.503,-0.149,0.503,-0.263,0.365,-0.270,-0.052,0.200,0.016,0.268,0.249,0.500,0.038,0.435,0.164,0.210,0.229
65.000,0.260,-0.190,0.614,-0.048,0.614,-0.169,0.503,-0.190,0.013,0.304,0.131,0.404,0.358,0.599,0.170,0.529,0.280,0.317,0.342
66.000,0.369,-0.120,0.700,0.050,0.700,-0.090,0.614,-0.120,0.079,0.441,0.199,0.559,0.456,0.698,0.348,0.661,0.390,0.455,0.467
67.000,0.476,-0.020,0.836,0.166,0.791,0.043,0.707,-0.020,0.250,0.543,0.271,0.684,0.540,0.836,0.408,0.792,0.495,0.564,0.547
68.000,0.579,0.050,0.973,0.270,0.903,0.167,0.787,0.050,0.379,0.646,0.385,0.756,0.654,0.973,0.527,0.867,0.605,0.642,0.652
69.000,0.681,0.130,1.076,0.374,0.987,0.276,0.916,0.130,0.506,0.749,0.468,0.798,0.767,1.076,0.635,0.973,0.713,0.780,0.753
70.000,0.797,0.240,1.172,0.484,1.129,0.419,1.054,0.240,0.562,0.875,0.594,0.945,0.894,1.172,0.764,1.103,0.820,0.849,0.847
71.000,0.924,0.360,1.315,0.603,1.260,0.575,1.189,0.360,0.763,0.977,0.719,1.034,1.006,1.315,0.868,1.222,0.945,0.986,0.955
72.000,1.048,0.460,1.440,0.711,1.388,0.718,1.315,0.460,0.824,1.100,0.812,1.224,1.128,1.440,1.056,1.378,1.050,1.114,1.058
73.000,1.186,0.590,1.573,0.846,1.524,0.830,1.425,0.590,0.952,1.196,1.011,1.329,1.256,1.573,1.216,1.555,1.179,1.270,1.218
74.000,1.334,0.790,1.758,0.991,1.709,0.958,1.496,0.790,1.150,1.321,1.114,1.544,1.377,1.697,1.327,1.758,1.321,1.475,1.320
75.000,1.459,0.930,1.908,1.114,1.804,1.087,1.652,0.930,1.222,1.443,1.193,1.705,1.493,1.804,1.521,1.908,1.453,1.575,1.443
76.000,1.583,0.990,1.983,1.222,1.940,1.177,1.733,0.990,1.350,1.594,1.321,1.824,1.660,1.966,1.631,1.983,1.611,1.758,1.573
77.000,1.719,1.150,2.147,1.354,2.056,1.296,1.851,1.150,1.460,1.738,1.450,1.961,1.799,2.147,1.719,2.126,1.752,1.925,1.721
78.000,1.857,1.320,2.326,1.500,2.178,1.457,1.991,1.320,1.519,1.901,1.598,2.066,1.933,2.326,1.820,2.250,1.886,2.101,1.861
79.000,1.991,1.440,2.490,1.657,2.301,1.568,2.152,1.440,1.628,2.082,1.673,2.128,2.053,2.490,1.929,2.350,2.023,2.356,2.024
80.000,2.138,1.650,2.666,1.810,2.428,1.689,2.237,1.650,1.802,2.225,1.837,2.325,2.185,2.666,2.122,2.452,2.171,2.433,2.178
81.000,2.283,1.790,2.784,1.935,2.554,1.792,2.402,1.790,1.984,2.425,2.000,2.448,2.349,2.784,2.220,2.578,2.330,2.594,2.342
82.000,2.441,1.935,3.001,2.093,2.718,1.935,2.641,1.940,2.153,2.619,2.124,2.516,2.508,3.001,2.349,2.658,2.477,2.800,2.516
83.000,2.576,2.041,3.237,2.258,2.818,2.041,2.759,2.070,2.261,2.771,2.324,2.637,2.646,3.237,2.386,2.767,2.614,2.934,2.688
84.000,2.738,2.182,3.357,2.423,2.936,2.182,2.952,2.260,2.401,2.932,2.517,2.817,2.847,3.357,2.556,2.911,2.793,3.057,2.865
85.000,2.932,2.304,3.551,2.598,3.183,2.304,3.118,2.440,2.623,3.124,2.617,2.970,3.034,3.551,2.995,3.073,2.947,3.242,3.088
86.000,3.106,2.499,3.771,2.783,3.364,2.499,3.314,2.580,2.769,3.318,2.808,3.084,3.244,3.771,3.048,3.317,3.134,3.371,3.289
87.000,3.290,2.683,3.965,2.963,3.614,2.683,3.463,2.790,2.883,3.521,2.911,3.275,3.465,3.965,3.265,3.503,3.336,3.521,3.477
88.000,3.510,2.877,4.197,3.175,3.840,2.877,3.636,3.040,3.067,3.775,3.099,3.649,3.695,4.197,3.366,3.725,3.580,3.741,3.695
89.000,3.731,3.090,4.408,3.391,4.041,3.090,3.794,3.220,3.320,4.022,3.226,4.065,3.905,4.408,3.669,3.958,3.808,3.843,3.943
90.000,3.972,3.270,4.631,3.621,4.309,3.270,4.034,3.430,3.484,4.288,3.526,4.436,4.124,4.631,3.849,4.287,4.022,4.084,4.153
91.000,4.229,3.556,4.929,3.835,4.593,3.556,4.391,3.650,3.850,4.483,3.725,4.687,4.415,4.929,3.914,4.582,4.253,4.311,4.491
92.000,4.517,3.787,5.140,4.104,4.860,3.787,4.736,3.930,4.163,4.810,3.948,4.947,4.719,5.140,4.092,4.944,4.551,4.797,4.738
93.000,4.794,4.000,5.429,4.390,5.161,4.000,4.916,4.100,4.519,5.140,4.136,5.280,5.042,5.429,4.517,5.326,4.823,4.905,5.023
94.000,5.130,4.204,5.855,4.737,5.459,4.204,5.312,4.340,5.131,5.496,4.312,5.675,5.372,5.743,4.837,5.855,5.188,5.082,5.331
95.000,5.475,4.497,6.178,5.072,5.727,4.514,5.759,4.710,5.429,5.852,4.497,6.171,5.733,6.178,5.083,6.078,5.590,5.499,5.712
96.000,5.916,4.735,6.603,5.497,6.324,4.735,6.230,5.330,5.909,6.304,4.934,6.603,6.170,6.601,5.271,6.440,6.012,6.174,6.129
97.000,6.447,5.245,7.618,5.966,7.000,5.360,6.596,5.580,6.426,6.773,5.245,7.618,6.802,7.268,5.507,7.018,6.561,6.553,6.874
98.000,7.136,5.926,8.146,6.542,7.740,5.955,7.068,6.100,7.015,7.612,5.926,8.146,7.503,7.941,6.356,7.974,7.272,7.418,7.604
99.000,8.231,6.804,9.869,7.358,8.582,6.804,7.540,8.230,7.941,8.822,6.862,9.869,8.541,9.033,7.350,9.121,8.362,8.365,8.912
100.000,11.519,8.044,16.859,13.124,11.939,9.702,10.267,8.840,11.435,12.334,8.243,12.672,12.305,12.563,8.044,16.859,13.272,10.062,12.639
