# RP-180524 attachment, 01.IndoorHotspot-eMBB_CouplingGain_and_DLgeometry_v18.xlsx, sheet InH_70GHz_12TRxP
pct,mean,min,max,Huawei,CATT,CATR,MediaTek,ITRI,vivo,LGE,ZTE,Intel,China Telecom,Nokia,NEC,Motorola/Lenovo,Sharp,Ericsson,NTT DOCOMO
0.000,-97.280,-102.310,-90.325,-97.823,-100.297,-96.296,-99.914,-91.853,-94.670,-97.209,-99.658,-102.310,-96.778,-94.135,-90.325,-100.871,-97.255,-98.863,-98.223
1.000,-91.538,-94.023,-88.868,-90.617,-91.841,-90.266,-92.393,-91.010,-91.993,-91.872,-91.645,-91.274,-93.691,-93.098,-88.868,-90.770,-90.671,-94.023,-90.573
2.000,-89.900,-92.617,-87.823,-88.786,-90.314,-89.101,-89.617,-88.930,-89.857,-90.043,-89.673,-89.412,-92.144,-92.617,-87.823,-89.300,-89.192,-92.616,-88.978
3.000,-89.007,-92.270,-86.805,-87.957,-89.511,-88.359,-88.463,-88.452,-89.208,-88.934,-88.778,-88.592,-91.191,-90.588,-86.805,-88.545,-88.318,-92.270,-88.147
4.000,-88.297,-91.707,-86.543,-87.391,-88.624,-87.841,-87.262,-87.757,-88.808,-88.414,-88.214,-87.906,-89.662,-89.985,-86.543,-87.730,-87.563,-91.707,-87.345
5.000,-87.722,-90.812,-85.925,-86.826,-88.023,-87.357,-86.658,-87.370,-88.407,-87.764,-87.888,-87.402,-88.976,-89.521,-85.925,-86.995,-86.943,-90.812,-86.689
6.000,-87.155,-90.304,-85.511,-86.317,-87.640,-86.987,-86.175,-86.535,-87.483,-87.263,-87.426,-86.452,-88.374,-88.863,-85.511,-86.321,-86.525,-90.304,-86.303
7.000,-86.676,-89.479,-85.177,-85.877,-87.013,-86.691,-85.533,-86.363,-86.942,-86.742,-87.086,-85.962,-88.021,-87.918,-85.177,-86.032,-86.122,-89.479,-85.856
8.000,-86.324,-89.133,-84.778,-85.466,-86.588,-86.402,-85.335,-86.103,-86.641,-86.288,-86.603,-85.590,-87.687,-87.652,-84.778,-85.612,-85.791,-89.133,-85.515
9.000,-85.957,-88.709,-84.361,-85.112,-86.123,-86.095,-85.004,-85.614,-86.359,-85.992,-86.361,-85.300,-87.291,-87.462,-84.361,-84.974,-85.396,-88.709,-85.159
10.000,-85.553,-87.949,-84.210,-84.866,-85.839,-85.832,-84.490,-85.263,-85.648,-85.692,-86.069,-84.871,-86.927,-86.779,-84.210,-84.503,-85.073,-87.949,-84.837
11.000,-85.240,-87.517,-83.704,-84.613,-85.513,-85.558,-84.313,-85.069,-85.338,-85.397,-85.843,-84.540,-86.524,-86.327,-83.704,-84.277,-84.744,-87.517,-84.567
12.000,-84.968,-86.857,-83.251,-84.353,-85.263,-85.347,-84.117,-84.877,-85.068,-85.048,-85.602,-84.295,-86.347,-86.142,-83.251,-84.159,-84.464,-86.857,-84.292
13.000,-84.654,-86.485,-83.010,-84.114,-84.999,-85.145,-83.750,-84.422,-84.754,-84.766,-85.359,-83.970,-86.184,-85.530,-83.010,-83.808,-84.214,-86.485,-83.948
14.000,-84.408,-86.234,-82.804,-83.911,-84.769,-84.869,-83.395,-84.292,-84.575,-84.441,-85.037,-83.795,-85.940,-85.243,-82.804,-83.495,-84.035,-86.234,-83.688
15.000,-84.158,-85.934,-82.747,-83.680,-84.489,-84.646,-83.123,-83.933,-84.122,-84.256,-84.728,-83.527,-85.580,-85.167,-82.747,-83.385,-83.787,-85.934,-83.428
16.000,-83.898,-85.681,-82.524,-83.429,-84.318,-84.371,-82.924,-83.637,-83.969,-84.009,-84.367,-83.309,-85.323,-84.636,-82.524,-83.110,-83.571,-85.681,-83.195
17.000,-83.701,-85.482,-82.319,-83.176,-84.061,-84.126,-82.707,-83.532,-83.771,-83.729,-84.210,-83.198,-85.160,-84.497,-82.319,-82.956,-83.331,-85.482,-82.962
18.000,-83.453,-85.236,-82.154,-82.958,-83.795,-83.897,-82.318,-83.213,-83.518,-83.517,-84.011,-83.038,-84.672,-84.303,-82.154,-82.744,-83.104,-85.236,-82.767
19.000,-83.241,-85.004,-81.811,-82.779,-83.609,-83.642,-82.201,-82.975,-83.270,-83.296,-83.844,-82.842,-84.341,-84.269,-81.811,-82.581,-82.892,-85.004,-82.508
20.000,-83.040,-84.672,-81.670,-82.544,-83.400,-83.403,-81.986,-82.710,-83.109,-83.161,-83.704,-82.615,-84.116,-84.092,-81.670,-82.448,-82.692,-84.672,-82.314
21.000,-82.788,-84.329,-81.374,-82.368,-83.091,-83.249,-81.695,-82.565,-82.669,-82.980,-83.463,-82.358,-83.751,-83.822,-81.374,-82.308,-82.501,-84.329,-82.086
22.000,-82.591,-83.856,-81.335,-82.144,-82.915,-83.025,-81.634,-82.413,-82.474,-82.776,-83.222,-82.231,-83.629,-83.581,-81.335,-82.011,-82.287,-83.856,-81.922
23.000,-82.354,-83.393,-81.168,-81.962,-82.722,-82.768,-81.461,-82.201,-82.369,-82.520,-82.956,-81.917,-83.328,-83.236,-81.168,-81.834,-82.074,-83.393,-81.762
24.000,-82.173,-83.223,-81.099,-81.747,-82.434,-82.528,-81.217,-82.122,-82.267,-82.343,-82.695,-81.677,-83.105,-83.223,-81.099,-81.742,-81.879,-83.103,-81.584
25.000,-81.967,-82.957,-80.835,-81.570,-82.269,-82.314,-80.835,-81.962,-82.116,-82.203,-82.491,-81.534,-82.957,-82.759,-80.980,-81.591,-81.709,-82.772,-81.406
26.000,-81.782,-82.744,-80.564,-81.357,-82.093,-82.132,-80.564,-81.792,-82.024,-82.007,-82.322,-81.361,-82.744,-82.544,-80.924,-81.464,-81.528,-82.408,-81.243
27.000,-81.604,-82.537,-80.380,-81.209,-81.948,-81.927,-80.380,-81.678,-81.871,-81.814,-82.059,-81.194,-82.537,-82.426,-80.803,-81.267,-81.301,-82.191,-81.056
28.000,-81.375,-82.216,-80.172,-81.033,-81.757,-81.670,-80.172,-81.421,-81.717,-81.585,-81.879,-80.966,-82.216,-81.970,-80.608,-81.068,-81.120,-81.911,-80.905
29.000,-81.198,-82.019,-80.082,-80.860,-81.572,-81.499,-80.082,-81.300,-81.484,-81.420,-81.788,-80.792,-82.019,-81.637,-80.526,-80.913,-80.937,-81.600,-80.741
30.000,-81.028,-81.754,-79.891,-80.691,-81.403,-81.348,-79.891,-81.215,-81.337,-81.195,-81.507,-80.618,-81.754,-81.544,-80.386,-80.851,-80.760,-81.375,-80.576
31.000,-80.836,-81.541,-79.588,-80.514,-81.242,-81.214,-79.588,-80.967,-81.124,-81.020,-81.296,-80.434,-81.541,-81.350,-80.260,-80.723,-80.583,-81.112,-80.407
32.000,-80.644,-81.313,-79.288,-80.344,-81.069,-81.007,-79.288,-80.920,-80.929,-80.779,-81.074,-80.248,-81.313,-81.245,-80.046,-80.515,-80.408,-80.878,-80.240
33.000,-80.480,-81.214,-79.031,-80.188,-80.902,-80.798,-79.031,-80.800,-80.824,-80.605,-80.933,-79.989,-81.214,-81.190,-79.918,-80.346,-80.223,-80.633,-80.083
34.000,-80.279,-80.954,-78.897,-80.006,-80.651,-80.628,-78.897,-80.438,-80.610,-80.389,-80.770,-79.804,-80.855,-80.954,-79.849,-80.169,-80.038,-80.457,-79.951
35.000,-80.140,-80.928,-78.795,-79.862,-80.518,-80.385,-78.795,-80.345,-80.510,-80.205,-80.568,-79.684,-80.663,-80.928,-79.711,-80.087,-79.873,-80.315,-79.786
36.000,-79.954,-80.629,-78.700,-79.662,-80.332,-80.233,-78.700,-80.209,-80.339,-79.973,-80.466,-79.525,-80.461,-80.629,-79.440,-79.956,-79.675,-80.085,-79.582
37.000,-79.804,-80.405,-78.570,-79.455,-80.206,-80.055,-78.570,-80.071,-80.287,-79.849,-80.295,-79.349,-80.334,-80.405,-79.364,-79.824,-79.510,-79.845,-79.446
38.000,-79.641,-80.175,-78.430,-79.285,-80.012,-79.920,-78.430,-79.921,-80.101,-79.637,-80.173,-79.156,-80.175,-80.118,-79.198,-79.680,-79.347,-79.786,-79.308
39.000,-79.507,-80.047,-78.285,-79.120,-79.856,-79.780,-78.285,-79.840,-79.980,-79.489,-80.032,-79.056,-80.044,-80.047,-79.044,-79.583,-79.168,-79.586,-79.195
40.000,-79.303,-79.923,-78.043,-78.972,-79.617,-79.644,-78.043,-79.707,-79.690,-79.296,-79.923,-78.902,-79.771,-79.583,-78.906,-79.444,-78.973,-79.359,-79.022
41.000,-79.111,-79.672,-77.865,-78.797,-79.472,-79.491,-77.865,-79.475,-79.518,-79.088,-79.672,-78.726,-79.574,-79.443,-78.595,-79.265,-78.806,-79.099,-78.885
42.000,-78.960,-79.534,-77.647,-78.647,-79.303,-79.354,-77.647,-79.326,-79.348,-78.868,-79.534,-78.579,-79.355,-79.363,-78.530,-79.211,-78.629,-78.942,-78.727
43.000,-78.761,-79.429,-77.356,-78.490,-79.076,-79.155,-77.356,-79.074,-79.072,-78.685,-79.429,-78.426,-79.091,-79.182,-78.287,-79.055,-78.462,-78.756,-78.574
44.000,-78.617,-79.289,-77.153,-78.319,-78.893,-79.043,-77.153,-79.040,-78.806,-78.549,-79.289,-78.257,-78.959,-79.136,-78.136,-79.005,-78.308,-78.569,-78.413
45.000,-78.413,-79.015,-76.892,-78.130,-78.723,-78.848,-76.892,-78.722,-78.625,-78.424,-79.015,-78.052,-78.723,-78.802,-78.037,-78.838,-78.142,-78.397,-78.243
46.000,-78.233,-78.716,-76.743,-77.955,-78.549,-78.716,-76.743,-78.619,-78.360,-78.251,-78.716,-77.911,-78.480,-78.705,-77.858,-78.638,-77.945,-78.157,-78.121
47.000,-78.067,-78.638,-76.422,-77.777,-78.400,-78.552,-76.422,-78.492,-78.273,-78.046,-78.486,-77.686,-78.336,-78.638,-77.709,-78.514,-77.775,-78.011,-77.961
48.000,-77.911,-78.528,-76.246,-77.633,-78.217,-78.353,-76.246,-78.460,-78.144,-77.847,-78.360,-77.505,-78.087,-78.528,-77.630,-78.419,-77.606,-77.788,-77.757
49.000,-77.733,-78.424,-76.163,-77.477,-78.047,-78.159,-76.163,-78.424,-77.972,-77.597,-78.118,-77.311,-77.849,-78.389,-77.489,-78.262,-77.392,-77.477,-77.609
50.000,-77.567,-78.245,-76.066,-77.312,-77.777,-78.033,-76.066,-78.149,-77.902,-77.457,-77.822,-77.116,-77.624,-78.245,-77.353,-78.165,-77.226,-77.353,-77.475
51.000,-77.376,-78.038,-75.855,-77.142,-77.571,-77.892,-75.855,-77.974,-77.724,-77.301,-77.679,-76.886,-77.509,-77.706,-77.214,-78.038,-77.041,-77.185,-77.296
52.000,-77.200,-77.868,-75.626,-76.991,-77.425,-77.752,-75.626,-77.868,-77.479,-77.067,-77.529,-76.686,-77.366,-77.558,-77.084,-77.849,-76.844,-76.922,-77.149
53.000,-77.028,-77.744,-75.486,-76.833,-77.183,-77.553,-75.486,-77.744,-77.312,-76.806,-77.399,-76.487,-77.173,-77.495,-76.914,-77.654,-76.662,-76.760,-76.981
54.000,-76.836,-77.577,-75.302,-76.649,-76.949,-77.240,-75.302,-77.577,-77.168,-76.646,-77.154,-76.176,-77.016,-77.385,-76.746,-77.505,-76.445,-76.602,-76.820
55.000,-76.638,-77.382,-75.120,-76.460,-76.756,-77.082,-75.120,-77.382,-77.094,-76.371,-76.966,-76.034,-76.689,-77.174,-76.541,-77.194,-76.253,-76.429,-76.664
56.000,-76.437,-77.275,-74.931,-76.308,-76.560,-76.828,-74.931,-77.275,-76.929,-76.173,-76.792,-75.865,-76.439,-76.921,-76.412,-76.869,-76.069,-76.134,-76.489
57.000,-76.272,-77.207,-74.591,-76.153,-76.420,-76.659,-74.591,-77.207,-76.818,-75.990,-76.672,-75.656,-76.244,-76.862,-76.292,-76.675,-75.875,-75.959,-76.282
58.000,-76.075,-76.958,-74.478,-75.975,-76.278,-76.369,-74.478,-76.958,-76.739,-75.809,-76.515,-75.492,-75.990,-76.322,-76.198,-76.488,-75.701,-75.795,-76.099
59.000,-75.871,-76.849,-74.249,-75.753,-76.091,-76.200,-74.249,-76.849,-76.383,-75.584,-76.373,-75.329,-75.670,-76.212,-76.084,-76.334,-75.495,-75.415,-75.915
60.000,-75.664,-76.660,-73.984,-75.482,-75.865,-75.994,-73.984,-76.660,-76.187,-75.436,-76.252,-75.160,-75.547,-76.023,-75.831,-76.000,-75.303,-75.186,-75.720
61.000,-75.494,-76.619,-73.718,-75.303,-75.598,-75.740,-73.718,-76.619,-76.007,-75.286,-76.147,-74.948,-75.374,-75.896,-75.705,-75.851,-75.077,-75.073,-75.561
62.000,-75.283,-76.411,-73.482,-75.113,-75.410,-75.610,-73.482,-76.411,-75.784,-75.086,-75.918,-74.798,-75.219,-75.394,-75.521,-75.690,-74.851,-74.855,-75.386
63.000,-75.042,-76.061,-73.164,-74.886,-75.212,-75.376,-73.164,-76.061,-75.687,-74.878,-75.700,-74.585,-75.095,-75.010,-75.223,-75.364,-74.661,-74.612,-75.165
64.000,-74.800,-76.031,-72.886,-74.651,-74.986,-75.109,-72.886,-76.031,-75.375,-74.679,-75.488,-74.335,-74.877,-74.681,-75.010,-74.952,-74.417,-74.358,-74.972
65.000,-74.587,-75.896,-72.724,-74.379,-74.783,-74.837,-72.724,-75.896,-75.238,-74.477,-75.327,-74.129,-74.640,-74.403,-74.717,-74.807,-74.160,-74.108,-74.772
66.000,-74.372,-75.593,-72.550,-74.203,-74.598,-74.662,-72.550,-75.593,-75.083,-74.210,-75.115,-73.781,-74.510,-74.259,-74.524,-74.568,-73.938,-73.747,-74.604
67.000,-74.167,-75.407,-72.387,-73.925,-74.353,-74.441,-72.387,-75.407,-74.950,-74.043,-74.985,-73.582,-74.317,-73.867,-74.470,-74.375,-73.713,-73.407,-74.446
68.000,-73.946,-75.181,-72.171,-73.653,-74.107,-74.213,-72.171,-75.181,-74.803,-73.718,-74.756,-73.326,-74.040,-73.715,-74.278,-74.257,-73.459,-73.198,-74.266
69.000,-73.670,-74.761,-71.845,-73.379,-73.859,-73.949,-71.845,-74.761,-74.611,-73.362,-74.391,-73.120,-73.810,-73.517,-73.936,-73.963,-73.218,-72.931,-74.068
70.000,-73.434,-74.471,-71.592,-73.134,-73.662,-73.634,-71.592,-74.471,-74.434,-73.157,-74.180,-72.953,-73.667,-73.348,-73.620,-73.613,-72.962,-72.644,-73.875
71.000,-73.202,-74.210,-71.345,-72.923,-73.484,-73.387,-71.345,-74.171,-74.210,-72.974,-74.068,-72.702,-73.450,-73.277,-73.426,-73.368,-72.724,-72.124,-73.599
72.000,-72.951,-74.092,-71.045,-72.699,-73.241,-73.205,-71.045,-73.869,-74.092,-72.594,-73.713,-72.553,-73.267,-73.222,-72.976,-73.020,-72.472,-71.904,-73.340
73.000,-72.675,-73.945,-70.758,-72.505,-73.010,-72.958,-70.758,-73.457,-73.945,-72.312,-73.435,-72.304,-72.984,-72.737,-72.789,-72.789,-72.221,-71.486,-73.109
74.000,-72.430,-73.567,-70.599,-72.256,-72.791,-72.695,-70.599,-73.182,-73.567,-72.019,-73.269,-72.079,-72.725,-72.458,-72.628,-72.704,-71.915,-71.162,-72.831
75.000,-72.175,-73.404,-70.320,-71.943,-72.570,-72.448,-70.320,-72.772,-73.404,-71.790,-73.069,-71.849,-72.443,-72.281,-72.316,-72.441,-71.661,-70.987,-72.505
76.000,-71.909,-73.193,-70.075,-71.676,-72.330,-72.186,-70.075,-72.487,-73.193,-71.510,-72.860,-71.498,-72.185,-72.049,-72.065,-72.236,-71.365,-70.580,-72.251
77.000,-71.615,-72.986,-69.959,-71.364,-71.849,-71.933,-69.959,-72.203,-72.986,-71.173,-72.525,-71.268,-71.927,-71.863,-71.725,-71.727,-71.040,-70.345,-71.952
78.000,-71.313,-72.811,-69.450,-71.000,-71.439,-71.423,-69.450,-72.079,-72.811,-70.802,-72.304,-70.901,-71.671,-71.492,-71.573,-71.589,-70.719,-70.085,-71.670
79.000,-70.973,-72.466,-69.297,-70.728,-71.061,-71.065,-69.297,-71.814,-72.466,-70.399,-71.963,-70.509,-71.327,-71.214,-71.279,-71.225,-70.382,-69.485,-71.350
80.000,-70.583,-72.130,-69.014,-70.442,-70.744,-70.775,-69.014,-71.445,-72.130,-69.960,-71.415,-70.069,-70.900,-70.484,-70.931,-70.771,-70.056,-69.097,-71.101
81.000,-70.212,-71.702,-68.614,-69.929,-70.367,-70.326,-68.666,-70.886,-71.702,-69.746,-71.050,-69.727,-70.476,-70.396,-70.457,-70.543,-69.695,-68.614,-70.817
82.000,-69.878,-71.501,-67.897,-69.677,-70.001,-70.002,-68.377,-70.586,-71.501,-69.496,-70.692,-69.363,-70.131,-69.822,-70.313,-70.383,-69.323,-67.897,-70.491
83.000,-69.461,-71.120,-67.506,-69.272,-69.747,-69.581,-68.003,-70.045,-71.120,-69.143,-70.189,-68.871,-69.920,-69.552,-69.401,-69.963,-68.888,-67.506,-70.171
84.000,-69.108,-70.759,-67.006,-68.879,-69.380,-69.290,-67.734,-69.900,-70.759,-68.760,-69.899,-68.334,-69.707,-69.012,-69.138,-69.665,-68.467,-67.006,-69.789
85.000,-68.720,-70.095,-66.582,-68.465,-68.988,-68.891,-67.358,-69.631,-70.095,-68.378,-69.609,-67.885,-69.205,-68.679,-68.891,-69.478,-68.043,-66.582,-69.346
86.000,-68.277,-69.672,-65.920,-68.137,-68.692,-68.444,-66.803,-69.433,-69.672,-67.848,-69.106,-67.561,-69.018,-68.071,-68.273,-68.975,-67.569,-65.920,-68.908
87.000,-67.776,-69.354,-65.081,-67.549,-68.221,-68.044,-66.044,-69.354,-69.351,-67.546,-68.258,-67.335,-68.685,-67.055,-67.857,-68.397,-67.112,-65.081,-68.520
88.000,-67.082,-68.855,-63.925,-67.074,-67.711,-67.561,-65.440,-67.898,-68.855,-67.162,-67.423,-66.864,-68.081,-65.545,-67.194,-67.856,-66.604,-63.925,-68.112
89.000,-66.498,-68.422,-62.886,-66.514,-67.302,-66.804,-64.758,-67.323,-68.422,-66.305,-66.876,-66.316,-67.670,-65.098,-66.922,-67.102,-66.089,-62.886,-67.582
90.000,-65.874,-67.230,-62.367,-65.921,-66.864,-66.340,-64.283,-66.104,-66.582,-65.540,-66.479,-65.786,-67.064,-64.296,-66.596,-67.072,-65.457,-62.367,-67.230
91.000,-65.274,-66.983,-61.609,-65.233,-66.195,-65.675,-63.933,-65.470,-65.253,-64.914,-66.126,-65.072,-66.418,-64.022,-66.003,-66.983,-64.837,-61.609,-66.640
92.000,-64.613,-65.969,-60.924,-64.584,-65.448,-65.148,-63.677,-65.096,-64.839,-64.256,-65.025,-64.319,-65.750,-63.537,-65.345,-65.788,-64.104,-60.924,-65.969
93.000,-63.784,-65.285,-59.404,-63.650,-64.816,-64.474,-62.831,-64.486,-64.069,-63.296,-64.242,-63.611,-65.285,-62.470,-64.498,-64.994,-63.339,-59.404,-65.082
94.000,-62.962,-64.366,-58.689,-62.797,-64.162,-63.739,-61.652,-64.174,-63.629,-62.316,-63.269,-62.836,-64.366,-61.765,-63.627,-63.895,-62.296,-58.689,-64.187
95.000,-61.983,-64.079,-57.320,-62.037,-63.081,-62.815,-60.610,-62.773,-62.505,-61.600,-62.091,-61.698,-64.079,-60.432,-63.097,-62.957,-61.331,-57.320,-63.302
96.000,-60.902,-62.793,-56.637,-61.287,-61.819,-61.514,-58.110,-61.993,-60.974,-60.021,-61.255,-60.709,-62.793,-59.939,-62.462,-62.578,-60.238,-56.637,-62.103
97.000,-59.481,-61.558,-54.990,-59.638,-60.975,-60.181,-57.431,-60.475,-59.795,-58.245,-60.075,-59.403,-61.558,-58.505,-59.977,-60.456,-59.084,-54.990,-60.917
98.000,-57.848,-59.861,-53.261,-57.660,-59.334,-58.768,-55.788,-58.631,-58.666,-56.347,-57.402,-57.810,-59.861,-57.568,-58.693,-58.778,-57.568,-53.261,-59.440
99.000,-55.545,-57.791,-50.835,-55.253,-56.222,-56.187,-53.463,-57.549,-55.876,-53.797,-56.044,-56.081,-57.791,-54.907,-55.795,-57.066,-54.959,-50.835,-56.904
100.000,-50.421,-55.517,-44.790,-48.181,-51.234,-51.243,-44.790,-55.517,-48.881,-48.471,-52.471,-50.571,-54.003,-51.954,-51.555,-53.967,-46.431,-47.296,-50.168
