# RP-180524 attachment, 01.IndoorHotspot-eMBB_CouplingGain_and_DLgeometry_v18.xlsx, sheet InH_70GHz_36TRxP
pct,mean,min,max,Huawei,CATT,CATR,MediaTek,vivo,LGE,ZTE,Intel,Nokia,Motorola/Lenovo,Sharp,Ericsson
0.000,0.526,-2.146,5.096,-0.160,0.068,0.406,5.096,0.990,0.013,0.130,0.166,1.539,1.537,-1.325,-2.146
1.000,4.972,2.606,9.029,3.660,3.373,6.989,9.029,5.059,4.065,3.720,6.436,4.206,7.226,3.295,2.606
2.000,7.133,5.075,10.876,6.152,5.743,8.600,10.876,6.027,6.503,6.596,9.274,5.489,9.134,6.128,5.075
3.000,8.631,6.632,11.534,7.714,7.643,9.390,11.534,7.650,8.353,8.304,10.931,7.466,10.468,7.487,6.632
4.000,9.788,7.785,12.226,8.881,9.321,10.169,12.226,9.596,9.666,9.543,12.038,8.090,11.528,8.616,7.785
5.000,10.626,8.764,12.802,9.705,10.065,11.186,12.396,10.482,10.375,10.587,12.802,9.290,12.206,9.661,8.764
6.000,11.378,9.537,13.425,10.689,11.075,11.751,12.793,11.156,11.443,11.245,13.425,10.006,12.909,10.508,9.537
7.000,11.978,10.238,13.967,11.355,11.792,12.399,13.043,11.587,12.039,11.856,13.967,10.774,13.568,11.116,10.238
8.000,12.515,10.891,14.455,11.966,12.325,12.791,13.564,12.025,12.548,12.327,14.455,11.555,14.007,11.726,10.891
9.000,12.967,11.428,14.878,12.451,12.803,13.221,13.930,12.591,12.834,12.774,14.878,11.913,14.491,12.291,11.428
10.000,13.399,11.949,15.419,12.896,13.368,13.542,14.124,12.974,13.275,13.229,15.419,12.467,14.797,12.746,11.949
11.000,13.837,12.415,15.850,13.344,13.800,13.914,14.418,13.302,13.709,13.846,15.850,12.873,15.354,13.215,12.415
12.000,14.260,12.843,16.219,13.716,14.188,14.287,14.812,14.335,14.056,14.215,16.219,13.109,15.775,13.568,12.843
13.000,14.633,13.227,16.572,14.183,14.684,14.534,15.061,14.768,14.444,14.567,16.572,13.436,16.209,13.916,13.227
14.000,14.953,13.640,16.927,14.575,15.029,14.811,15.336,14.949,14.767,14.875,16.927,13.724,16.548,14.252,13.640
15.000,15.260,13.899,17.192,14.867,15.341,15.122,15.608,15.424,15.030,15.242,17.192,13.899,16.872,14.538,13.982
16.000,15.552,14.187,17.512,15.241,15.623,15.284,15.882,15.799,15.281,15.524,17.512,14.187,17.084,14.877,14.335
17.000,15.839,14.352,17.807,15.547,15.893,15.514,16.046,16.158,15.625,15.816,17.807,14.352,17.441,15.183,14.686
18.000,16.132,14.715,18.051,15.834,16.125,15.785,16.343,16.516,15.977,16.021,18.051,14.715,17.719,15.490,15.005
19.000,16.430,14.902,18.326,16.136,16.482,16.007,16.610,17.155,16.241,16.244,18.326,14.902,17.997,15.774,15.285
20.000,16.712,15.112,18.677,16.453,16.791,16.287,16.852,17.407,16.503,16.623,18.677,15.112,18.194,16.054,15.592
21.000,16.997,15.348,18.948,16.718,17.084,16.477,17.152,17.646,16.844,16.839,18.948,15.348,18.685,16.318,15.908
22.000,17.252,15.640,19.259,16.985,17.375,16.687,17.316,17.857,17.114,17.091,19.259,15.640,18.951,16.574,16.178
23.000,17.480,15.832,19.517,17.297,17.669,16.847,17.502,18.003,17.385,17.292,19.517,15.832,19.135,16.841,16.436
24.000,17.720,16.046,19.770,17.547,17.976,17.058,17.626,18.142,17.619,17.575,19.770,16.046,19.455,17.122,16.699
25.000,17.959,16.404,20.035,17.786,18.188,17.219,17.778,18.508,17.803,17.854,20.035,16.404,19.636,17.346,16.955
26.000,18.198,16.609,20.244,18.054,18.379,17.484,17.998,18.782,18.129,18.094,20.244,16.609,19.802,17.586,17.210
27.000,18.432,16.740,20.486,18.304,18.646,17.735,18.250,19.050,18.338,18.288,20.486,16.740,20.015,17.857,17.475
28.000,18.641,16.884,20.693,18.532,18.863,17.928,18.422,19.295,18.548,18.534,20.693,16.884,20.247,18.038,17.702
29.000,18.856,17.128,20.939,18.750,19.078,18.149,18.573,19.476,18.816,18.740,20.939,17.128,20.388,18.274,17.964
30.000,19.085,17.399,21.158,18.998,19.324,18.318,18.763,19.681,19.002,18.947,21.158,17.399,20.679,18.524,18.227
31.000,19.315,17.687,21.350,19.221,19.494,18.548,18.918,19.994,19.220,19.155,21.350,17.687,20.973,18.756,18.460
32.000,19.517,17.892,21.577,19.435,19.634,18.738,19.201,20.123,19.374,19.382,21.577,17.892,21.171,18.955,18.718
33.000,19.719,18.062,21.797,19.666,19.858,18.918,19.381,20.297,19.642,19.541,21.797,18.062,21.366,19.173,18.934
34.000,19.916,18.232,22.000,19.876,20.108,19.073,19.545,20.514,19.799,19.727,22.000,18.232,21.610,19.358,19.152
35.000,20.109,18.468,22.154,20.074,20.324,19.224,19.653,20.727,20.036,19.936,22.154,18.468,21.767,19.560,19.388
36.000,20.317,18.752,22.304,20.294,20.526,19.488,19.835,20.866,20.253,20.150,22.304,18.752,22.000,19.703,19.630
37.000,20.510,19.053,22.492,20.483,20.695,19.663,20.030,20.972,20.417,20.365,22.492,19.053,22.158,19.936,19.852
38.000,20.718,19.240,22.687,20.715,20.866,19.860,20.250,21.142,20.674,20.587,22.687,19.240,22.399,20.131,20.062
39.000,20.905,19.367,22.885,20.887,21.090,20.059,20.451,21.425,20.834,20.774,22.885,19.367,22.480,20.318,20.290
40.000,21.074,19.651,23.006,21.095,21.277,20.255,20.548,21.562,20.965,20.927,23.006,19.651,22.593,20.507,20.496
41.000,21.248,19.825,23.171,21.296,21.445,20.445,20.690,21.766,21.113,21.107,23.171,19.825,22.711,20.713,20.699
42.000,21.417,19.921,23.354,21.498,21.627,20.647,20.794,21.901,21.325,21.286,23.354,19.921,22.837,20.899,20.909
43.000,21.607,20.135,23.560,21.681,21.862,20.780,21.024,22.084,21.515,21.467,23.560,20.135,23.002,21.068,21.112
44.000,21.770,20.231,23.732,21.844,22.026,20.968,21.160,22.169,21.701,21.660,23.732,20.231,23.173,21.238,21.333
45.000,21.939,20.484,23.910,22.005,22.216,21.148,21.262,22.344,21.833,21.808,23.910,20.484,23.290,21.437,21.531
46.000,22.119,20.576,24.044,22.235,22.409,21.323,21.374,22.603,22.046,22.059,24.044,20.576,23.431,21.607,21.719
47.000,22.291,20.676,24.227,22.431,22.570,21.536,21.442,22.813,22.169,22.211,24.227,20.676,23.709,21.787,21.922
48.000,22.464,20.960,24.375,22.607,22.811,21.682,21.557,22.907,22.324,22.387,24.375,20.960,23.850,21.974,22.132
49.000,22.643,21.230,24.537,22.765,22.989,21.851,21.692,23.017,22.552,22.496,24.537,21.230,24.087,22.166,22.335
50.000,22.817,21.335,24.730,22.959,23.150,22.055,21.824,23.184,22.761,22.660,24.730,21.335,24.281,22.325,22.535
51.000,22.986,21.497,24.891,23.136,23.324,22.171,22.009,23.329,22.920,22.815,24.891,21.497,24.501,22.525,22.719
52.000,23.184,21.606,25.066,23.330,23.560,22.371,22.235,23.488,23.124,23.077,25.066,21.606,24.731,22.693,22.924
53.000,23.342,21.715,25.223,23.485,23.750,22.563,22.355,23.683,23.280,23.188,25.223,21.715,24.881,22.871,23.107
54.000,23.509,21.889,25.407,23.676,23.947,22.720,22.475,23.854,23.403,23.394,25.407,21.889,25.021,23.018,23.299
55.000,23.685,22.064,25.603,23.848,24.170,22.929,22.607,23.969,23.557,23.584,25.603,22.064,25.189,23.213,23.493
56.000,23.853,22.212,25.772,24.022,24.414,23.075,22.755,24.195,23.684,23.752,25.772,22.212,25.284,23.408,23.665
57.000,24.017,22.343,25.931,24.198,24.631,23.280,22.876,24.283,23.841,23.912,25.931,22.343,25.442,23.610,23.860
58.000,24.187,22.500,26.105,24.409,24.759,23.439,23.116,24.318,24.041,24.101,26.105,22.500,25.600,23.798,24.055
59.000,24.371,22.697,26.280,24.605,24.954,23.609,23.280,24.565,24.213,24.332,26.280,22.697,25.696,23.980,24.247
60.000,24.543,22.871,26.476,24.800,25.119,23.744,23.379,24.785,24.399,24.478,26.476,22.871,25.869,24.159,24.439
61.000,24.714,23.129,26.667,25.013,25.339,23.880,23.501,24.860,24.565,24.635,26.667,23.129,25.991,24.320,24.668
62.000,24.905,23.260,26.866,25.223,25.540,24.062,23.781,25.010,24.712,24.819,26.866,23.260,26.216,24.500,24.875
63.000,25.077,23.395,27.042,25.386,25.762,24.252,23.899,25.155,24.877,25.022,27.042,23.395,26.379,24.696,25.064
64.000,25.268,23.596,27.229,25.582,25.976,24.459,24.046,25.360,25.019,25.192,27.229,23.596,26.644,24.851,25.259
65.000,25.460,23.701,27.404,25.772,26.149,24.596,24.265,25.613,25.234,25.383,27.404,23.701,26.889,25.062,25.448
66.000,25.645,23.901,27.588,25.993,26.367,24.747,24.437,25.790,25.401,25.530,27.588,23.901,27.099,25.235,25.657
67.000,25.816,23.954,27.764,26.186,26.540,24.868,24.633,25.963,25.597,25.754,27.764,23.954,27.231,25.441,25.857
68.000,26.005,24.106,27.959,26.389,26.744,25.081,24.716,26.164,25.780,25.974,27.959,24.106,27.466,25.618,26.062
69.000,26.204,24.229,28.158,26.598,26.962,25.257,24.860,26.375,25.999,26.227,28.158,24.229,27.713,25.791,26.272
70.000,26.412,24.399,28.308,26.795,27.138,25.413,25.046,26.587,26.287,26.489,28.308,24.399,28.015,26.001,26.467
71.000,26.590,24.517,28.494,27.007,27.341,25.561,25.198,26.797,26.478,26.622,28.494,24.517,28.229,26.183,26.660
72.000,26.774,24.630,28.654,27.231,27.512,25.760,25.352,26.957,26.678,26.841,28.654,24.630,28.420,26.396,26.857
73.000,26.956,24.735,28.822,27.450,27.763,25.919,25.487,27.075,26.840,27.070,28.822,24.735,28.663,26.580,27.065
74.000,27.185,25.101,29.082,27.630,28.000,26.175,25.780,27.232,27.021,27.294,29.082,25.101,28.870,26.742,27.287
75.000,27.377,25.167,29.303,27.905,28.216,26.385,25.921,27.359,27.261,27.461,29.303,25.167,29.068,26.946,27.530
76.000,27.600,25.350,29.487,28.124,28.381,26.597,26.302,27.612,27.502,27.710,29.487,25.350,29.252,27.142,27.740
77.000,27.839,25.538,29.726,28.345,28.592,26.820,26.653,27.914,27.729,27.992,29.726,25.538,29.437,27.342,27.978
78.000,28.066,25.712,29.981,28.554,28.798,27.024,26.993,28.210,28.000,28.182,29.981,25.712,29.585,27.550,28.203
79.000,28.311,26.053,30.224,28.775,29.022,27.290,27.126,28.444,28.262,28.370,30.224,26.053,29.929,27.766,28.470
80.000,28.566,26.188,30.441,28.971,29.311,27.640,27.431,28.797,28.456,28.605,30.441,26.188,30.207,28.011,28.735
81.000,28.787,26.419,30.678,29.216,29.535,27.890,27.700,28.900,28.647,28.736,30.678,26.419,30.440,28.252,29.033
82.000,29.035,26.542,30.936,29.474,29.830,28.219,27.935,29.123,28.928,29.048,30.936,26.542,30.598,28.503,29.284
83.000,29.289,26.659,31.218,29.723,30.045,28.514,28.301,29.354,29.152,29.368,31.218,26.659,30.806,28.749,29.578
84.000,29.558,26.904,31.455,29.980,30.261,28.851,28.668,29.660,29.398,29.615,31.455,26.904,31.073,28.970,29.869
85.000,29.859,27.017,31.767,30.236,30.539,29.197,28.996,29.991,29.717,29.954,31.767,27.017,31.431,29.286,30.169
86.000,30.150,27.266,32.113,30.507,30.798,29.480,29.417,30.349,29.971,30.222,32.113,27.266,31.649,29.560,30.474
87.000,30.448,27.532,32.399,30.789,31.037,29.832,29.627,30.689,30.358,30.456,32.399,27.532,31.988,29.855,30.812
88.000,30.768,27.737,32.734,31.107,31.300,30.280,29.875,31.116,30.593,30.753,32.734,27.737,32.369,30.186,31.165
89.000,31.163,28.108,33.113,31.425,31.636,30.720,30.433,31.428,30.901,31.098,33.113,28.108,33.043,30.530,31.520
90.000,31.557,28.396,33.487,31.767,31.961,31.241,30.960,31.892,31.335,31.550,33.487,28.396,33.337,30.887,31.874
91.000,31.983,28.863,33.948,32.133,32.399,31.589,31.386,32.535,31.667,31.948,33.948,28.863,33.768,31.242,32.319
92.000,32.440,29.274,34.472,32.527,32.802,32.090,32.100,32.815,31.952,32.420,34.422,29.274,34.472,31.657,32.755
93.000,32.924,29.605,35.051,33.013,33.333,32.555,32.563,33.262,32.402,33.008,34.953,29.605,35.051,32.048,33.294
94.000,33.458,29.981,35.595,33.536,33.979,32.986,33.215,33.946,32.868,33.434,35.595,29.981,35.462,32.622,33.871
95.000,34.077,30.434,36.459,34.145,34.498,33.623,33.783,34.536,33.394,34.107,36.163,30.434,36.459,33.156,34.628
96.000,34.759,31.574,36.923,34.825,35.045,34.304,34.651,34.984,33.900,34.716,36.918,31.574,36.923,33.928,35.346
97.000,35.669,32.163,38.012,35.572,35.812,35.962,35.398,35.722,34.872,35.591,37.781,32.163,38.012,34.918,36.229
98.000,36.826,32.935,39.381,36.712,36.791,37.514,36.510,36.993,35.912,36.634,38.864,32.935,39.381,36.202,37.462
99.000,38.948,36.261,41.236,38.365,38.230,39.630,40.019,39.616,37.833,38.437,41.236,36.261,40.735,37.765,39.248
100.000,49.268,44.328,57.099,48.704,49.841,49.547,51.688,46.095,44.328,50.923,49.916,45.181,47.811,50.079,57.099
