# RP-180524 attachment, 03 Rural-eMBB_CouplingGain_and_DLgeometry_v24.xlsx, sheet Rural_4GHz_ModelA
pct,mean,min,max,Huawei,CATT,CATR,China Telecom,OPPO,ZTE(v1),Ericsson,MediaTek,Intel,Samsung,CMCC,ITRI,LG,Sharp,Nokia,NEC,Motorola/Lenovo,CEWiT
0.000,-153.494,-161.181,-145.412,-154.523,-155.065,-154.200,-151.638,-145.412,-155.391,-155.206,-152.206,-155.209,-159.881,-154.455,-149.611,-150.933,-161.181,-156.157,-147.774,-151.966,-152.091
1.000,-144.111,-148.369,-141.621,-144.221,-144.649,-144.028,-144.919,-142.369,-147.644,-145.669,-142.070,-142.261,-148.369,-146.819,-143.374,-142.025,-143.990,-142.370,-141.621,-143.166,-144.434
2.000,-141.458,-145.708,-138.643,-140.901,-141.903,-142.133,-142.045,-140.459,-144.190,-142.915,-140.388,-139.952,-145.708,-143.731,-140.606,-139.522,-141.171,-138.643,-139.657,-140.674,-141.649
3.000,-139.522,-143.016,-136.394,-138.987,-139.950,-140.279,-140.660,-138.795,-142.014,-140.087,-138.398,-138.348,-143.016,-141.121,-139.295,-137.802,-139.186,-136.394,-138.362,-138.926,-139.774
4.000,-138.255,-141.656,-135.155,-137.771,-138.675,-139.022,-139.381,-137.748,-140.178,-138.625,-137.439,-136.819,-141.656,-139.720,-138.232,-136.445,-137.716,-135.155,-137.533,-137.485,-138.994
5.000,-136.952,-139.496,-133.772,-136.575,-137.502,-137.621,-137.985,-136.418,-138.693,-137.493,-135.808,-135.917,-139.496,-138.505,-136.711,-135.368,-136.330,-133.772,-136.476,-136.400,-138.061
6.000,-135.933,-138.990,-132.882,-135.512,-136.548,-136.587,-137.184,-135.027,-137.783,-136.559,-134.106,-134.484,-138.990,-137.533,-136.122,-134.292,-135.283,-132.882,-135.395,-135.244,-137.255
7.000,-134.904,-137.354,-131.921,-134.457,-135.523,-135.547,-135.739,-134.357,-136.747,-136.140,-133.506,-133.901,-137.354,-136.761,-134.144,-133.424,-134.247,-131.921,-134.563,-134.279,-135.658
8.000,-133.994,-136.321,-130.840,-133.582,-134.719,-134.647,-134.473,-133.545,-135.671,-135.083,-132.726,-132.998,-136.321,-135.436,-133.692,-132.557,-133.414,-130.840,-133.646,-133.704,-134.832
9.000,-133.112,-134.851,-130.149,-132.603,-133.810,-133.851,-133.430,-132.819,-134.851,-134.101,-131.864,-132.070,-134.428,-134.577,-133.262,-131.778,-132.616,-130.149,-132.772,-133.171,-133.867
10.000,-132.383,-134.058,-129.664,-131.893,-133.090,-133.041,-132.713,-132.191,-134.058,-132.950,-131.639,-131.514,-133.697,-133.661,-132.534,-130.947,-131.875,-129.664,-132.096,-132.265,-133.073
11.000,-131.737,-133.216,-129.060,-131.346,-132.528,-132.411,-132.107,-131.778,-132.986,-132.469,-130.915,-130.722,-133.216,-132.931,-132.054,-130.266,-131.118,-129.060,-131.340,-131.647,-132.372
12.000,-131.075,-132.460,-128.075,-130.656,-131.923,-131.771,-131.636,-131.134,-132.110,-132.206,-129.935,-130.083,-132.460,-132.456,-131.717,-129.569,-130.486,-128.075,-130.701,-130.832,-131.603
13.000,-130.379,-131.794,-127.654,-129.875,-131.517,-131.246,-130.750,-130.577,-131.468,-131.613,-129.439,-129.257,-130.580,-131.794,-131.068,-128.912,-129.818,-127.654,-130.059,-130.213,-130.983
14.000,-129.727,-131.295,-127.081,-129.294,-130.486,-130.716,-130.157,-130.081,-130.749,-130.836,-129.061,-128.698,-129.499,-131.295,-130.380,-128.267,-129.200,-127.081,-129.333,-129.543,-130.407
15.000,-129.116,-130.707,-126.764,-128.770,-129.899,-129.998,-129.479,-129.630,-130.124,-130.012,-128.794,-128.120,-128.831,-130.707,-128.792,-127.720,-128.666,-126.764,-128.757,-129.021,-130.007
16.000,-128.536,-130.268,-126.366,-128.244,-129.283,-129.488,-128.709,-129.044,-129.481,-129.446,-128.233,-127.389,-128.153,-130.268,-128.168,-127.192,-128.100,-126.366,-128.092,-128.527,-129.470
17.000,-128.006,-129.746,-125.937,-127.772,-128.618,-128.967,-128.094,-128.620,-128.840,-128.961,-127.859,-126.924,-127.527,-129.746,-127.291,-126.752,-127.609,-125.937,-127.666,-128.031,-128.897
18.000,-127.509,-129.039,-125.492,-127.258,-128.168,-128.311,-127.708,-128.043,-128.326,-128.408,-127.600,-126.449,-127.214,-129.039,-126.752,-126.204,-127.067,-125.492,-127.185,-127.461,-128.469
19.000,-127.024,-128.542,-125.230,-126.758,-127.774,-127.782,-127.264,-127.627,-127.815,-127.758,-126.805,-125.969,-126.660,-128.542,-126.523,-125.666,-126.599,-125.230,-126.647,-127.022,-127.996
20.000,-126.524,-128.086,-124.705,-126.281,-127.264,-127.228,-126.828,-127.056,-127.470,-127.245,-126.498,-125.392,-126.130,-128.086,-125.774,-125.232,-126.178,-124.705,-126.168,-126.528,-127.362
21.000,-126.067,-127.623,-124.316,-125.806,-126.529,-126.781,-126.528,-126.589,-127.118,-126.816,-126.040,-124.996,-125.663,-127.623,-125.337,-124.778,-125.716,-124.316,-125.590,-126.144,-126.832
22.000,-125.628,-127.221,-123.887,-125.411,-126.143,-126.318,-126.072,-126.082,-126.721,-126.419,-125.326,-124.587,-125.303,-127.221,-124.883,-124.358,-125.242,-123.887,-125.192,-125.689,-126.449
23.000,-125.213,-126.862,-123.609,-124.884,-125.530,-125.863,-125.634,-125.702,-126.191,-126.045,-124.837,-124.124,-125.071,-126.862,-124.552,-123.995,-124.827,-123.609,-124.782,-125.362,-125.955
24.000,-124.787,-126.351,-123.132,-124.437,-125.256,-125.387,-125.230,-125.199,-125.747,-125.586,-124.384,-123.834,-124.633,-126.351,-123.997,-123.605,-124.398,-123.132,-124.490,-124.990,-125.512
25.000,-124.339,-125.894,-122.790,-124.053,-124.858,-125.007,-124.947,-124.699,-125.385,-125.148,-123.915,-123.451,-123.996,-125.894,-123.334,-123.186,-124.027,-122.790,-123.986,-124.424,-125.007
26.000,-123.858,-125.494,-122.504,-123.616,-124.443,-124.614,-124.338,-124.280,-124.812,-124.442,-123.341,-123.079,-123.503,-125.494,-122.598,-122.733,-123.660,-122.504,-123.481,-123.981,-124.521
27.000,-123.450,-125.156,-122.171,-123.283,-123.991,-124.189,-123.886,-123.704,-124.350,-124.121,-122.921,-122.597,-123.204,-125.156,-122.245,-122.368,-123.233,-122.171,-123.137,-123.529,-124.023
28.000,-123.034,-124.729,-121.620,-122.897,-123.525,-123.734,-123.509,-123.292,-123.902,-123.680,-122.512,-122.259,-122.830,-124.729,-121.620,-121.985,-122.807,-121.869,-122.705,-123.148,-123.605
29.000,-122.669,-124.346,-121.294,-122.462,-123.221,-123.342,-123.012,-122.891,-123.541,-123.321,-122.171,-121.880,-122.543,-124.346,-121.294,-121.621,-122.432,-121.575,-122.346,-122.854,-123.200
30.000,-122.293,-124.109,-121.004,-122.009,-122.790,-122.938,-122.867,-122.304,-123.211,-122.911,-121.713,-121.436,-122.147,-124.109,-121.004,-121.218,-122.089,-121.177,-121.998,-122.539,-122.814
31.000,-121.875,-123.606,-120.597,-121.670,-122.349,-122.465,-122.395,-121.947,-122.805,-122.466,-121.167,-121.011,-121.922,-123.606,-120.621,-120.829,-121.707,-120.597,-121.620,-122.096,-122.472
32.000,-121.483,-123.296,-120.173,-121.331,-121.992,-122.049,-121.940,-121.491,-122.423,-121.951,-120.650,-120.527,-121.573,-123.296,-120.173,-120.455,-121.359,-120.327,-121.218,-121.732,-122.202
33.000,-121.102,-122.857,-119.627,-120.926,-121.744,-121.642,-121.489,-121.174,-121.991,-121.269,-120.359,-120.218,-121.108,-122.857,-119.627,-120.091,-121.036,-120.025,-120.928,-121.445,-121.911
34.000,-120.725,-122.527,-119.005,-120.496,-121.401,-121.193,-120.922,-120.888,-121.666,-120.731,-120.143,-119.917,-120.805,-122.527,-119.005,-119.744,-120.657,-119.763,-120.562,-121.045,-121.586
35.000,-120.397,-122.193,-118.772,-120.133,-121.105,-120.799,-120.701,-120.556,-121.413,-120.479,-119.620,-119.605,-120.607,-122.193,-118.772,-119.439,-120.293,-119.373,-120.202,-120.630,-121.228
36.000,-120.053,-121.856,-118.267,-119.823,-120.757,-120.502,-120.491,-120.276,-121.203,-120.180,-119.402,-119.216,-120.060,-121.856,-118.267,-119.100,-119.926,-119.143,-119.806,-120.153,-120.785
37.000,-119.724,-121.533,-117.973,-119.486,-120.429,-120.138,-120.113,-119.955,-120.859,-119.735,-119.134,-118.896,-119.602,-121.533,-117.973,-118.754,-119.577,-118.928,-119.551,-119.827,-120.534
38.000,-119.398,-121.131,-117.633,-119.111,-119.985,-119.768,-119.710,-119.721,-120.515,-119.405,-118.853,-118.566,-119.468,-121.131,-117.633,-118.372,-119.212,-118.627,-119.210,-119.567,-120.308
39.000,-119.048,-120.908,-117.325,-118.794,-119.663,-119.436,-119.364,-119.446,-120.044,-119.011,-118.501,-118.206,-119.067,-120.908,-117.325,-118.093,-118.860,-118.253,-118.870,-119.158,-119.859
40.000,-118.727,-120.644,-116.945,-118.437,-119.279,-119.125,-119.043,-119.117,-119.636,-118.755,-118.377,-117.765,-118.865,-120.644,-116.945,-117.758,-118.520,-117.967,-118.577,-118.782,-119.499
41.000,-118.398,-120.301,-116.757,-118.076,-118.807,-118.829,-118.747,-118.727,-119.330,-118.578,-117.900,-117.376,-118.342,-120.301,-116.757,-117.413,-118.195,-117.824,-118.295,-118.389,-119.283
42.000,-118.070,-119.795,-116.569,-117.772,-118.520,-118.531,-118.426,-118.441,-118.893,-118.115,-117.466,-117.072,-118.133,-119.795,-116.569,-117.150,-117.788,-117.570,-117.969,-118.050,-119.010
43.000,-117.756,-119.569,-115.993,-117.488,-118.200,-118.181,-118.171,-118.152,-118.576,-117.854,-117.048,-116.841,-117.900,-119.569,-115.993,-116.831,-117.453,-117.292,-117.724,-117.768,-118.574
44.000,-117.413,-119.308,-115.447,-117.107,-117.889,-117.780,-117.677,-117.769,-118.220,-117.634,-116.825,-116.417,-117.437,-119.308,-115.447,-116.468,-117.098,-117.029,-117.454,-117.568,-118.304
45.000,-117.070,-118.824,-115.276,-116.819,-117.595,-117.421,-117.235,-117.427,-117.984,-117.384,-116.574,-116.027,-117.018,-118.824,-115.276,-116.175,-116.761,-116.616,-117.181,-117.171,-117.769
46.000,-116.744,-118.614,-115.058,-116.448,-117.194,-117.116,-116.923,-117.139,-117.607,-116.987,-116.091,-115.664,-116.718,-118.614,-115.058,-115.846,-116.432,-116.322,-116.907,-116.870,-117.452
47.000,-116.400,-118.339,-114.702,-116.045,-116.740,-116.702,-116.667,-116.744,-117.289,-116.385,-115.941,-115.346,-116.380,-118.339,-114.702,-115.551,-116.094,-115.949,-116.575,-116.602,-117.150
48.000,-116.102,-118.031,-114.580,-115.766,-116.285,-116.399,-116.356,-116.426,-116.960,-116.119,-115.716,-114.954,-116.153,-118.031,-114.580,-115.206,-115.742,-115.647,-116.245,-116.341,-116.908
49.000,-115.796,-117.612,-114.330,-115.422,-115.903,-116.041,-116.077,-116.173,-116.587,-115.870,-115.415,-114.681,-115.873,-117.612,-114.330,-114.849,-115.402,-115.448,-115.933,-116.021,-116.687
50.000,-115.460,-117.252,-113.900,-115.096,-115.457,-115.735,-115.703,-115.887,-116.254,-115.568,-115.106,-114.329,-115.600,-117.252,-113.900,-114.480,-115.081,-115.170,-115.629,-115.592,-116.444
51.000,-115.110,-116.735,-113.642,-114.827,-115.197,-115.405,-115.429,-115.544,-115.932,-115.293,-114.728,-113.961,-114.914,-116.735,-113.642,-114.149,-114.733,-114.796,-115.333,-115.354,-116.014
52.000,-114.787,-116.475,-113.577,-114.463,-114.886,-115.017,-115.303,-115.154,-115.505,-115.011,-114.269,-113.603,-114.389,-116.475,-113.577,-113.800,-114.382,-114.526,-115.050,-115.046,-115.711
53.000,-114.420,-116.081,-113.097,-114.146,-114.575,-114.740,-115.022,-114.728,-115.117,-114.407,-113.796,-113.308,-113.931,-116.081,-113.097,-113.482,-114.043,-114.248,-114.662,-114.687,-115.491
54.000,-114.055,-115.798,-112.670,-113.790,-114.249,-114.383,-114.551,-114.404,-114.803,-114.080,-113.371,-112.920,-113.402,-115.798,-112.670,-113.143,-113.713,-113.748,-114.391,-114.283,-115.299
55.000,-113.713,-115.496,-112.311,-113.461,-113.802,-114.075,-114.253,-114.063,-114.480,-113.716,-112.931,-112.541,-112.919,-115.496,-112.311,-112.855,-113.378,-113.453,-114.089,-114.024,-114.983
56.000,-113.349,-115.058,-111.800,-113.111,-113.507,-113.688,-114.053,-113.634,-114.095,-113.404,-112.528,-112.265,-112.436,-115.058,-111.800,-112.543,-113.045,-113.175,-113.745,-113.612,-114.579
57.000,-112.999,-114.742,-111.598,-112.706,-113.010,-113.284,-113.559,-113.269,-113.777,-113.101,-112.369,-111.933,-111.919,-114.742,-111.598,-112.180,-112.710,-112.865,-113.460,-113.228,-114.279
58.000,-112.638,-114.413,-111.380,-112.296,-112.709,-112.885,-113.116,-112.843,-113.459,-112.576,-111.865,-111.629,-111.679,-114.413,-111.380,-111.813,-112.351,-112.460,-113.124,-112.864,-114.028
59.000,-112.319,-114.171,-111.068,-111.977,-112.464,-112.628,-112.877,-112.580,-113.085,-112.295,-111.334,-111.306,-111.463,-114.171,-111.068,-111.441,-112.008,-112.103,-112.813,-112.495,-113.624
60.000,-111.932,-113.890,-110.410,-111.525,-112.158,-112.344,-112.577,-112.105,-112.792,-111.781,-111.009,-110.881,-111.123,-113.890,-110.410,-111.074,-111.684,-111.697,-112.471,-112.069,-113.189
61.000,-111.622,-113.597,-110.142,-111.207,-111.750,-112.015,-112.272,-111.783,-112.397,-111.626,-110.620,-110.485,-110.835,-113.597,-110.142,-110.712,-111.334,-111.411,-112.183,-111.830,-113.001
62.000,-111.276,-113.207,-109.860,-110.855,-111.431,-111.623,-111.881,-111.367,-111.946,-111.454,-110.317,-110.186,-110.366,-113.207,-109.860,-110.354,-110.980,-111.189,-111.915,-111.370,-112.668
63.000,-110.932,-112.973,-109.734,-110.506,-110.997,-111.242,-111.365,-110.783,-111.705,-111.098,-110.045,-109.798,-110.011,-112.973,-109.734,-109.974,-110.627,-110.895,-111.547,-111.041,-112.426
64.000,-110.561,-112.610,-109.367,-110.064,-110.615,-110.914,-110.962,-110.290,-111.343,-110.734,-109.766,-109.495,-109.576,-112.610,-109.367,-109.581,-110.236,-110.529,-111.223,-110.722,-112.074
65.000,-110.158,-111.964,-108.944,-109.694,-110.249,-110.622,-110.459,-109.911,-110.979,-110.453,-109.427,-109.092,-109.078,-111.964,-108.944,-109.157,-109.850,-110.068,-110.904,-110.330,-111.663
66.000,-109.754,-111.628,-108.432,-109.374,-109.802,-110.270,-110.097,-109.472,-110.567,-110.158,-108.905,-108.758,-108.604,-111.628,-108.432,-108.751,-109.474,-109.687,-110.524,-109.737,-111.333
67.000,-109.384,-111.324,-108.113,-109.045,-109.479,-109.842,-109.822,-109.034,-109.935,-109.772,-108.646,-108.308,-108.348,-111.324,-108.113,-108.400,-109.057,-109.274,-110.173,-109.252,-111.093
68.000,-109.028,-111.076,-107.957,-108.610,-109.077,-109.446,-109.389,-108.607,-109.659,-109.476,-108.219,-107.957,-108.036,-111.076,-107.997,-108.015,-108.682,-108.765,-109.818,-108.895,-110.785
69.000,-108.662,-110.754,-107.634,-108.236,-108.593,-109.043,-109.002,-108.233,-109.130,-108.922,-107.931,-107.634,-107.672,-110.754,-107.811,-107.652,-108.285,-108.463,-109.531,-108.617,-110.403
70.000,-108.279,-110.492,-107.236,-107.797,-108.263,-108.610,-108.730,-107.788,-108.794,-108.439,-107.375,-107.236,-107.477,-110.492,-107.408,-107.316,-107.889,-108.145,-109.072,-108.288,-109.911
71.000,-107.845,-110.056,-106.384,-107.347,-107.852,-108.193,-108.508,-107.323,-108.355,-107.916,-107.077,-106.876,-107.068,-110.056,-106.384,-106.892,-107.490,-107.756,-108.598,-107.988,-109.536
72.000,-107.450,-109.735,-106.118,-106.834,-107.361,-107.786,-108.229,-106.700,-107.964,-107.375,-106.636,-106.519,-106.918,-109.735,-106.118,-106.523,-107.083,-107.526,-108.108,-107.646,-109.034
73.000,-106.988,-109.058,-105.635,-106.382,-106.811,-107.275,-107.877,-106.062,-107.378,-106.837,-106.225,-106.170,-106.566,-109.058,-105.635,-106.130,-106.673,-107.247,-107.694,-107.171,-108.591
74.000,-106.555,-108.748,-105.264,-105.944,-106.255,-106.825,-107.289,-105.611,-106.902,-106.258,-105.732,-105.597,-106.412,-108.748,-105.264,-105.742,-106.242,-106.826,-107.322,-106.723,-108.292
75.000,-106.128,-108.214,-104.965,-105.422,-105.679,-106.284,-106.858,-105.191,-106.441,-106.079,-105.260,-105.253,-106.128,-108.214,-104.965,-105.347,-105.792,-106.413,-106.861,-106.130,-107.991
76.000,-105.582,-107.672,-103.755,-104.961,-105.094,-105.863,-106.471,-104.726,-106.021,-105.568,-104.338,-104.698,-105.826,-107.672,-103.755,-104.905,-105.323,-105.928,-106.367,-105.515,-107.451
77.000,-105.116,-107.109,-103.215,-104.514,-104.601,-105.348,-105.972,-104.284,-105.622,-105.066,-104.078,-104.144,-105.187,-107.109,-103.215,-104.474,-104.835,-105.412,-105.958,-105.172,-107.098
78.000,-104.632,-106.638,-102.684,-104.110,-104.218,-104.888,-105.534,-103.653,-105.150,-104.751,-103.748,-103.783,-104.612,-106.245,-102.684,-103.945,-104.307,-105.094,-105.481,-104.535,-106.638
79.000,-104.137,-105.979,-102.113,-103.635,-103.794,-104.422,-105.015,-103.308,-104.599,-104.120,-103.293,-103.221,-104.259,-105.710,-102.113,-103.382,-103.760,-104.585,-105.093,-104.181,-105.979
80.000,-103.659,-105.422,-101.642,-103.171,-103.363,-103.956,-104.441,-102.726,-104.081,-103.558,-103.042,-102.834,-103.933,-105.277,-101.642,-102.905,-103.274,-104.117,-104.504,-103.618,-105.422
81.000,-103.154,-104.834,-101.180,-102.657,-102.836,-103.470,-103.978,-102.427,-103.592,-103.003,-102.226,-102.300,-103.536,-104.834,-101.180,-102.348,-102.768,-103.592,-103.998,-103.247,-104.783
82.000,-102.589,-104.353,-100.882,-102.228,-102.165,-102.852,-103.584,-101.849,-103.173,-102.283,-101.107,-101.786,-103.184,-104.353,-100.882,-101.777,-102.168,-103.012,-103.393,-102.652,-104.154
83.000,-101.953,-103.745,-100.276,-101.644,-101.578,-102.351,-102.913,-101.039,-102.595,-101.431,-100.276,-100.989,-102.532,-103.745,-100.526,-101.335,-101.566,-102.114,-102.860,-102.020,-103.648
84.000,-101.368,-102.958,-99.868,-101.167,-101.170,-101.756,-102.402,-100.322,-102.090,-100.618,-99.962,-100.533,-102.169,-102.958,-99.868,-100.700,-100.947,-101.637,-102.155,-101.290,-102.888
85.000,-100.789,-102.318,-98.641,-100.600,-100.653,-101.083,-101.788,-99.727,-101.524,-100.063,-99.838,-100.059,-101.690,-102.314,-98.641,-100.087,-100.324,-101.216,-101.540,-100.744,-102.318
86.000,-100.123,-101.544,-98.223,-99.875,-99.935,-100.380,-100.775,-99.221,-100.958,-99.471,-99.321,-99.362,-101.083,-101.202,-98.223,-99.322,-99.655,-100.644,-101.041,-100.195,-101.544
87.000,-99.444,-100.643,-97.604,-99.146,-99.297,-99.801,-99.947,-98.654,-100.241,-99.010,-98.847,-98.504,-100.643,-100.399,-97.604,-98.645,-98.964,-99.810,-100.370,-99.525,-100.579
88.000,-98.782,-100.196,-97.153,-98.618,-98.672,-98.869,-99.481,-97.875,-99.355,-98.526,-98.394,-97.759,-100.196,-99.438,-97.153,-98.023,-98.238,-98.864,-99.834,-98.801,-99.987
89.000,-98.028,-99.687,-96.742,-97.664,-97.721,-98.164,-98.749,-97.304,-98.512,-97.928,-97.741,-96.808,-99.687,-98.276,-96.742,-97.389,-97.483,-98.125,-99.089,-97.872,-99.258
90.000,-97.251,-99.030,-95.899,-96.977,-96.727,-97.308,-97.853,-96.584,-97.671,-97.116,-97.051,-95.899,-99.030,-97.875,-96.200,-96.638,-96.657,-97.346,-98.426,-96.984,-98.184
91.000,-96.462,-98.374,-95.048,-96.034,-95.933,-96.413,-97.214,-95.602,-96.679,-96.466,-96.222,-95.048,-98.374,-97.015,-95.480,-95.741,-95.806,-96.727,-97.471,-96.294,-97.799
92.000,-95.612,-97.955,-93.929,-95.403,-95.068,-95.456,-96.487,-93.929,-95.930,-95.833,-95.373,-94.278,-97.955,-96.035,-94.453,-94.772,-94.949,-96.003,-96.697,-95.426,-96.970
93.000,-94.624,-97.378,-92.902,-94.396,-93.883,-94.208,-95.716,-92.902,-95.060,-94.841,-94.278,-93.158,-97.378,-95.290,-93.001,-93.717,-93.940,-95.264,-95.676,-94.383,-96.141
94.000,-93.557,-96.282,-91.747,-93.308,-92.721,-92.800,-94.674,-92.162,-94.166,-93.299,-93.698,-92.088,-96.282,-94.275,-91.747,-92.732,-92.836,-94.351,-94.621,-93.267,-95.003
95.000,-92.426,-94.890,-90.759,-92.087,-91.346,-91.786,-93.779,-91.000,-93.311,-92.311,-91.611,-90.759,-94.890,-93.539,-91.212,-91.470,-91.569,-93.532,-93.535,-92.071,-93.855
96.000,-91.110,-94.081,-89.468,-90.688,-89.773,-90.172,-92.843,-89.578,-91.548,-90.158,-90.815,-89.468,-94.081,-92.242,-90.551,-90.141,-90.296,-92.094,-92.303,-90.789,-92.440
97.000,-89.458,-91.925,-87.382,-89.117,-88.464,-88.408,-91.067,-87.602,-89.626,-88.764,-89.432,-87.382,-91.925,-91.293,-89.351,-88.803,-88.597,-89.996,-90.973,-88.835,-90.608
98.000,-87.582,-90.901,-83.571,-86.507,-86.395,-86.471,-89.290,-83.571,-87.928,-87.368,-87.898,-85.257,-90.901,-89.963,-88.366,-86.755,-86.358,-87.946,-89.459,-87.015,-89.021
99.000,-84.115,-89.023,-75.640,-82.439,-83.822,-83.276,-87.074,-75.640,-84.039,-85.419,-84.261,-81.584,-89.023,-85.001,-85.307,-83.501,-83.318,-85.514,-87.702,-82.537,-84.620
100.000,-72.031,-80.797,-57.860,-70.148,-72.577,-75.125,-73.987,-74.876,-66.112,-75.354,-80.797,-67.345,-57.860,-68.181,-79.621,-70.911,-67.087,-76.694,-75.004,-70.991,-73.888
