# RP-180524 attachment, 03 Rural-eMBB_CouplingGain_and_DLgeometry_v24.xlsx, sheet Rural_4GHz_ModelB
pct,mean,min,max,Huawei,CATT,CATR,China Telecom,OPPO,ZTE(v1),Ericsson,MediaTek,Intel,Samsung,NTT DOCOMO,Qualcomm,CMCC,ITRI,LG,Sharp,NEC,Nokia,Motorola/Lenovo,CEWiT
0.000,-13.456,-20.414,-5.059,-16.908,-19.356,-18.017,-16.160,-6.795,-12.949,-6.258,-12.508,-19.465,-9.142,-14.480,,-12.341,-5.059,-16.984,-20.414,-13.058,-10.535,-12.298,-12.935
1.000,-5.430,-9.659,-3.502,-5.075,-4.494,-5.879,-9.208,-4.987,-7.385,-4.749,-5.011,-5.556,-4.185,-5.315,-9.659,-4.763,-3.502,-4.854,-6.278,-4.437,-4.112,-4.752,-4.394
2.000,-4.052,-8.141,-2.485,-3.864,-3.540,-4.065,-6.439,-3.771,-5.062,-3.783,-3.086,-4.082,-3.629,-3.865,-8.141,-3.727,-2.931,-3.707,-4.397,-3.484,-2.485,-3.469,-3.505
3.000,-3.153,-5.890,-2.150,-2.966,-2.766,-3.238,-4.357,-2.977,-3.218,-3.171,-2.682,-3.094,-2.923,-3.142,-5.890,-2.938,-2.352,-2.944,-3.638,-2.740,-2.150,-2.821,-3.059
4.000,-2.620,-4.803,-1.576,-2.491,-2.342,-2.614,-3.555,-2.562,-2.574,-2.993,-2.264,-2.512,-2.492,-2.646,-4.803,-2.455,-1.905,-2.442,-3.081,-2.255,-1.576,-2.303,-2.541
5.000,-2.172,-4.324,-1.278,-2.051,-1.987,-2.220,-2.749,-2.205,-1.909,-2.716,-1.684,-2.157,-1.650,-2.285,-4.324,-2.090,-1.444,-2.028,-2.619,-1.918,-1.278,-1.944,-2.192
6.000,-1.837,-3.283,-1.070,-1.692,-1.588,-1.847,-2.340,-1.965,-1.532,-2.423,-1.549,-1.758,-1.551,-1.955,-3.283,-1.819,-1.279,-1.709,-2.226,-1.565,-1.070,-1.715,-1.882
7.000,-1.515,-2.719,-0.787,-1.328,-1.172,-1.528,-1.678,-1.699,-1.327,-2.071,-1.386,-1.406,-1.365,-1.721,-2.719,-1.614,-0.948,-1.407,-1.878,-1.269,-0.787,-1.420,-1.586
8.000,-1.233,-2.301,-0.619,-1.035,-0.866,-1.189,-1.466,-1.371,-1.020,-1.719,-1.140,-1.024,-1.227,-1.406,-2.301,-1.387,-0.624,-1.085,-1.573,-1.003,-0.619,-1.187,-1.413
9.000,-0.982,-1.941,-0.336,-0.820,-0.609,-0.892,-1.121,-1.019,-0.894,-1.608,-1.015,-0.772,-1.004,-1.080,-1.941,-1.148,-0.512,-0.846,-1.289,-0.721,-0.336,-0.897,-1.119
10.000,-0.714,-1.402,-0.236,-0.630,-0.363,-0.577,-0.735,-0.755,-0.461,-1.392,-0.560,-0.507,-0.836,-0.831,-1.402,-0.856,-0.347,-0.638,-1.039,-0.523,-0.236,-0.675,-0.919
11.000,-0.489,-1.177,-0.087,-0.375,-0.087,-0.359,-0.500,-0.524,-0.159,-1.146,-0.452,-0.285,-0.474,-0.643,-1.177,-0.708,-0.164,-0.416,-0.803,-0.284,-0.139,-0.407,-0.676
12.000,-0.295,-1.052,0.129,-0.119,0.078,-0.155,-0.307,-0.262,0.101,-0.980,-0.274,-0.071,-0.390,-0.438,-1.052,-0.484,-0.050,-0.217,-0.570,-0.094,0.129,-0.218,-0.520
13.000,-0.101,-0.842,0.362,0.051,0.247,0.048,-0.056,-0.050,0.362,-0.807,-0.099,0.132,-0.199,-0.223,-0.842,-0.256,0.042,-0.022,-0.350,0.115,0.286,-0.035,-0.355
14.000,0.073,-0.559,0.505,0.191,0.395,0.202,0.010,0.139,0.505,-0.551,0.137,0.275,-0.038,-0.031,-0.559,-0.064,0.136,0.154,-0.153,0.254,0.472,0.080,-0.100
15.000,0.245,-0.396,0.654,0.366,0.628,0.391,0.244,0.312,0.654,-0.396,0.366,0.416,0.134,0.103,-0.348,0.143,0.236,0.336,0.010,0.392,0.591,0.219,0.106
16.000,0.413,-0.273,0.844,0.523,0.804,0.547,0.434,0.509,0.844,-0.185,0.508,0.580,0.323,0.263,-0.273,0.236,0.546,0.521,0.161,0.553,0.714,0.442,0.216
17.000,0.581,-0.126,1.034,0.672,1.034,0.722,0.631,0.705,0.936,-0.051,0.686,0.749,0.555,0.436,-0.126,0.337,0.744,0.679,0.314,0.692,0.915,0.629,0.366
18.000,0.740,-0.028,1.205,0.856,1.205,0.929,0.790,0.892,1.124,0.069,0.971,0.918,0.682,0.576,-0.028,0.477,0.860,0.861,0.465,0.868,1.045,0.785,0.448
19.000,0.906,0.058,1.407,1.072,1.407,1.123,0.951,1.058,1.264,0.188,1.118,1.145,0.876,0.737,0.058,0.577,1.017,1.054,0.633,1.032,1.269,0.949,0.595
20.000,1.085,0.282,1.616,1.224,1.616,1.327,1.125,1.221,1.515,0.297,1.279,1.308,1.046,0.898,0.282,0.702,1.316,1.221,0.795,1.197,1.403,1.142,0.780
21.000,1.255,0.438,1.821,1.415,1.821,1.533,1.261,1.397,1.684,0.517,1.376,1.501,1.225,1.068,0.438,0.872,1.408,1.356,0.955,1.364,1.645,1.352,0.913
22.000,1.419,0.581,2.069,1.608,2.069,1.712,1.428,1.537,1.876,0.600,1.505,1.649,1.423,1.257,0.581,1.080,1.513,1.513,1.111,1.501,1.801,1.516,1.110
23.000,1.598,0.705,2.300,1.791,2.300,1.924,1.642,1.719,2.064,0.779,1.677,1.832,1.752,1.415,0.705,1.223,1.591,1.683,1.270,1.668,1.946,1.702,1.284
24.000,1.784,0.805,2.511,1.952,2.511,2.105,1.810,1.910,2.187,1.106,1.796,2.008,1.967,1.604,0.805,1.413,1.793,1.831,1.427,1.893,2.144,1.921,1.499
25.000,1.959,0.986,2.721,2.163,2.721,2.290,1.945,2.064,2.361,1.323,1.945,2.252,2.072,1.741,0.986,1.525,2.020,2.003,1.619,2.084,2.267,2.129,1.670
26.000,2.140,1.239,2.933,2.313,2.933,2.480,2.105,2.191,2.495,1.642,2.162,2.521,2.218,1.920,1.239,1.694,2.069,2.170,1.789,2.254,2.408,2.354,1.842
27.000,2.316,1.426,3.076,2.476,3.076,2.656,2.318,2.353,2.622,1.863,2.262,2.706,2.386,2.059,1.426,1.826,2.302,2.343,1.967,2.451,2.632,2.536,2.058
28.000,2.499,1.526,3.235,2.635,3.235,2.825,2.644,2.524,2.843,2.077,2.372,2.864,2.590,2.212,1.526,1.955,2.558,2.507,2.138,2.648,2.784,2.755,2.298
29.000,2.665,1.663,3.391,2.805,3.391,3.002,2.749,2.688,2.939,2.293,2.541,3.016,2.797,2.366,1.663,2.125,2.703,2.692,2.316,2.811,3.000,2.962,2.451
30.000,2.858,1.941,3.510,2.985,3.510,3.195,3.019,2.859,3.109,2.482,2.617,3.243,3.037,2.556,1.941,2.329,2.999,2.898,2.488,3.003,3.209,3.126,2.565
31.000,3.065,2.169,3.714,3.173,3.714,3.377,3.209,3.053,3.283,2.806,2.831,3.511,3.157,2.791,2.169,2.497,3.317,3.082,2.676,3.164,3.399,3.314,2.782
32.000,3.253,2.292,3.983,3.330,3.983,3.563,3.445,3.259,3.502,3.023,3.057,3.637,3.340,3.021,2.292,2.680,3.438,3.273,2.852,3.345,3.570,3.505,2.953
33.000,3.468,2.654,4.168,3.510,4.168,3.731,3.666,3.494,3.721,3.208,3.327,3.852,3.574,3.224,2.654,2.817,3.664,3.491,3.032,3.564,3.682,3.696,3.278
34.000,3.649,2.945,4.332,3.717,4.332,3.933,3.824,3.766,3.920,3.372,3.422,4.082,3.699,3.396,3.044,2.945,3.829,3.695,3.219,3.739,3.819,3.873,3.360
35.000,3.840,3.156,4.494,3.911,4.494,4.139,4.011,3.927,4.110,3.453,3.628,4.280,3.921,3.562,3.202,3.156,4.135,3.876,3.427,3.956,4.013,4.092,3.498
36.000,4.050,3.325,4.681,4.133,4.681,4.352,4.194,4.171,4.388,3.632,3.968,4.537,4.162,3.761,3.327,3.325,4.348,4.097,3.619,4.150,4.225,4.228,3.694
37.000,4.263,3.552,4.906,4.306,4.906,4.516,4.398,4.438,4.504,3.963,4.103,4.705,4.434,3.993,3.552,3.652,4.529,4.352,3.812,4.349,4.397,4.422,3.932
38.000,4.502,3.848,5.183,4.532,5.183,4.727,4.646,4.688,4.687,4.213,4.408,4.904,4.632,4.239,3.994,3.848,4.779,4.585,4.000,4.511,4.631,4.636,4.197
39.000,4.712,4.003,5.419,4.727,5.419,4.991,4.805,4.893,4.831,4.488,4.771,5.149,4.895,4.433,4.176,4.003,4.889,4.817,4.204,4.720,4.788,4.838,4.394
40.000,4.931,4.248,5.649,4.926,5.649,5.175,4.973,5.106,5.074,4.643,4.844,5.404,5.186,4.685,4.472,4.248,5.129,5.029,4.423,4.952,5.033,5.123,4.545
41.000,5.165,4.538,5.862,5.217,5.862,5.385,5.280,5.308,5.288,4.812,5.084,5.632,5.445,4.965,4.634,4.538,5.374,5.243,4.613,5.198,5.246,5.378,4.794
42.000,5.396,4.748,6.152,5.453,6.152,5.583,5.570,5.582,5.579,4.941,5.212,5.887,5.969,5.201,4.808,4.748,5.588,5.486,4.845,5.386,5.398,5.563,4.973
43.000,5.611,4.934,6.390,5.654,6.390,5.806,5.780,5.850,5.831,5.052,5.346,6.064,6.236,5.423,4.934,4.953,5.839,5.688,5.051,5.641,5.581,5.891,5.215
44.000,5.843,5.151,6.604,5.865,6.604,6.003,5.896,6.106,5.997,5.192,5.631,6.269,6.517,5.615,5.151,5.166,6.213,5.907,5.282,5.867,5.852,6.183,5.533
45.000,6.054,5.322,6.827,6.059,6.827,6.213,6.066,6.372,6.161,5.413,5.708,6.474,6.671,5.869,5.550,5.322,6.486,6.119,5.497,6.096,6.031,6.440,5.712
46.000,6.307,5.666,7.040,6.318,7.040,6.474,6.392,6.649,6.345,5.743,6.189,6.717,6.814,6.064,5.834,5.666,6.721,6.331,5.713,6.309,6.225,6.698,5.899
47.000,6.528,5.849,7.300,6.557,7.300,6.695,6.585,6.790,6.457,5.918,6.267,6.975,7.118,6.275,6.120,5.849,6.940,6.542,5.971,6.502,6.485,7.006,6.211
48.000,6.755,6.006,7.533,6.745,7.533,6.975,6.829,6.983,6.892,6.130,6.518,7.170,7.264,6.524,6.201,6.006,7.226,6.744,6.209,6.800,6.675,7.259,6.422
49.000,7.012,6.190,7.822,6.948,7.816,7.244,7.202,7.224,7.164,6.235,6.700,7.416,7.502,6.759,6.487,6.190,7.822,6.992,6.453,7.036,6.880,7.525,6.642
50.000,7.213,6.317,8.025,7.147,8.025,7.538,7.365,7.468,7.380,6.426,6.831,7.676,7.564,6.982,6.658,6.317,8.010,7.213,6.686,7.292,7.037,7.732,6.919
51.000,7.477,6.511,8.419,7.453,8.242,7.799,7.539,7.773,7.839,6.738,7.142,7.882,7.840,7.255,6.915,6.511,8.419,7.484,6.927,7.517,7.223,7.901,7.145
52.000,7.716,6.657,8.573,7.666,8.458,8.083,8.006,8.005,8.082,6.932,7.369,8.118,8.163,7.509,7.089,6.657,8.573,7.743,7.176,7.733,7.405,8.143,7.415
53.000,7.974,6.954,8.832,7.912,8.703,8.335,8.177,8.316,8.246,7.187,7.527,8.317,8.469,7.791,7.542,6.954,8.832,8.004,7.427,8.027,7.662,8.474,7.579
54.000,8.265,7.196,9.184,8.191,8.982,8.685,8.427,8.610,8.526,7.488,7.851,8.611,8.856,8.055,7.783,7.196,9.184,8.239,7.661,8.266,8.061,8.830,7.796
55.000,8.532,7.379,9.416,8.502,9.251,8.976,8.822,8.952,8.781,7.859,8.136,8.886,8.965,8.325,8.044,7.379,9.416,8.489,7.932,8.519,8.232,9.148,8.018
56.000,8.797,7.534,9.551,8.731,9.551,9.227,9.118,9.192,9.079,8.111,8.363,9.279,9.186,8.542,8.532,7.534,9.544,8.745,8.184,8.775,8.541,9.444,8.250
57.000,9.074,7.656,9.779,8.984,9.779,9.592,9.447,9.502,9.360,8.474,8.472,9.640,9.368,8.781,9.048,7.656,9.771,9.036,8.438,9.039,8.854,9.716,8.523
58.000,9.335,7.891,10.008,9.248,9.986,9.868,9.710,9.755,9.477,8.720,8.882,9.861,9.717,9.033,9.423,7.891,10.008,9.334,8.710,9.322,9.077,9.938,8.747
59.000,9.621,8.158,10.245,9.506,10.227,10.176,9.891,10.071,9.715,8.908,9.374,10.050,9.975,9.264,9.774,8.158,10.245,9.602,9.002,9.626,9.390,10.229,9.234
60.000,9.899,8.404,10.515,9.758,10.486,10.498,10.194,10.313,10.013,9.116,9.732,10.329,10.293,9.587,10.028,8.404,10.515,9.903,9.327,9.882,9.613,10.458,9.539
61.000,10.178,8.631,10.883,10.052,10.758,10.787,10.442,10.614,10.305,9.253,10.111,10.594,10.598,9.838,10.389,8.631,10.689,10.184,9.652,10.112,9.829,10.883,9.831
62.000,10.425,8.983,11.144,10.315,11.125,11.096,10.612,10.754,10.472,9.413,10.310,10.978,10.725,10.133,10.451,8.983,11.038,10.452,9.908,10.417,10.123,11.144,10.054
63.000,10.747,9.417,11.604,10.704,11.467,11.361,11.060,11.000,10.676,9.664,10.529,11.271,10.989,10.414,10.974,9.417,11.239,10.797,10.179,10.666,10.466,11.604,10.456
64.000,11.054,9.627,12.034,10.973,11.661,11.725,11.408,11.349,10.885,9.843,10.941,11.508,11.418,10.722,11.165,9.627,11.679,11.117,10.470,11.033,10.730,12.034,10.790
65.000,11.369,9.863,12.337,11.338,12.064,12.056,11.708,11.607,11.142,10.410,11.281,11.830,11.725,11.039,11.480,9.863,11.902,11.394,10.798,11.355,11.002,12.337,11.044
66.000,11.680,10.045,12.644,11.561,12.326,12.431,12.010,12.005,11.379,10.559,11.663,12.117,12.033,11.349,11.991,10.045,12.078,11.717,11.101,11.742,11.289,12.644,11.563
67.000,11.968,10.244,12.866,11.859,12.642,12.749,12.300,12.351,11.701,10.789,11.851,12.526,12.275,11.692,12.144,10.244,12.394,12.026,11.411,12.108,11.624,12.866,11.799
68.000,12.275,10.516,13.125,12.168,12.880,13.033,12.590,12.625,12.001,11.070,12.123,12.814,12.548,11.952,12.444,10.516,12.765,12.323,11.777,12.506,12.075,13.125,12.172
69.000,12.625,10.928,13.533,12.460,13.224,13.312,12.843,13.101,12.397,11.353,12.674,13.132,12.792,12.294,12.868,10.928,13.189,12.657,12.139,12.793,12.313,13.533,12.487
70.000,12.956,11.356,13.983,12.766,13.606,13.728,13.146,13.347,12.799,11.620,12.908,13.358,13.031,12.639,13.137,11.356,13.580,12.989,12.502,13.159,12.670,13.983,12.804
71.000,13.278,11.664,14.332,13.100,13.971,14.031,13.494,13.789,13.024,11.798,13.209,13.778,13.216,12.945,13.586,11.664,13.893,13.332,12.835,13.452,13.017,14.332,13.086
72.000,13.614,11.880,14.515,13.459,14.353,14.373,13.729,14.133,13.354,11.926,13.979,14.084,13.425,13.374,13.717,11.880,14.469,13.710,13.155,13.895,13.370,14.515,13.389
73.000,13.961,12.216,14.843,13.848,14.843,14.622,14.022,14.516,13.774,12.216,14.377,14.456,13.811,13.675,13.890,12.249,14.786,14.116,13.518,14.317,13.590,14.834,13.757
74.000,14.319,12.497,15.258,14.152,15.164,14.919,14.311,14.785,13.975,12.497,14.953,14.986,14.076,13.984,14.562,12.699,14.997,14.429,13.916,14.735,13.947,15.258,14.026
75.000,14.683,12.725,15.623,14.559,15.586,15.358,14.753,15.134,14.610,12.725,15.396,15.303,14.404,14.304,14.826,12.978,15.621,14.723,14.275,15.022,14.182,15.623,14.279
76.000,15.061,12.969,16.197,14.921,16.197,15.721,15.128,15.561,14.910,12.969,15.841,15.650,14.609,14.660,15.238,13.450,15.894,15.095,14.683,15.434,14.581,16.071,14.597
77.000,15.446,13.209,16.514,15.284,16.509,16.202,15.538,16.037,15.299,13.209,16.148,16.159,14.943,15.083,15.592,13.989,16.214,15.426,15.074,15.787,14.882,16.514,15.028
78.000,15.804,13.534,16.981,15.615,16.831,16.544,15.899,16.397,15.510,13.534,16.648,16.508,15.137,15.405,15.957,14.601,16.446,15.825,15.450,16.207,15.299,16.981,15.287
79.000,16.206,13.824,17.424,15.937,17.298,16.895,16.485,16.775,16.080,13.824,16.975,16.856,15.688,15.792,16.645,14.875,16.602,16.264,15.836,16.601,15.631,17.424,15.639
80.000,16.634,14.082,17.991,16.405,17.695,17.339,17.087,17.221,16.311,14.082,17.520,17.264,15.902,16.155,17.451,15.139,17.160,16.695,16.235,17.016,16.010,17.991,16.005
81.000,17.092,14.342,18.404,16.857,18.192,17.783,17.719,17.754,16.680,14.342,17.880,17.644,16.538,16.591,18.222,15.575,17.466,17.107,16.684,17.455,16.327,18.404,16.613
82.000,17.470,14.533,18.890,17.306,18.641,18.144,18.014,18.164,16.879,14.533,18.115,18.197,16.978,17.058,18.608,16.095,17.640,17.505,17.160,17.823,16.688,18.890,16.972
83.000,17.918,14.796,19.436,17.757,19.157,18.542,18.461,18.527,17.619,14.796,18.427,18.516,17.295,17.570,19.105,16.486,18.089,18.006,17.607,18.265,17.228,19.436,17.476
84.000,18.377,14.962,20.069,18.244,19.463,19.014,18.960,18.958,17.927,14.962,18.915,18.976,17.710,18.084,19.351,17.317,18.731,18.454,18.086,18.714,17.705,20.069,17.912
85.000,18.874,15.280,20.661,18.725,19.965,19.382,19.687,19.567,18.305,15.280,19.438,19.495,18.113,18.464,19.826,18.249,19.111,18.913,18.598,19.107,18.326,20.661,18.260
86.000,19.330,15.699,21.143,19.168,20.327,20.042,20.013,19.932,18.742,15.699,19.785,19.945,18.439,19.031,20.394,18.860,19.267,19.415,19.098,19.689,18.803,21.143,18.800
87.000,19.821,16.144,21.561,19.735,20.674,20.587,20.626,20.560,19.131,16.144,20.061,20.323,18.793,19.571,21.252,19.111,19.854,19.865,19.611,20.200,19.328,21.561,19.431
88.000,20.377,16.681,22.061,20.149,21.334,21.088,21.107,21.082,19.683,16.681,20.832,20.735,19.418,20.182,21.832,20.015,20.345,20.310,20.174,20.865,19.622,22.061,20.022
89.000,20.882,17.136,22.551,20.772,21.984,21.533,21.290,21.636,20.058,17.136,21.210,21.346,20.161,20.738,22.230,20.660,20.893,20.818,20.726,21.423,20.073,22.551,20.409
90.000,21.458,17.811,22.914,21.305,22.727,21.970,21.917,22.091,20.734,17.811,21.973,21.770,20.687,21.215,22.514,21.317,21.806,21.430,21.284,22.123,20.743,22.914,20.831
91.000,21.971,18.528,23.419,21.838,23.187,22.423,22.298,22.463,21.240,18.528,22.382,22.250,20.887,21.805,22.841,22.147,22.559,22.014,21.792,22.643,21.331,23.419,21.367
92.000,22.531,19.316,23.845,22.526,23.710,22.943,22.878,23.139,22.194,19.316,23.048,22.792,21.332,22.474,23.202,22.643,22.872,22.594,22.388,23.170,21.696,23.845,21.866
93.000,23.046,19.795,24.223,23.000,24.102,23.452,23.490,23.733,22.823,19.795,23.597,23.491,21.773,23.002,23.529,23.085,23.261,23.150,23.059,23.676,22.169,24.223,22.509
94.000,23.619,20.025,24.635,23.614,24.561,23.941,24.219,24.088,23.379,20.025,24.198,24.168,22.255,23.774,24.099,23.872,24.148,23.774,23.595,24.247,22.761,24.635,23.023
95.000,24.201,20.731,25.122,24.203,24.985,24.382,24.617,24.591,24.329,20.731,25.122,24.701,23.009,24.278,24.875,24.306,24.735,24.465,24.248,24.736,23.279,24.974,23.442
96.000,24.744,21.449,25.593,24.802,25.386,24.749,25.178,25.178,25.169,21.449,25.593,25.191,23.481,24.908,25.039,24.782,25.449,25.195,24.791,25.209,24.035,25.312,23.993
97.000,25.319,22.488,26.079,25.423,25.847,25.136,25.629,25.603,26.079,22.488,25.751,25.701,24.408,25.682,25.590,25.348,25.834,25.886,25.350,25.620,24.504,25.713,24.796
98.000,25.863,24.120,26.688,25.900,26.222,25.597,25.882,25.952,26.688,24.120,26.360,26.164,24.805,26.033,25.994,25.815,26.271,26.468,25.854,26.022,25.528,26.038,25.545
99.000,26.581,25.587,29.530,26.371,26.648,25.945,26.244,27.382,29.530,25.587,26.904,26.686,25.605,26.562,26.192,26.358,26.416,27.860,26.301,26.368,26.109,26.307,26.251
100.000,29.342,26.468,40.771,26.869,28.804,38.468,26.706,28.789,34.683,26.499,31.892,30.921,26.678,29.793,26.468,27.321,26.729,40.771,26.886,26.781,26.701,27.008,28.072
