# RP-180524 attachment, 03 Rural-eMBB_CouplingGain_and_DLgeometry_v24.xlsx, sheet Rural_700M_ModelA
pct,mean,min,max,Huawei,CATT,CATR,China Telecom,OPPO,Ericsson,MediaTek,Intel,Samsung,ZTE(v1),CMCC,ITRI,LG,Sharp,Nokia,NEC,Motorola/Lenovo,CEWiT
0.000,-138.501,-146.042,-130.547,-139.434,-139.926,-142.680,-136.562,-130.547,-140.067,-137.066,-140.070,-139.957,-140.251,-139.316,-134.980,-139.714,-146.042,-141.018,-131.698,-136.826,-136.861
1.000,-129.994,-133.197,-126.931,-130.598,-130.620,-131.136,-129.118,-128.929,-131.619,-126.931,-128.957,-132.992,-133.068,-133.197,-129.185,-128.053,-130.000,-128.629,-127.426,-129.218,-130.224
2.000,-127.529,-130.139,-125.737,-127.500,-127.613,-128.423,-127.111,-126.992,-128.835,-125.742,-126.805,-129.334,-129.832,-130.139,-127.767,-125.803,-127.404,-125.737,-125.839,-127.218,-127.427
3.000,-125.920,-128.216,-124.235,-125.696,-125.760,-126.699,-125.762,-125.820,-127.688,-125.311,-125.312,-128.216,-127.502,-127.965,-124.883,-124.235,-125.531,-124.394,-124.495,-125.452,-125.840
4.000,-124.549,-126.721,-122.821,-124.272,-124.296,-125.193,-124.668,-123.911,-125.389,-124.339,-124.265,-126.721,-126.340,-126.372,-124.019,-122.976,-124.191,-122.821,-123.492,-124.023,-124.594
5.000,-123.372,-125.537,-121.645,-122.968,-123.249,-123.831,-123.134,-123.008,-124.672,-122.970,-123.086,-125.537,-125.135,-125.230,-122.802,-121.765,-122.978,-121.645,-122.551,-122.701,-123.430
6.000,-122.385,-124.508,-120.778,-122.115,-122.509,-122.935,-122.014,-122.054,-123.748,-121.718,-122.133,-124.499,-123.962,-124.508,-121.620,-120.794,-121.929,-120.778,-121.653,-121.652,-122.302
7.000,-121.518,-123.862,-119.666,-121.158,-121.696,-122.134,-121.243,-120.842,-123.005,-121.088,-121.467,-123.862,-122.994,-123.377,-120.767,-119.906,-120.966,-119.666,-120.730,-121.062,-121.352
8.000,-120.694,-123.154,-118.752,-120.226,-120.878,-121.203,-120.473,-120.229,-122.473,-119.864,-120.808,-123.154,-122.287,-122.580,-119.583,-119.110,-120.160,-118.752,-120.182,-120.256,-120.265
9.000,-119.837,-122.328,-117.989,-119.413,-120.020,-120.423,-119.152,-119.626,-121.705,-118.729,-119.983,-122.328,-121.143,-121.454,-119.039,-118.460,-119.346,-117.989,-119.406,-119.319,-119.531
10.000,-119.159,-121.738,-117.123,-118.579,-119.528,-119.630,-118.614,-118.918,-121.107,-118.181,-119.302,-121.738,-120.321,-120.750,-118.484,-117.752,-118.644,-117.123,-118.692,-118.601,-118.891
11.000,-118.465,-121.198,-116.630,-117.814,-118.704,-118.974,-117.686,-118.347,-120.470,-117.052,-118.842,-121.198,-119.444,-119.565,-118.031,-117.129,-117.922,-116.630,-118.117,-118.094,-118.342
12.000,-117.857,-120.375,-116.225,-117.250,-118.039,-118.440,-117.245,-117.644,-119.790,-116.610,-118.268,-120.375,-118.860,-118.586,-117.681,-116.422,-117.311,-116.225,-117.450,-117.641,-117.587
13.000,-117.210,-119.666,-115.597,-116.581,-117.540,-117.683,-116.571,-117.075,-119.242,-116.387,-117.656,-119.666,-117.799,-117.792,-116.854,-115.731,-116.704,-115.597,-116.904,-116.951,-117.045
14.000,-116.594,-118.962,-114.890,-115.906,-117.073,-117.006,-116.011,-116.520,-118.423,-115.522,-117.085,-118.962,-117.128,-117.411,-116.467,-115.148,-116.103,-114.890,-116.177,-116.478,-116.391
15.000,-116.005,-118.191,-114.477,-115.287,-116.573,-116.435,-115.530,-115.920,-117.700,-114.798,-116.516,-118.191,-116.681,-116.985,-115.605,-114.536,-115.529,-114.477,-115.735,-115.829,-115.757
16.000,-115.437,-117.651,-113.929,-114.806,-115.931,-115.791,-115.032,-115.382,-117.285,-113.988,-116.079,-117.651,-116.017,-116.188,-115.103,-114.045,-114.933,-113.929,-115.160,-115.362,-115.184
17.000,-114.869,-116.795,-113.325,-114.267,-115.347,-115.222,-114.709,-114.873,-116.702,-113.509,-115.469,-116.795,-115.531,-115.580,-114.285,-113.526,-114.344,-113.325,-114.608,-114.833,-114.711
18.000,-114.325,-116.322,-112.824,-113.712,-114.999,-114.816,-114.155,-114.260,-116.322,-113.032,-114.931,-115.772,-114.919,-115.128,-113.947,-112.880,-113.788,-112.824,-114.133,-114.076,-114.147
19.000,-113.822,-115.364,-112.386,-113.247,-114.478,-114.135,-113.848,-113.790,-115.175,-112.629,-114.405,-115.364,-114.397,-114.874,-113.418,-112.386,-113.239,-112.475,-113.544,-113.750,-113.635
20.000,-113.353,-114.990,-111.934,-112.764,-114.070,-113.660,-113.001,-113.272,-114.670,-112.575,-113.994,-114.990,-113.869,-114.567,-112.716,-111.947,-112.760,-111.934,-113.010,-113.410,-113.137
21.000,-112.843,-114.560,-111.501,-112.271,-113.438,-113.196,-112.421,-112.896,-113.748,-111.763,-113.571,-114.560,-113.554,-113.895,-112.225,-111.501,-112.284,-111.656,-112.571,-112.993,-112.630
22.000,-112.381,-114.039,-110.963,-111.780,-112.904,-112.630,-112.091,-112.349,-113.378,-111.341,-113.135,-114.039,-113.072,-113.471,-111.810,-110.963,-111.843,-111.235,-112.168,-112.492,-112.150
23.000,-111.903,-113.668,-110.470,-111.409,-112.537,-111.935,-111.485,-112.117,-113.008,-110.752,-112.668,-113.668,-112.708,-113.046,-110.952,-110.470,-111.393,-110.679,-111.661,-111.965,-111.798
24.000,-111.411,-113.246,-110.045,-110.988,-112.019,-111.516,-110.766,-111.704,-112.293,-110.513,-112.110,-113.246,-112.264,-112.598,-110.138,-110.045,-110.919,-110.273,-111.311,-111.439,-111.246
25.000,-110.980,-112.700,-109.644,-110.434,-111.536,-111.069,-110.285,-111.138,-111.843,-110.180,-111.629,-112.700,-111.919,-112.206,-109.795,-109.644,-110.489,-109.948,-110.891,-111.087,-110.852
26.000,-110.508,-111.967,-109.208,-109.918,-110.997,-110.697,-109.819,-110.574,-111.562,-109.636,-111.204,-111.967,-111.364,-111.836,-109.516,-109.208,-110.081,-109.280,-110.575,-110.550,-110.353
27.000,-110.111,-111.513,-108.856,-109.610,-110.564,-110.297,-109.393,-110.184,-111.233,-109.277,-110.801,-111.513,-110.899,-111.398,-109.084,-108.856,-109.660,-109.066,-110.072,-110.231,-109.861
28.000,-109.646,-111.017,-108.456,-109.163,-110.117,-109.934,-108.860,-109.803,-110.692,-108.917,-110.185,-111.017,-110.383,-110.867,-108.553,-108.456,-109.235,-108.692,-109.605,-109.713,-109.441
29.000,-109.241,-110.746,-108.020,-108.761,-109.792,-109.504,-108.461,-109.317,-110.097,-108.452,-109.754,-110.746,-110.112,-110.579,-108.305,-108.020,-108.836,-108.263,-109.146,-109.150,-109.038
30.000,-108.817,-110.378,-107.590,-108.370,-109.372,-109.090,-107.966,-108.847,-109.644,-108.202,-109.347,-110.103,-109.610,-110.378,-107.698,-107.590,-108.370,-107.921,-108.717,-108.799,-108.674
31.000,-108.381,-109.984,-107.158,-107.879,-108.790,-108.575,-107.477,-108.444,-109.090,-107.849,-108.909,-109.719,-109.264,-109.984,-107.158,-107.172,-107.958,-107.651,-108.279,-108.337,-108.332
32.000,-108.000,-109.718,-106.763,-107.448,-108.352,-108.190,-107.173,-108.004,-108.770,-107.408,-108.448,-109.365,-108.878,-109.718,-106.902,-106.763,-107.573,-107.381,-107.811,-107.867,-107.945
33.000,-107.527,-109.283,-106.263,-106.991,-107.963,-107.782,-106.332,-107.437,-108.091,-107.097,-108.091,-108.973,-108.432,-109.283,-106.263,-106.303,-107.199,-106.769,-107.477,-107.511,-107.489
34.000,-107.111,-108.969,-105.728,-106.611,-107.467,-107.327,-105.728,-107.006,-107.694,-106.714,-107.657,-108.420,-108.097,-108.969,-105.847,-105.961,-106.773,-106.412,-107.099,-107.146,-107.072
35.000,-106.715,-108.521,-105.296,-106.248,-107.173,-106.925,-105.296,-106.704,-107.170,-106.360,-107.219,-108.066,-107.713,-108.521,-105.456,-105.602,-106.366,-105.847,-106.698,-106.805,-106.692
36.000,-106.321,-108.178,-104.980,-105.760,-106.815,-106.442,-105.001,-106.338,-106.829,-106.071,-106.899,-107.551,-107.215,-108.178,-104.980,-105.183,-105.996,-105.514,-106.295,-106.438,-106.275
37.000,-105.892,-107.828,-104.393,-105.343,-106.458,-105.988,-104.393,-105.817,-106.161,-105.703,-106.534,-107.124,-106.763,-107.828,-104.469,-104.823,-105.618,-105.045,-105.810,-106.219,-105.951
38.000,-105.475,-107.626,-103.844,-104.965,-106.109,-105.604,-103.937,-105.414,-105.551,-105.220,-106.128,-106.643,-106.481,-107.626,-103.844,-104.438,-105.210,-104.751,-105.470,-105.602,-105.556
39.000,-105.106,-107.358,-103.543,-104.658,-105.679,-105.152,-103.640,-104.975,-105.092,-104.795,-105.582,-106.340,-106.251,-107.358,-103.543,-104.067,-104.805,-104.504,-105.110,-105.187,-105.177
40.000,-104.738,-107.102,-103.075,-104.343,-105.254,-104.765,-103.419,-104.537,-104.721,-104.335,-105.303,-105.909,-105.928,-107.102,-103.075,-103.734,-104.403,-104.004,-104.737,-104.828,-104.888
41.000,-104.389,-106.712,-102.481,-103.935,-104.849,-104.399,-103.089,-104.243,-104.402,-104.021,-104.998,-105.505,-105.583,-106.712,-102.481,-103.415,-104.018,-103.718,-104.443,-104.579,-104.611
42.000,-104.031,-106.217,-102.141,-103.657,-104.581,-104.074,-102.803,-103.769,-104.199,-103.477,-104.666,-105.072,-105.031,-106.217,-102.141,-103.052,-103.627,-103.344,-104.113,-104.414,-104.318
43.000,-103.660,-105.659,-101.918,-103.293,-104.129,-103.683,-102.608,-103.347,-103.837,-103.270,-104.339,-104.661,-104.547,-105.659,-101.918,-102.698,-103.261,-102.955,-103.742,-104.016,-103.907
44.000,-103.304,-105.451,-101.691,-102.929,-103.681,-103.262,-102.111,-102.965,-103.595,-102.613,-103.961,-104.489,-104.278,-105.451,-101.691,-102.337,-102.922,-102.724,-103.385,-103.508,-103.572
45.000,-102.919,-104.963,-101.437,-102.570,-103.359,-102.912,-101.628,-102.594,-103.338,-101.917,-103.529,-104.043,-103.888,-104.963,-101.437,-102.022,-102.503,-102.422,-103.077,-103.098,-103.240
46.000,-102.537,-104.422,-101.150,-102.218,-102.935,-102.585,-101.188,-102.293,-102.739,-101.696,-103.150,-103.668,-103.510,-104.422,-101.150,-101.600,-102.134,-101.970,-102.777,-102.681,-102.953
47.000,-102.168,-104.066,-100.761,-101.881,-102.504,-102.158,-100.761,-101.898,-102.389,-101.594,-102.722,-103.076,-103.212,-104.066,-100.911,-101.260,-101.756,-101.485,-102.438,-102.375,-102.543
48.000,-101.786,-103.540,-100.448,-101.495,-102.073,-101.763,-100.478,-101.572,-101.975,-101.276,-102.202,-102.797,-102.991,-103.540,-100.448,-100.897,-101.399,-101.032,-102.048,-102.026,-102.130
49.000,-101.412,-103.216,-100.062,-101.094,-101.755,-101.412,-100.208,-101.147,-101.443,-100.876,-101.744,-102.660,-102.563,-103.216,-100.062,-100.490,-101.030,-100.571,-101.738,-101.700,-101.713
50.000,-101.068,-102.941,-99.927,-100.694,-101.233,-101.065,-99.927,-100.825,-101.000,-100.621,-101.369,-102.187,-102.173,-102.941,-99.952,-100.157,-100.655,-100.205,-101.376,-101.395,-101.450
51.000,-100.698,-102.479,-99.594,-100.368,-100.763,-100.739,-99.594,-100.399,-100.674,-100.276,-100.858,-101.930,-101.736,-102.479,-99.626,-99.801,-100.293,-99.848,-101.024,-101.027,-101.133
52.000,-100.306,-102.177,-99.107,-99.946,-100.332,-100.360,-99.107,-99.900,-100.355,-99.944,-100.329,-101.622,-101.328,-102.177,-99.235,-99.444,-99.933,-99.530,-100.665,-100.561,-100.732
53.000,-99.937,-101.783,-98.660,-99.643,-99.959,-100.014,-98.660,-99.543,-100.088,-99.538,-99.863,-101.093,-100.965,-101.783,-98.877,-99.043,-99.536,-99.244,-100.352,-100.227,-100.442
54.000,-99.549,-101.415,-98.415,-99.310,-99.655,-99.553,-98.415,-99.063,-99.553,-99.066,-99.485,-100.726,-100.714,-101.415,-98.547,-98.637,-99.158,-98.823,-99.869,-99.843,-100.055
55.000,-99.172,-101.160,-97.857,-98.864,-99.282,-99.254,-98.152,-98.592,-99.036,-98.761,-99.064,-100.401,-100.346,-101.160,-97.857,-98.266,-98.795,-98.497,-99.556,-99.509,-99.703
56.000,-98.768,-100.924,-97.376,-98.519,-98.930,-98.795,-97.788,-98.209,-98.779,-98.083,-98.776,-99.698,-99.921,-100.924,-97.376,-97.881,-98.429,-98.116,-99.199,-99.102,-99.300
57.000,-98.372,-100.605,-96.800,-98.233,-98.482,-98.341,-97.414,-97.800,-98.393,-97.751,-98.346,-99.268,-99.439,-100.605,-96.800,-97.481,-98.061,-97.750,-98.818,-98.763,-98.948
58.000,-97.963,-100.166,-96.634,-97.630,-98.111,-98.013,-96.859,-97.569,-97.994,-97.389,-97.874,-98.783,-98.980,-100.166,-96.634,-97.095,-97.682,-97.313,-98.469,-98.179,-98.593
59.000,-97.621,-99.691,-96.248,-97.240,-97.679,-97.752,-96.690,-97.352,-97.695,-97.118,-97.447,-98.557,-98.544,-99.691,-96.248,-96.733,-97.314,-96.963,-98.156,-97.775,-98.228
60.000,-97.262,-99.439,-95.863,-96.872,-97.391,-97.344,-96.417,-97.065,-97.200,-96.829,-97.013,-98.213,-98.226,-99.439,-95.863,-96.339,-96.908,-96.558,-97.770,-97.410,-97.869
61.000,-96.871,-99.053,-95.624,-96.436,-96.984,-97.016,-96.178,-96.586,-96.883,-96.148,-96.588,-97.690,-97.851,-99.053,-95.624,-95.988,-96.536,-96.288,-97.457,-96.931,-97.442
62.000,-96.487,-98.756,-95.318,-96.050,-96.530,-96.593,-95.816,-96.200,-96.403,-95.568,-96.226,-97.207,-97.543,-98.756,-95.318,-95.559,-96.187,-96.089,-97.100,-96.543,-97.083
63.000,-96.106,-98.264,-94.923,-95.632,-96.276,-96.200,-95.574,-95.950,-95.959,-95.247,-95.608,-96.780,-97.215,-98.264,-94.923,-95.170,-95.816,-95.756,-96.714,-96.119,-96.707
64.000,-95.732,-97.950,-94.601,-95.216,-95.857,-95.772,-95.195,-95.567,-95.594,-94.803,-95.295,-96.382,-96.794,-97.950,-94.601,-94.812,-95.452,-95.326,-96.320,-95.834,-96.402
65.000,-95.338,-97.551,-94.129,-94.789,-95.476,-95.431,-94.931,-95.159,-95.288,-94.419,-94.929,-95.762,-96.429,-97.551,-94.129,-94.387,-95.022,-94.977,-95.987,-95.486,-95.939
66.000,-94.947,-97.013,-93.746,-94.444,-95.102,-95.088,-94.510,-94.679,-94.959,-94.073,-94.485,-95.524,-96.094,-97.013,-93.746,-93.887,-94.618,-94.548,-95.615,-95.051,-95.609
67.000,-94.496,-96.614,-93.253,-94.040,-94.663,-94.666,-93.985,-94.022,-94.678,-93.597,-94.018,-95.045,-95.560,-96.614,-93.253,-93.478,-94.206,-94.134,-95.221,-94.568,-95.179
68.000,-94.066,-96.187,-92.994,-93.692,-94.291,-94.161,-93.429,-93.544,-94.393,-93.091,-93.628,-94.638,-94.919,-96.187,-92.994,-93.091,-93.808,-93.554,-94.913,-94.115,-94.748
69.000,-93.716,-95.955,-92.690,-93.284,-93.851,-93.782,-93.126,-93.145,-93.964,-92.921,-93.270,-94.353,-94.574,-95.955,-92.784,-92.690,-93.369,-93.157,-94.512,-93.800,-94.357
70.000,-93.284,-95.622,-92.348,-92.802,-93.372,-93.325,-92.782,-92.708,-93.182,-92.482,-92.916,-93.927,-93.991,-95.622,-92.437,-92.348,-92.956,-92.736,-94.065,-93.416,-94.040
71.000,-92.900,-95.377,-91.754,-92.421,-92.945,-92.974,-92.529,-92.325,-92.688,-92.098,-92.513,-93.406,-93.622,-95.377,-91.754,-91.984,-92.574,-92.529,-93.692,-93.094,-93.668
72.000,-92.454,-94.916,-91.160,-91.913,-92.488,-92.459,-92.093,-91.999,-92.236,-91.515,-92.093,-92.938,-93.138,-94.916,-91.160,-91.536,-92.119,-92.323,-93.288,-92.774,-93.189
73.000,-92.006,-94.476,-90.607,-91.397,-91.918,-92.033,-91.635,-91.619,-91.711,-91.086,-91.695,-92.606,-92.724,-94.476,-90.607,-91.083,-91.664,-91.965,-92.811,-92.300,-92.773
74.000,-91.565,-93.967,-90.184,-91.007,-91.412,-91.544,-91.257,-91.178,-91.286,-90.593,-91.278,-92.122,-92.217,-93.967,-90.184,-90.707,-91.247,-91.528,-92.408,-91.819,-92.408
75.000,-91.120,-93.527,-89.900,-90.472,-90.913,-91.088,-90.798,-90.663,-90.985,-90.121,-90.859,-91.768,-91.728,-93.527,-89.900,-90.283,-90.754,-91.218,-91.912,-91.280,-91.892
76.000,-90.589,-92.921,-89.199,-90.026,-90.409,-90.646,-90.438,-90.148,-90.426,-89.199,-90.207,-91.432,-91.063,-92.921,-89.358,-89.794,-90.252,-90.702,-91.447,-90.582,-91.545
77.000,-90.054,-92.354,-88.256,-89.557,-89.753,-90.159,-89.936,-89.577,-89.927,-88.939,-89.608,-90.700,-90.714,-92.354,-88.256,-89.363,-89.761,-90.257,-90.943,-90.149,-91.026
78.000,-89.575,-91.752,-87.446,-89.190,-89.303,-89.612,-89.643,-88.876,-89.611,-88.705,-88.966,-90.317,-90.312,-91.752,-87.446,-88.816,-89.243,-89.915,-90.447,-89.711,-90.477
79.000,-89.055,-90.998,-86.813,-88.666,-88.889,-89.121,-89.002,-88.444,-88.950,-88.336,-88.522,-89.821,-89.874,-90.998,-86.813,-88.301,-88.735,-89.406,-90.022,-89.096,-89.993
80.000,-88.530,-90.324,-86.527,-88.176,-88.436,-88.540,-88.640,-87.656,-88.419,-87.945,-87.972,-89.177,-89.208,-90.324,-86.527,-87.768,-88.200,-88.842,-89.620,-88.605,-89.481
81.000,-88.002,-89.759,-86.035,-87.634,-87.990,-87.858,-88.104,-87.159,-87.864,-87.292,-87.538,-88.492,-88.682,-89.759,-86.035,-87.247,-87.676,-88.445,-89.085,-88.153,-89.014
82.000,-87.415,-89.337,-85.820,-87.167,-87.333,-87.262,-87.643,-86.451,-87.144,-86.254,-86.959,-87.918,-88.188,-89.337,-85.820,-86.666,-87.068,-87.650,-88.559,-87.617,-88.439
83.000,-86.742,-88.911,-85.242,-86.611,-86.694,-86.666,-86.984,-85.703,-86.327,-85.242,-86.140,-86.762,-87.590,-88.911,-85.466,-86.198,-86.465,-86.959,-87.875,-86.881,-87.876
84.000,-86.078,-87.840,-84.723,-86.078,-86.206,-85.865,-86.437,-85.113,-85.478,-84.934,-85.534,-85.770,-87.096,-87.840,-84.723,-85.618,-85.824,-86.442,-87.282,-86.043,-87.127
85.000,-85.449,-87.178,-83.335,-85.526,-85.672,-85.233,-85.833,-84.565,-84.847,-84.719,-85.031,-84.692,-86.537,-87.178,-83.335,-84.947,-85.197,-86.037,-86.682,-85.532,-86.525
86.000,-84.756,-86.184,-83.020,-84.807,-85.018,-84.532,-84.586,-83.915,-84.256,-84.200,-84.365,-83.533,-85.930,-86.063,-83.020,-84.218,-84.496,-85.505,-86.184,-85.038,-85.936
87.000,-84.071,-85.537,-82.495,-84.154,-84.441,-83.910,-83.930,-82.999,-83.838,-83.708,-83.581,-82.868,-85.127,-85.259,-82.495,-83.544,-83.799,-84.631,-85.537,-84.280,-85.180
88.000,-83.354,-84.886,-81.567,-83.530,-83.706,-83.216,-83.489,-82.341,-83.373,-83.254,-82.882,-81.567,-84.282,-84.332,-81.940,-82.900,-83.093,-83.677,-84.886,-83.571,-84.339
89.000,-82.623,-84.197,-81.002,-82.581,-82.924,-82.482,-82.633,-81.721,-82.745,-82.602,-81.718,-81.002,-83.467,-83.355,-81.778,-82.233,-82.345,-82.986,-84.197,-82.716,-83.738
90.000,-81.786,-83.355,-79.661,-81.895,-82.002,-81.692,-81.843,-80.914,-81.814,-81.912,-80.794,-79.661,-82.569,-82.765,-81.096,-81.437,-81.514,-82.128,-83.355,-81.802,-82.958
91.000,-80.942,-82.450,-78.726,-81.023,-80.860,-80.976,-80.835,-79.753,-81.279,-81.083,-79.908,-78.726,-81.592,-82.087,-80.455,-80.578,-80.659,-81.540,-82.450,-81.123,-82.033
92.000,-80.090,-81.564,-77.795,-80.347,-80.013,-80.001,-80.239,-78.802,-80.694,-80.234,-79.154,-77.795,-80.811,-80.896,-79.333,-79.633,-79.810,-80.785,-81.564,-80.231,-81.276
93.000,-79.050,-80.804,-76.385,-79.385,-78.836,-78.811,-79.370,-77.833,-79.702,-79.139,-78.046,-76.385,-80.011,-80.150,-77.799,-78.573,-78.770,-80.125,-80.804,-79.270,-79.884
94.000,-77.950,-79.926,-75.206,-78.177,-77.691,-77.573,-77.889,-76.471,-78.159,-78.559,-77.020,-75.206,-79.057,-79.136,-76.720,-77.593,-77.684,-79.211,-79.926,-78.264,-78.771
95.000,-76.733,-78.904,-73.436,-76.905,-76.281,-76.453,-76.264,-75.256,-77.172,-76.472,-75.638,-73.436,-78.172,-78.400,-76.082,-76.331,-76.411,-78.393,-78.904,-77.017,-77.603
96.000,-75.397,-78.020,-71.853,-75.567,-74.983,-75.084,-75.443,-73.613,-75.019,-75.676,-74.329,-71.853,-76.409,-77.102,-75.495,-75.010,-75.140,-76.955,-78.020,-75.649,-75.806
97.000,-73.751,-77.015,-70.288,-74.028,-73.427,-73.769,-73.757,-70.612,-73.624,-74.293,-72.243,-70.288,-74.487,-76.154,-74.200,-73.663,-73.453,-74.857,-77.015,-73.696,-73.949
98.000,-71.778,-75.180,-67.108,-71.419,-71.256,-71.266,-72.364,-67.108,-72.229,-72.759,-70.118,-68.104,-72.788,-74.823,-73.308,-71.615,-71.211,-72.807,-75.180,-71.876,-71.768
99.000,-68.118,-72.404,-56.558,-67.350,-68.444,-68.340,-70.164,-56.558,-70.279,-69.122,-66.445,-65.599,-68.900,-69.861,-70.164,-68.362,-68.179,-70.375,-72.404,-67.398,-68.174
100.000,-56.859,-65.658,-47.893,-55.059,-57.438,-47.893,-60.146,-55.800,-60.215,-65.658,-52.206,-53.283,-50.973,-53.041,-64.461,-55.772,-51.948,-61.555,-61.750,-55.852,-60.408
