# RP-180524 attachment, 03 Rural-eMBB_CouplingGain_and_DLgeometry_v24.xlsx, sheet Rural_LMLC_ModelA
pct,mean,min,max,Huawei,CATT,CATR,ZTE(v1),MediaTek,CMCC,ITRI,LG,Sharp,Intel,China Telecom,Nokia,NEC,Motorola/Lenovo,CEWiT
0.000,-139.905,-146.983,-133.460,-143.010,-140.105,-144.021,-140.339,-137.254,-135.379,-136.386,-139.053,-146.983,-141.124,-137.661,-146.943,-133.460,-138.518,-138.345
1.000,-133.861,-138.317,-131.002,-134.601,-133.428,-135.016,-135.392,-132.265,-132.795,-132.649,-132.955,-134.967,-132.541,-133.705,-138.317,-131.002,-133.803,-134.484
2.000,-132.309,-136.914,-130.235,-132.633,-131.912,-133.315,-133.198,-130.348,-131.418,-131.396,-131.244,-133.140,-130.959,-132.633,-136.914,-130.235,-132.289,-133.001
3.000,-131.173,-135.134,-129.036,-131.505,-130.996,-132.403,-132.015,-129.036,-130.284,-129.978,-130.364,-131.988,-130.010,-131.446,-135.134,-129.662,-131.337,-131.431
4.000,-130.284,-133.538,-128.418,-130.392,-129.965,-131.472,-131.591,-128.418,-129.218,-129.302,-129.602,-130.876,-129.269,-130.863,-133.538,-129.144,-130.167,-130.441
5.000,-129.604,-132.631,-128.003,-129.761,-129.345,-130.621,-130.871,-128.003,-128.197,-128.385,-128.904,-130.095,-128.687,-130.173,-132.631,-128.697,-129.719,-129.977
6.000,-128.913,-131.614,-126.711,-128.994,-128.848,-130.074,-129.825,-126.711,-127.712,-127.831,-128.152,-129.411,-128.179,-129.510,-131.614,-128.314,-129.231,-129.289
7.000,-128.347,-131.035,-126.562,-128.427,-128.291,-129.501,-129.241,-126.562,-127.261,-126.686,-127.632,-128.731,-127.652,-129.098,-131.035,-127.904,-128.629,-128.559
8.000,-127.855,-130.548,-126.025,-127.801,-127.756,-129.013,-128.737,-126.025,-127.067,-126.082,-127.177,-128.143,-127.266,-128.459,-130.548,-127.544,-128.123,-128.092
9.000,-127.291,-129.741,-125.419,-127.254,-127.070,-128.515,-128.159,-125.723,-126.494,-125.419,-126.615,-127.573,-126.688,-127.683,-129.741,-127.196,-127.637,-127.603
10.000,-126.813,-129.330,-124.829,-126.723,-126.533,-128.015,-127.628,-125.471,-126.140,-124.829,-126.061,-127.068,-126.308,-126.996,-129.330,-126.800,-127.225,-127.063
11.000,-126.327,-128.977,-124.061,-126.254,-126.156,-127.469,-127.069,-125.208,-125.506,-124.061,-125.604,-126.562,-125.909,-126.450,-128.977,-126.395,-126.714,-126.570
12.000,-125.859,-128.238,-123.741,-125.762,-125.819,-127.072,-126.678,-124.879,-124.797,-123.741,-125.159,-126.098,-125.402,-125.969,-128.238,-126.031,-126.044,-126.192
13.000,-125.362,-127.667,-122.916,-125.392,-125.345,-126.719,-126.304,-124.376,-124.012,-122.916,-124.737,-125.624,-125.016,-125.500,-127.667,-125.655,-125.395,-125.775
14.000,-124.974,-127.121,-122.390,-125.006,-124.883,-126.343,-126.029,-124.212,-123.503,-122.390,-124.335,-125.145,-124.732,-125.238,-127.121,-125.233,-124.951,-125.496
15.000,-124.527,-126.583,-122.084,-124.581,-124.370,-125.908,-125.440,-123.676,-123.031,-122.084,-123.961,-124.741,-124.432,-124.764,-126.583,-124.777,-124.569,-124.989
16.000,-124.107,-125.869,-121.632,-124.203,-124.045,-125.614,-124.778,-123.310,-122.668,-121.632,-123.566,-124.331,-124.093,-124.408,-125.869,-124.272,-124.153,-124.656
17.000,-123.726,-125.231,-121.061,-123.828,-123.736,-125.229,-124.421,-122.985,-122.523,-121.061,-123.269,-123.944,-123.674,-124.021,-125.231,-123.821,-123.872,-124.280
18.000,-123.369,-124.937,-120.668,-123.441,-123.345,-124.883,-123.886,-122.754,-122.224,-120.668,-122.880,-123.567,-123.324,-123.705,-124.937,-123.315,-123.523,-124.085
19.000,-122.982,-124.593,-120.324,-123.045,-123.016,-124.512,-123.390,-122.502,-122.010,-120.324,-122.485,-123.162,-122.985,-123.291,-124.593,-122.753,-123.030,-123.635
20.000,-122.597,-124.154,-120.139,-122.622,-122.709,-124.154,-122.893,-122.042,-121.417,-120.139,-122.090,-122.827,-122.760,-122.839,-124.114,-122.377,-122.668,-123.299
21.000,-122.219,-123.860,-119.435,-122.252,-122.246,-123.860,-122.399,-121.832,-121.217,-119.435,-121.752,-122.419,-122.419,-122.529,-123.786,-121.840,-122.332,-122.963
22.000,-121.857,-123.527,-119.155,-121.880,-121.873,-123.527,-122.002,-121.406,-121.035,-119.155,-121.434,-122.063,-122.180,-122.232,-123.366,-121.039,-122.095,-122.566
23.000,-121.504,-123.255,-118.809,-121.615,-121.437,-123.255,-121.704,-121.055,-120.990,-118.809,-121.120,-121.694,-121.979,-121.866,-122.896,-120.381,-121.598,-122.158
24.000,-121.160,-122.977,-118.485,-121.303,-121.142,-122.977,-121.240,-120.822,-120.785,-118.485,-120.809,-121.347,-121.763,-121.607,-122.417,-119.745,-121.274,-121.681
25.000,-120.802,-122.672,-118.230,-121.043,-120.776,-122.672,-120.837,-120.595,-120.482,-118.230,-120.412,-121.000,-121.466,-121.035,-122.081,-119.258,-120.886,-121.251
26.000,-120.449,-122.362,-117.849,-120.711,-120.420,-122.362,-120.558,-120.155,-119.936,-117.849,-120.103,-120.642,-121.246,-120.748,-121.737,-118.725,-120.622,-120.924
27.000,-120.086,-122.000,-117.331,-120.390,-120.032,-122.000,-120.031,-119.910,-119.579,-117.331,-119.788,-120.311,-120.954,-120.252,-121.409,-118.241,-120.363,-120.704
28.000,-119.791,-121.690,-117.152,-120.010,-119.680,-121.690,-119.784,-119.561,-119.380,-117.152,-119.460,-119.955,-120.643,-120.099,-120.989,-117.920,-120.099,-120.440
29.000,-119.507,-121.431,-116.905,-119.674,-119.406,-121.431,-119.488,-119.342,-119.186,-116.905,-119.123,-119.612,-120.307,-119.868,-120.746,-117.632,-119.798,-120.092
30.000,-119.183,-121.088,-116.632,-119.329,-119.124,-121.088,-119.039,-118.912,-119.059,-116.632,-118.792,-119.293,-120.017,-119.528,-120.426,-117.386,-119.485,-119.632
31.000,-118.831,-120.855,-116.196,-118.972,-118.837,-120.855,-118.693,-118.523,-118.585,-116.196,-118.481,-118.955,-119.672,-119.081,-120.065,-117.185,-119.037,-119.323
32.000,-118.513,-120.531,-115.794,-118.610,-118.580,-120.531,-118.267,-118.277,-118.270,-115.794,-118.176,-118.632,-119.392,-118.755,-119.805,-116.892,-118.740,-118.972
33.000,-118.220,-120.181,-115.474,-118.341,-118.268,-120.181,-117.860,-118.087,-118.166,-115.474,-117.901,-118.322,-119.074,-118.450,-119.435,-116.724,-118.433,-118.587
34.000,-117.896,-119.832,-115.350,-117.990,-118.005,-119.832,-117.403,-117.564,-117.815,-115.350,-117.620,-118.026,-118.893,-118.044,-119.049,-116.527,-118.091,-118.234
35.000,-117.599,-119.548,-115.169,-117.699,-117.752,-119.548,-117.175,-117.061,-117.273,-115.169,-117.295,-117.698,-118.544,-117.718,-118.797,-116.350,-117.890,-118.018
36.000,-117.288,-119.208,-114.829,-117.402,-117.432,-119.208,-116.951,-116.552,-116.787,-114.829,-116.990,-117.359,-118.312,-117.466,-118.562,-116.167,-117.558,-117.746
37.000,-117.036,-118.881,-114.697,-117.113,-117.105,-118.881,-116.760,-116.339,-116.652,-114.697,-116.690,-117.072,-118.138,-117.245,-118.268,-115.997,-117.198,-117.391
38.000,-116.729,-118.572,-114.510,-116.787,-116.735,-118.572,-116.452,-115.918,-116.273,-114.510,-116.442,-116.758,-117.857,-116.850,-117.974,-115.803,-116.875,-117.128
39.000,-116.451,-118.232,-114.260,-116.485,-116.390,-118.232,-116.199,-115.545,-116.075,-114.260,-116.198,-116.436,-117.550,-116.591,-117.680,-115.640,-116.646,-116.838
40.000,-116.135,-117.911,-113.980,-116.210,-116.100,-117.911,-115.937,-115.252,-115.645,-113.980,-115.879,-116.142,-117.244,-116.203,-117.344,-115.412,-116.351,-116.419
41.000,-115.847,-117.624,-113.730,-115.910,-115.790,-117.624,-115.766,-114.786,-115.413,-113.730,-115.587,-115.811,-117.038,-115.802,-116.991,-115.281,-116.084,-116.096
42.000,-115.554,-117.346,-113.410,-115.602,-115.519,-117.346,-115.482,-114.472,-115.184,-113.410,-115.282,-115.496,-116.795,-115.358,-116.798,-115.102,-115.698,-115.763
43.000,-115.277,-116.989,-113.288,-115.347,-115.314,-116.989,-115.233,-114.111,-114.856,-113.288,-115.018,-115.194,-116.443,-115.097,-116.403,-114.898,-115.383,-115.587
44.000,-114.993,-116.595,-112.928,-115.083,-114.999,-116.595,-114.938,-113.932,-114.788,-112.928,-114.707,-114.877,-116.062,-114.842,-116.092,-114.676,-115.070,-115.311
45.000,-114.655,-116.265,-112.771,-114.783,-114.615,-116.265,-114.634,-113.038,-114.538,-112.771,-114.381,-114.566,-115.778,-114.460,-115.866,-114.426,-114.710,-114.992
46.000,-114.374,-115.933,-112.561,-114.435,-114.397,-115.933,-114.361,-112.633,-114.190,-112.561,-114.093,-114.289,-115.506,-114.289,-115.572,-114.182,-114.410,-114.762
47.000,-114.035,-115.526,-112.142,-114.177,-113.964,-115.526,-114.036,-112.298,-113.764,-112.142,-113.799,-114.016,-115.145,-113.931,-115.202,-113.957,-114.193,-114.372
48.000,-113.761,-115.076,-111.947,-113.887,-113.666,-115.076,-113.787,-112.117,-113.623,-111.947,-113.486,-113.716,-114.805,-113.689,-114.791,-113.771,-113.934,-114.123
49.000,-113.481,-114.683,-111.810,-113.616,-113.331,-114.683,-113.370,-112.013,-113.412,-111.810,-113.181,-113.438,-114.480,-113.370,-114.463,-113.593,-113.732,-113.728
50.000,-113.192,-114.341,-111.383,-113.390,-113.059,-114.341,-113.132,-111.765,-113.047,-111.383,-112.917,-113.165,-114.215,-113.144,-114.211,-113.363,-113.374,-113.371
51.000,-112.919,-114.059,-111.220,-113.166,-112.834,-114.059,-112.723,-111.429,-112.940,-111.220,-112.622,-112.851,-113.967,-112.941,-113.799,-113.150,-113.022,-113.058
52.000,-112.612,-113.716,-110.954,-112.901,-112.507,-113.716,-112.491,-111.195,-112.752,-110.954,-112.316,-112.529,-113.682,-112.553,-113.237,-112.875,-112.642,-112.827
53.000,-112.275,-113.414,-110.640,-112.569,-112.104,-113.349,-112.282,-110.796,-112.333,-110.640,-111.971,-112.231,-113.414,-112.152,-112.825,-112.605,-112.323,-112.536
54.000,-112.006,-113.167,-110.232,-112.254,-111.843,-113.022,-112.068,-110.614,-112.199,-110.232,-111.688,-111.934,-113.167,-111.981,-112.447,-112.352,-112.006,-112.277
55.000,-111.705,-112.943,-109.964,-111.906,-111.504,-112.649,-111.824,-110.256,-111.940,-109.964,-111.412,-111.668,-112.943,-111.702,-112.187,-112.077,-111.686,-111.859
56.000,-111.415,-112.648,-109.522,-111.536,-111.193,-112.326,-111.585,-110.110,-111.602,-109.522,-111.143,-111.384,-112.648,-111.508,-111.876,-111.797,-111.397,-111.600
57.000,-111.091,-112.380,-109.384,-111.164,-110.884,-111.908,-111.195,-109.859,-111.219,-109.384,-110.821,-111.050,-112.380,-111.130,-111.448,-111.544,-111.093,-111.280
58.000,-110.803,-112.043,-109.166,-110.814,-110.593,-111.457,-110.965,-109.660,-110.881,-109.166,-110.526,-110.760,-112.043,-110.931,-111.103,-111.285,-110.764,-111.098
59.000,-110.506,-111.790,-108.942,-110.407,-110.187,-111.113,-110.674,-109.541,-110.702,-108.942,-110.239,-110.445,-111.790,-110.674,-110.776,-110.999,-110.354,-110.745
60.000,-110.218,-111.534,-108.706,-110.103,-109.841,-110.730,-110.416,-109.255,-110.496,-108.706,-109.955,-110.123,-111.534,-110.439,-110.431,-110.698,-110.140,-110.397
61.000,-109.907,-111.139,-108.500,-109.737,-109.470,-110.267,-110.253,-108.963,-110.357,-108.500,-109.619,-109.810,-111.139,-110.204,-110.053,-110.345,-109.693,-110.200
62.000,-109.552,-110.846,-108.219,-109.321,-109.177,-109.805,-109.836,-108.538,-110.138,-108.219,-109.335,-109.504,-110.846,-109.691,-109.625,-110.041,-109.341,-109.856
63.000,-109.245,-110.609,-107.943,-108.997,-108.933,-109.395,-109.514,-108.383,-109.942,-107.943,-108.982,-109.172,-110.609,-109.296,-109.180,-109.797,-109.047,-109.493
64.000,-108.899,-110.311,-107.472,-108.629,-108.610,-108.946,-109.188,-107.971,-109.890,-107.472,-108.636,-108.828,-110.311,-108.941,-108.777,-109.478,-108.800,-109.014
65.000,-108.497,-109.791,-107.078,-108.328,-108.193,-108.544,-108.957,-107.645,-109.187,-107.078,-108.237,-108.484,-109.791,-108.616,-108.373,-109.093,-108.348,-108.576
66.000,-108.114,-109.513,-106.860,-107.962,-107.854,-107.999,-108.692,-107.002,-108.641,-106.860,-107.885,-108.141,-109.513,-108.141,-108.021,-108.782,-107.946,-108.277
67.000,-107.722,-109.124,-106.461,-107.661,-107.529,-107.479,-108.433,-106.461,-107.917,-106.658,-107.539,-107.788,-109.124,-107.823,-107.575,-108.459,-107.446,-107.936
68.000,-107.348,-108.829,-105.988,-107.353,-107.045,-107.011,-108.026,-105.988,-107.456,-106.488,-107.147,-107.399,-108.829,-107.422,-107.349,-108.104,-107.071,-107.533
69.000,-106.998,-108.482,-105.693,-107.041,-106.511,-106.525,-107.813,-105.693,-107.213,-106.308,-106.752,-107.015,-108.482,-107.029,-107.080,-107.652,-106.640,-107.221
70.000,-106.606,-108.117,-105.164,-106.617,-106.204,-106.018,-107.402,-105.164,-106.946,-105.755,-106.293,-106.623,-108.117,-106.774,-106.635,-107.289,-106.277,-106.969
71.000,-106.155,-107.601,-104.729,-106.117,-105.810,-105.534,-106.948,-104.729,-106.231,-105.416,-105.921,-106.219,-107.601,-106.219,-106.139,-106.828,-105.933,-106.683
72.000,-105.805,-107.186,-104.539,-105.753,-105.488,-104.991,-106.725,-104.539,-105.924,-105.159,-105.610,-105.824,-107.186,-105.684,-105.828,-106.469,-105.613,-106.283
73.000,-105.389,-106.796,-104.329,-105.400,-104.975,-104.391,-106.276,-104.329,-105.541,-104.704,-105.249,-105.426,-106.796,-105.374,-105.257,-106.041,-105.221,-105.853
74.000,-104.916,-106.341,-103.769,-105.030,-104.574,-103.823,-105.895,-103.769,-105.247,-104.065,-104.800,-105.003,-106.341,-104.846,-104.694,-105.603,-104.802,-105.250
75.000,-104.442,-105.854,-103.198,-104.543,-104.248,-103.198,-105.564,-103.635,-104.630,-103.408,-104.319,-104.568,-105.854,-104.265,-104.367,-105.154,-104.273,-104.600
76.000,-103.926,-105.476,-102.655,-104.012,-103.814,-102.655,-104.915,-103.153,-103.964,-103.091,-103.856,-104.081,-105.476,-103.489,-103.821,-104.581,-103.796,-104.179
77.000,-103.370,-104.917,-102.064,-103.506,-103.303,-102.064,-104.611,-102.456,-103.208,-102.588,-103.353,-103.628,-104.917,-102.871,-103.216,-104.031,-103.235,-103.564
78.000,-102.854,-104.514,-101.303,-102.981,-102.872,-101.303,-104.217,-102.228,-102.676,-101.797,-102.855,-103.114,-104.514,-102.543,-102.544,-103.453,-102.530,-103.184
79.000,-102.348,-104.101,-100.500,-102.270,-102.252,-100.500,-103.831,-101.986,-102.419,-101.468,-102.334,-102.611,-104.101,-101.891,-101.990,-102.914,-102.015,-102.640
80.000,-101.726,-103.558,-99.750,-101.697,-101.720,-99.750,-103.278,-100.617,-101.918,-100.743,-101.814,-102.042,-103.558,-101.477,-101.402,-102.318,-101.561,-101.998
81.000,-101.084,-102.896,-98.914,-101.036,-101.204,-98.914,-102.344,-99.864,-101.479,-100.036,-101.307,-101.475,-102.896,-100.875,-100.537,-101.727,-101.121,-101.447
82.000,-100.475,-102.387,-98.186,-100.312,-100.694,-98.186,-101.890,-99.229,-100.853,-99.546,-100.766,-100.889,-102.387,-100.252,-99.940,-101.030,-100.500,-100.653
83.000,-99.765,-101.535,-97.411,-99.674,-100.298,-97.411,-100.834,-98.871,-100.317,-98.308,-100.059,-100.277,-101.535,-99.367,-99.151,-100.464,-99.946,-99.959
84.000,-99.088,-100.862,-96.380,-99.047,-99.678,-96.380,-100.217,-98.359,-99.957,-97.333,-99.297,-99.535,-100.862,-98.672,-98.588,-99.832,-99.187,-99.376
85.000,-98.332,-100.144,-95.495,-98.402,-98.739,-95.495,-99.575,-97.879,-98.420,-96.788,-98.569,-98.716,-100.144,-97.775,-98.143,-99.039,-98.507,-98.797
86.000,-97.504,-99.308,-94.455,-97.811,-98.206,-94.455,-98.837,-97.216,-96.763,-96.166,-97.840,-97.886,-99.308,-97.215,-97.395,-98.014,-97.740,-97.701
87.000,-96.640,-98.380,-93.297,-96.932,-97.360,-93.297,-97.962,-96.699,-95.873,-94.962,-96.897,-97.038,-98.380,-96.540,-96.665,-97.117,-96.855,-97.025
88.000,-95.716,-97.461,-92.191,-95.952,-96.580,-92.191,-96.748,-95.688,-94.816,-93.762,-96.035,-96.115,-97.461,-95.861,-95.875,-96.312,-95.957,-96.380
89.000,-94.544,-96.479,-90.907,-94.913,-95.462,-90.907,-95.701,-94.450,-92.685,-92.068,-94.895,-95.146,-96.479,-95.067,-94.985,-95.235,-95.148,-95.018
90.000,-93.460,-95.325,-89.595,-93.607,-94.591,-89.595,-94.781,-93.973,-92.159,-90.309,-93.777,-94.043,-95.325,-93.897,-94.086,-94.301,-93.710,-93.748
91.000,-92.080,-93.805,-88.088,-92.422,-93.060,-88.088,-93.805,-92.586,-90.181,-88.481,-92.502,-92.812,-93.760,-92.762,-92.809,-93.017,-92.118,-92.794
92.000,-90.754,-92.800,-86.753,-91.213,-91.951,-86.753,-92.800,-89.651,-89.365,-87.187,-91.149,-91.523,-92.389,-91.598,-91.516,-91.539,-91.094,-91.591
93.000,-89.111,-91.399,-85.049,-89.706,-90.358,-85.208,-91.399,-87.541,-87.688,-85.049,-89.413,-90.030,-91.073,-90.526,-89.718,-90.000,-88.841,-90.117
94.000,-87.342,-90.003,-83.490,-87.995,-88.812,-83.490,-88.561,-85.442,-85.882,-83.496,-87.680,-88.376,-90.003,-88.811,-88.375,-87.955,-87.044,-88.210
95.000,-85.437,-88.082,-80.965,-86.131,-86.391,-81.770,-86.795,-84.227,-83.474,-80.965,-85.691,-86.361,-88.082,-87.365,-86.678,-85.968,-85.746,-85.916
96.000,-83.214,-86.328,-79.542,-84.092,-84.227,-79.542,-83.840,-82.216,-81.011,-79.784,-83.573,-83.799,-86.328,-84.948,-85.258,-83.560,-83.780,-82.259
97.000,-80.457,-83.366,-76.625,-81.246,-81.863,-77.483,-80.166,-77.810,-79.492,-76.625,-81.523,-81.387,-83.366,-82.119,-82.033,-81.552,-80.841,-79.348
98.000,-77.266,-79.627,-72.502,-78.379,-78.796,-74.844,-77.531,-72.502,-75.986,-73.900,-77.760,-77.907,-79.627,-79.060,-79.370,-78.466,-77.883,-76.977
99.000,-73.027,-75.825,-70.105,-73.134,-74.135,-70.276,-70.826,-70.105,-72.768,-72.056,-72.646,-73.209,-75.825,-74.237,-74.264,-74.367,-73.710,-73.844
100.000,-59.227,-67.298,-45.325,-58.575,-51.619,-49.409,-45.325,-66.041,-67.298,-65.110,-55.145,-55.654,-60.878,-66.358,-62.950,-64.859,-58.199,-60.983
