# RP-180524 attachment, 03 Rural-eMBB_CouplingGain_and_DLgeometry_v24.xlsx, sheet Rural_LMLC_ModelB
pct,mean,min,max,Huawei,CATT,CATR,ZTE(v1),MediaTek,NTT DOCOMO,CMCC,ITRI,LG,Sharp,Intel,China Telecom,NEC,Nokia,Motorola/Lenovo,CEWiT
0.000,-144.480,-154.228,-137.044,-145.732,-137.949,-147.411,-143.767,-142.712,-147.839,-137.044,-142.795,-148.847,-154.228,-143.881,-144.686,-143.263,-151.747,-140.774,-139.002
1.000,-136.091,-139.856,-133.291,-136.181,-133.653,-137.970,-139.856,-136.168,-135.572,-133.291,-134.857,-135.078,-138.800,-136.096,-135.656,-135.249,-139.376,-135.812,-133.841
2.000,-134.031,-137.111,-131.473,-134.001,-131.837,-135.652,-137.111,-135.254,-133.645,-131.473,-132.929,-132.995,-135.811,-133.602,-133.644,-133.278,-136.714,-134.086,-132.459
3.000,-132.680,-135.268,-130.378,-132.752,-130.378,-134.491,-135.233,-133.212,-132.195,-130.668,-131.821,-131.542,-134.309,-132.133,-132.514,-131.949,-135.268,-132.921,-131.488
4.000,-131.396,-133.704,-129.431,-131.347,-129.431,-133.432,-133.479,-131.564,-131.104,-129.522,-129.946,-130.353,-132.945,-130.830,-131.967,-130.904,-133.704,-131.703,-130.110
5.000,-130.402,-132.758,-128.486,-130.484,-128.707,-132.572,-132.745,-129.965,-130.101,-128.486,-128.885,-129.427,-131.810,-129.726,-130.424,-130.017,-132.758,-130.864,-129.469
6.000,-129.529,-131.959,-127.563,-129.654,-127.871,-131.959,-131.629,-128.388,-129.313,-127.563,-128.118,-128.554,-130.803,-128.997,-129.861,-129.093,-131.686,-130.136,-128.833
7.000,-128.842,-131.246,-126.949,-128.780,-127.194,-131.246,-131.128,-127.764,-128.695,-126.949,-127.831,-127.838,-129.947,-128.410,-128.791,-128.367,-130.837,-129.531,-128.172
8.000,-128.091,-130.498,-126.493,-127.944,-126.613,-130.498,-130.060,-126.925,-127.927,-126.493,-127.506,-127.248,-129.101,-127.810,-127.757,-127.754,-129.239,-128.992,-127.593
9.000,-127.418,-129.874,-125.907,-127.377,-126.025,-129.874,-128.968,-126.095,-127.310,-125.907,-126.083,-126.605,-128.377,-127.435,-127.642,-127.197,-128.604,-128.182,-127.001
10.000,-126.812,-129.238,-124.726,-126.733,-125.482,-129.238,-128.407,-125.700,-126.690,-125.463,-124.726,-126.078,-127.670,-126.931,-127.451,-126.600,-127.702,-127.540,-126.576
11.000,-126.269,-128.863,-124.256,-126.262,-125.007,-128.863,-128.059,-124.920,-126.038,-124.999,-124.256,-125.602,-127.065,-126.245,-126.690,-126.105,-127.229,-126.796,-126.170
12.000,-125.723,-128.398,-123.854,-125.691,-124.363,-128.398,-127.308,-124.395,-125.540,-124.361,-123.854,-125.084,-126.419,-125.767,-126.483,-125.542,-126.523,-126.178,-125.661
13.000,-125.178,-127.925,-123.418,-125.286,-123.969,-127.925,-126.609,-123.777,-125.077,-123.418,-123.431,-124.548,-125.846,-125.415,-125.702,-124.836,-126.175,-125.462,-125.367
14.000,-124.696,-127.426,-122.481,-124.776,-123.547,-127.426,-126.183,-123.277,-124.570,-122.927,-122.481,-124.118,-125.349,-124.982,-125.379,-124.281,-125.844,-125.052,-124.950
15.000,-124.271,-126.992,-122.112,-124.323,-123.065,-126.992,-125.867,-122.841,-124.070,-122.547,-122.112,-123.686,-124.827,-124.611,-125.033,-123.770,-125.246,-124.746,-124.595
16.000,-123.830,-126.558,-121.638,-123.871,-122.645,-126.558,-125.450,-122.423,-123.550,-122.236,-121.638,-123.207,-124.314,-124.220,-124.732,-123.217,-124.862,-124.307,-124.043
17.000,-123.316,-126.146,-120.692,-123.546,-122.083,-126.146,-124.957,-121.837,-123.128,-121.462,-120.692,-122.743,-123.867,-123.822,-124.068,-122.730,-124.344,-123.903,-123.732
18.000,-122.940,-125.742,-120.388,-123.148,-121.719,-125.742,-124.736,-121.496,-122.765,-121.293,-120.388,-122.326,-123.371,-123.531,-123.431,-122.242,-123.879,-123.519,-123.461
19.000,-122.563,-125.318,-120.140,-122.794,-121.358,-125.318,-124.434,-121.341,-122.267,-121.017,-120.140,-121.900,-122.932,-123.174,-122.900,-121.657,-123.594,-123.134,-123.052
20.000,-122.156,-124.934,-119.778,-122.393,-120.980,-124.934,-124.026,-120.829,-121.900,-120.675,-119.778,-121.491,-122.505,-122.814,-122.352,-121.194,-123.129,-122.730,-122.773
21.000,-121.733,-124.557,-119.228,-122.078,-120.670,-124.557,-123.330,-120.224,-121.521,-120.287,-119.228,-121.097,-122.063,-122.398,-121.877,-120.703,-122.888,-122.314,-122.491
22.000,-121.373,-124.229,-118.936,-121.767,-120.316,-124.229,-122.887,-119.578,-121.152,-120.091,-118.936,-120.772,-121.633,-122.103,-121.753,-120.239,-122.566,-121.775,-122.177
23.000,-121.005,-123.849,-118.615,-121.337,-119.994,-123.849,-122.462,-119.348,-120.793,-119.681,-118.615,-120.447,-121.213,-121.820,-121.405,-119.765,-122.182,-121.426,-121.741
24.000,-120.647,-123.534,-118.134,-120.929,-119.757,-123.534,-122.039,-119.062,-120.372,-119.531,-118.134,-120.033,-120.832,-121.507,-121.063,-119.287,-121.754,-121.124,-121.392
25.000,-120.231,-123.187,-117.417,-120.620,-119.343,-123.187,-121.582,-118.522,-120.091,-119.338,-117.417,-119.701,-120.497,-121.119,-120.319,-118.722,-121.423,-120.731,-121.086
26.000,-119.902,-122.842,-117.097,-120.241,-119.100,-122.842,-121.141,-118.314,-119.769,-119.047,-117.097,-119.368,-120.123,-120.846,-120.001,-118.363,-121.111,-120.501,-120.573
27.000,-119.572,-122.492,-116.775,-119.905,-118.691,-122.492,-120.945,-118.104,-119.437,-118.840,-116.775,-119.004,-119.746,-120.598,-119.771,-117.946,-120.655,-120.184,-120.063
28.000,-119.243,-122.184,-116.683,-119.532,-118.447,-122.184,-120.607,-117.934,-119.126,-118.185,-116.683,-118.712,-119.402,-120.298,-119.199,-117.570,-120.298,-119.891,-119.826
29.000,-118.912,-121.902,-116.467,-119.215,-118.122,-121.902,-120.029,-117.635,-118.803,-117.855,-116.467,-118.413,-118.993,-119.908,-119.044,-117.327,-119.842,-119.586,-119.450
30.000,-118.588,-121.518,-116.272,-118.939,-117.725,-121.518,-119.609,-117.486,-118.497,-117.528,-116.272,-118.115,-118.642,-119.525,-118.804,-116.998,-119.458,-119.154,-119.144
31.000,-118.277,-121.119,-115.872,-118.604,-117.455,-121.119,-119.377,-117.301,-118.234,-117.350,-115.872,-117.792,-118.306,-119.248,-118.141,-116.788,-119.092,-118.828,-118.920
32.000,-117.995,-120.706,-115.735,-118.276,-117.197,-120.706,-119.144,-117.111,-117.887,-117.038,-115.735,-117.465,-117.981,-118.988,-117.883,-116.519,-118.869,-118.577,-118.542
33.000,-117.711,-120.261,-115.626,-117.934,-116.911,-120.261,-118.880,-116.962,-117.571,-116.796,-115.626,-117.174,-117.658,-118.760,-117.417,-116.267,-118.628,-118.273,-118.258
34.000,-117.391,-119.860,-115.336,-117.518,-116.590,-119.860,-118.391,-116.459,-117.268,-116.554,-115.336,-116.908,-117.322,-118.452,-117.298,-116.030,-118.485,-117.754,-118.027
35.000,-117.082,-119.468,-115.021,-117.167,-116.411,-119.468,-118.016,-116.091,-116.950,-116.180,-115.021,-116.642,-117.023,-118.205,-116.841,-115.850,-118.145,-117.501,-117.797
36.000,-116.769,-119.132,-114.765,-116.869,-116.162,-119.132,-117.794,-115.608,-116.594,-115.806,-114.765,-116.363,-116.730,-117.910,-116.545,-115.631,-117.770,-117.116,-117.512
37.000,-116.469,-118.795,-114.591,-116.600,-115.868,-118.795,-117.496,-115.251,-116.324,-115.398,-114.591,-116.033,-116.432,-117.681,-116.165,-115.456,-117.404,-116.755,-117.252
38.000,-116.163,-118.493,-114.334,-116.330,-115.474,-118.493,-117.111,-115.117,-115.966,-115.260,-114.334,-115.736,-116.101,-117.484,-115.633,-115.202,-117.181,-116.345,-116.847
39.000,-115.915,-118.161,-114.071,-116.049,-115.217,-118.161,-116.799,-114.996,-115.743,-115.203,-114.071,-115.495,-115.773,-117.225,-115.441,-115.011,-116.886,-115.991,-116.584
40.000,-115.615,-117.697,-113.925,-115.702,-114.955,-117.697,-116.519,-114.797,-115.417,-114.762,-113.925,-115.264,-115.465,-116.966,-114.906,-114.826,-116.600,-115.788,-116.249
41.000,-115.355,-117.340,-113.528,-115.412,-114.666,-117.340,-116.323,-114.621,-115.111,-114.520,-113.528,-115.002,-115.178,-116.754,-114.700,-114.638,-116.332,-115.502,-116.048
42.000,-115.063,-116.934,-113.344,-115.140,-114.315,-116.934,-115.906,-114.253,-114.851,-114.343,-113.344,-114.707,-114.886,-116.429,-114.448,-114.454,-116.028,-115.238,-115.736
43.000,-114.789,-116.612,-113.090,-114.753,-113.992,-116.612,-115.655,-114.058,-114.548,-114.256,-113.090,-114.447,-114.600,-116.148,-114.358,-114.242,-115.653,-114.885,-115.333
44.000,-114.520,-116.157,-112.848,-114.422,-113.692,-116.157,-115.403,-113.988,-114.259,-113.958,-112.848,-114.150,-114.326,-115.904,-114.065,-114.091,-115.430,-114.556,-115.074
45.000,-114.221,-115.836,-112.225,-114.185,-113.445,-115.836,-115.056,-113.872,-113.930,-113.732,-112.225,-113.778,-114.066,-115.623,-113.606,-113.937,-115.207,-114.269,-114.773
46.000,-113.942,-115.470,-111.962,-113.873,-113.137,-115.470,-114.740,-113.468,-113.646,-113.439,-111.962,-113.549,-113.776,-115.276,-113.501,-113.758,-114.983,-113.987,-114.507
47.000,-113.630,-115.128,-111.498,-113.601,-112.833,-115.128,-114.392,-113.217,-113.331,-113.159,-111.498,-113.299,-113.492,-115.007,-113.001,-113.579,-114.706,-113.750,-114.094
48.000,-113.372,-114.725,-111.366,-113.345,-112.572,-114.661,-114.059,-113.071,-113.077,-112.802,-111.366,-113.017,-113.207,-114.725,-112.734,-113.387,-114.564,-113.501,-113.860
49.000,-113.095,-114.446,-111.262,-113.137,-112.294,-114.359,-113.761,-112.472,-112.776,-112.597,-111.262,-112.719,-112.922,-114.446,-112.622,-113.191,-114.278,-113.158,-113.532
50.000,-112.802,-114.141,-110.882,-112.794,-112.101,-114.008,-113.441,-112.347,-112.472,-112.302,-110.882,-112.435,-112.646,-114.141,-112.409,-112.982,-113.795,-112.823,-113.254
51.000,-112.555,-113.886,-110.763,-112.510,-111.843,-113.670,-113.253,-112.180,-112.197,-112.046,-110.763,-112.194,-112.356,-113.886,-112.109,-112.768,-113.563,-112.516,-113.031
52.000,-112.285,-113.663,-110.509,-112.210,-111.573,-113.285,-113.056,-111.677,-111.935,-111.828,-110.509,-111.980,-112.083,-113.663,-111.960,-112.547,-113.259,-112.280,-112.710
53.000,-111.994,-113.383,-110.184,-111.874,-111.230,-113.018,-112.711,-111.378,-111.624,-111.658,-110.184,-111.688,-111.800,-113.383,-111.737,-112.362,-112.938,-111.890,-112.429
54.000,-111.692,-113.169,-109.829,-111.597,-110.946,-112.688,-112.388,-110.989,-111.312,-111.228,-109.829,-111.432,-111.500,-113.169,-111.476,-112.197,-112.607,-111.629,-112.089
55.000,-111.400,-112.832,-109.565,-111.213,-110.641,-112.323,-112.073,-110.754,-111.005,-110.948,-109.565,-111.120,-111.192,-112.832,-111.302,-111.957,-112.384,-111.264,-111.834
56.000,-111.072,-112.576,-109.327,-110.930,-110.349,-111.970,-111.530,-109.975,-110.739,-110.781,-109.327,-110.832,-110.876,-112.576,-110.898,-111.743,-112.089,-110.984,-111.560
57.000,-110.764,-112.272,-108.925,-110.654,-110.019,-111.658,-111.240,-109.760,-110.425,-110.456,-108.925,-110.519,-110.566,-112.272,-110.653,-111.450,-111.652,-110.704,-111.274
58.000,-110.482,-111.922,-108.547,-110.264,-109.811,-111.294,-110.913,-109.520,-110.151,-110.297,-108.547,-110.253,-110.263,-111.922,-110.433,-111.198,-111.384,-110.450,-111.017
59.000,-110.152,-111.627,-108.295,-109.951,-109.531,-110.829,-110.731,-109.326,-109.842,-109.833,-108.295,-109.894,-109.927,-111.627,-109.835,-110.920,-111.053,-110.181,-110.660
60.000,-109.831,-111.342,-107.969,-109.546,-109.213,-110.474,-110.445,-108.910,-109.517,-109.540,-107.969,-109.561,-109.612,-111.342,-109.547,-110.637,-110.750,-109.837,-110.398
61.000,-109.519,-111.026,-107.581,-109.207,-108.935,-110.036,-110.277,-108.621,-109.248,-109.395,-107.581,-109.215,-109.267,-111.026,-109.202,-110.362,-110.428,-109.576,-109.926
62.000,-109.182,-110.689,-107.279,-108.790,-108.559,-109.626,-109.911,-108.331,-108.872,-108.982,-107.279,-108.899,-108.946,-110.689,-109.009,-110.156,-109.946,-109.318,-109.597
63.000,-108.851,-110.423,-107.102,-108.488,-108.267,-109.126,-109.546,-108.149,-108.616,-108.685,-107.102,-108.566,-108.633,-110.423,-108.503,-109.874,-109.597,-108.868,-109.165
64.000,-108.545,-109.985,-106.921,-108.161,-107.932,-108.683,-109.225,-107.936,-108.306,-108.412,-106.921,-108.203,-108.315,-109.985,-108.150,-109.612,-109.392,-108.539,-108.944
65.000,-108.185,-109.608,-106.349,-107.880,-107.626,-108.240,-108.796,-107.478,-108.006,-108.120,-106.349,-107.881,-107.939,-109.608,-107.899,-109.311,-109.097,-108.209,-108.520
66.000,-107.873,-109.331,-106.196,-107.555,-107.361,-107.715,-108.495,-107.170,-107.656,-107.925,-106.196,-107.514,-107.552,-109.331,-107.453,-108.857,-108.865,-107.943,-108.374
67.000,-107.548,-108.954,-106.089,-107.226,-106.946,-107.227,-108.194,-107.105,-107.250,-107.682,-106.089,-107.163,-107.176,-108.954,-107.015,-108.511,-108.436,-107.627,-108.162
68.000,-107.147,-108.681,-105.599,-106.868,-106.534,-106.685,-107.609,-106.905,-106.982,-107.122,-105.599,-106.808,-106.837,-108.681,-106.543,-108.201,-108.008,-107.262,-107.703
69.000,-106.774,-108.316,-105.309,-106.443,-106.210,-106.182,-107.369,-106.575,-106.603,-106.744,-105.309,-106.425,-106.422,-108.316,-106.265,-107.906,-107.481,-106.870,-107.264
70.000,-106.354,-107.679,-105.041,-106.039,-105.850,-105.713,-107.059,-105.963,-106.215,-106.176,-105.041,-106.033,-106.070,-107.679,-105.814,-107.620,-106.909,-106.469,-107.020
71.000,-105.922,-107.318,-104.531,-105.626,-105.357,-105.168,-106.578,-105.285,-105.747,-105.990,-104.531,-105.630,-105.677,-107.318,-105.412,-107.164,-106.578,-106.107,-106.583
72.000,-105.541,-106.923,-104.048,-105.323,-104.982,-104.597,-106.229,-104.959,-105.322,-105.774,-104.048,-105.223,-105.266,-106.923,-105.184,-106.731,-106.248,-105.689,-106.163
73.000,-105.113,-106.594,-103.504,-104.937,-104.579,-104.142,-105.872,-104.806,-104.894,-104.879,-103.504,-104.803,-104.831,-106.594,-104.895,-106.355,-105.819,-105.300,-105.590
74.000,-104.686,-106.164,-102.881,-104.523,-104.254,-103.610,-105.629,-104.332,-104.568,-104.500,-102.881,-104.304,-104.441,-106.164,-104.633,-105.960,-105.140,-104.801,-105.229
75.000,-104.216,-105.774,-102.576,-103.986,-103.690,-102.990,-104.903,-104.096,-104.136,-103.725,-102.576,-103.834,-103.981,-105.774,-104.256,-105.491,-104.783,-104.421,-104.818
76.000,-103.660,-105.296,-102.242,-103.559,-103.065,-102.341,-104.385,-102.843,-103.630,-103.481,-102.242,-103.375,-103.517,-105.296,-103.572,-104.942,-104.229,-103.740,-104.338
77.000,-103.169,-104.755,-101.662,-103.035,-102.606,-101.662,-103.674,-102.685,-103.109,-103.067,-101.793,-102.859,-103.025,-104.755,-103.270,-104.536,-103.595,-103.028,-104.007
78.000,-102.642,-104.361,-100.987,-102.424,-102.234,-100.987,-103.169,-101.880,-102.620,-102.650,-101.181,-102.329,-102.475,-104.361,-102.891,-103.984,-103.256,-102.353,-103.485
79.000,-102.127,-103.954,-100.273,-101.891,-101.731,-100.273,-102.539,-101.518,-102.087,-102.418,-100.534,-101.705,-101.988,-103.954,-102.484,-103.448,-102.657,-101.794,-103.018
80.000,-101.566,-103.282,-99.493,-101.346,-101.331,-99.493,-101.915,-101.036,-101.446,-101.913,-100.017,-101.075,-101.434,-103.282,-102.105,-102.870,-102.193,-101.343,-102.249
81.000,-100.990,-102.696,-98.736,-100.731,-100.805,-98.736,-101.622,-100.780,-100.846,-101.183,-99.309,-100.601,-100.800,-102.696,-101.444,-102.199,-101.568,-100.869,-101.658
82.000,-100.379,-102.163,-97.910,-100.045,-100.294,-97.910,-101.163,-100.242,-100.224,-100.734,-98.842,-99.983,-100.152,-102.163,-100.695,-101.582,-100.925,-100.296,-100.821
83.000,-99.682,-101.388,-97.064,-99.427,-99.728,-97.064,-100.683,-99.666,-99.649,-99.689,-98.100,-99.346,-99.475,-101.388,-99.895,-100.924,-100.103,-99.459,-100.322
84.000,-99.024,-100.862,-96.401,-98.792,-99.289,-96.401,-100.257,-99.071,-98.961,-98.864,-97.306,-98.584,-98.695,-100.862,-99.161,-100.273,-99.370,-98.789,-99.702
85.000,-98.151,-99.987,-95.539,-98.052,-98.378,-95.539,-99.398,-97.850,-98.092,-98.217,-95.853,-97.732,-97.991,-99.987,-98.254,-99.521,-98.763,-97.942,-98.851
86.000,-97.467,-99.295,-94.631,-97.479,-97.779,-94.631,-98.747,-96.777,-97.389,-97.625,-95.594,-96.944,-97.220,-99.295,-97.910,-98.576,-98.022,-97.236,-98.244
87.000,-96.498,-98.561,-93.699,-96.569,-97.148,-93.699,-97.885,-95.721,-96.769,-95.381,-94.867,-96.093,-96.345,-98.561,-96.983,-97.559,-97.093,-96.161,-97.135
88.000,-95.585,-97.728,-92.433,-95.506,-96.089,-92.433,-97.168,-94.709,-95.801,-94.821,-93.565,-95.183,-95.474,-97.728,-96.233,-96.606,-96.307,-95.505,-96.226
89.000,-94.563,-96.630,-91.278,-94.397,-95.016,-91.278,-95.799,-94.196,-94.951,-93.301,-93.225,-94.267,-94.532,-96.630,-94.758,-95.579,-95.289,-94.652,-95.146
90.000,-93.465,-95.522,-89.959,-93.249,-93.972,-89.959,-94.791,-93.510,-93.830,-91.857,-92.101,-92.977,-93.519,-95.522,-94.011,-94.513,-94.002,-93.678,-93.941
91.000,-92.326,-94.149,-88.677,-92.349,-93.139,-88.677,-93.655,-92.404,-92.567,-90.637,-90.816,-91.533,-92.290,-94.149,-92.733,-93.549,-93.029,-92.744,-92.938
92.000,-91.105,-93.077,-86.659,-90.743,-92.073,-86.659,-93.077,-90.921,-91.300,-90.067,-88.826,-90.330,-90.955,-92.949,-91.966,-92.227,-92.386,-91.246,-91.955
93.000,-89.541,-91.050,-84.839,-89.466,-90.317,-84.839,-90.692,-89.971,-89.801,-88.494,-87.480,-88.931,-89.431,-91.050,-90.621,-90.851,-90.474,-89.678,-90.564
94.000,-87.690,-89.903,-82.175,-87.421,-88.214,-82.175,-89.182,-88.323,-87.878,-86.981,-86.007,-87.371,-87.585,-89.903,-87.892,-89.113,-88.956,-87.811,-88.223
95.000,-85.541,-87.926,-80.082,-85.873,-85.806,-80.082,-87.318,-85.640,-86.211,-83.013,-83.967,-85.440,-85.508,-87.926,-84.360,-86.854,-87.768,-86.211,-86.685
96.000,-83.226,-85.996,-78.039,-83.677,-84.546,-78.039,-84.742,-81.591,-84.020,-79.762,-82.427,-83.306,-83.304,-85.996,-83.219,-84.564,-85.464,-83.698,-83.268
97.000,-80.758,-83.174,-76.352,-80.578,-82.193,-76.352,-82.412,-79.160,-80.889,-79.103,-80.393,-80.669,-80.595,-83.174,-81.243,-81.046,-82.391,-80.885,-81.053
98.000,-77.269,-79.868,-74.172,-77.416,-77.598,-74.172,-77.225,-77.914,-77.196,-74.270,-75.431,-77.754,-77.427,-79.868,-79.105,-77.625,-79.122,-76.741,-77.448
99.000,-72.918,-75.710,-69.927,-72.712,-73.935,-70.748,-69.927,-73.391,-72.941,-72.386,-73.593,-72.968,-72.595,-74.947,-72.683,-72.956,-75.710,-73.201,-71.993
100.000,-59.155,-71.965,-41.697,-58.570,-58.526,-58.061,-41.697,-71.965,-55.499,-66.911,-63.935,-51.518,-52.714,-60.878,-66.269,-64.928,-62.428,-56.811,-55.763
