# RP-180524 attachment, 03 Rural-eMBB_CouplingGain_and_DLgeometry_v24.xlsx, sheet Rural_700M_ModelB
pct,mean,min,max,Huawei,CATT,CATR,China Telecom,OPPO,ZTE(v1),Ericsson,MediaTek,Intel,Samsung,NTT DOCOMO,Qualcomm,CMCC,ITRI,LG,Sharp,NEC,Nokia,Motorola/Lenovo,CEWiT
0.000,-5.808,-10.939,-2.820,-5.162,-7.435,-6.417,-6.141,-2.820,-4.535,-5.475,-5.345,-5.362,-6.113,-5.512,,-5.492,-3.910,-6.545,-10.939,-6.775,-3.965,-5.644,-6.758
1.000,-3.118,-4.084,-2.144,-3.074,-3.188,-2.921,-3.246,-2.144,-2.507,-3.424,-4.084,-3.077,-3.071,-3.322,-2.608,-3.824,-3.159,-3.250,-3.633,-2.939,-2.412,-3.188,-3.297
2.000,-2.321,-2.894,-1.643,-2.329,-2.420,-2.095,-2.214,-1.643,-1.726,-2.686,-2.337,-2.299,-2.339,-2.707,-1.999,-2.561,-2.460,-2.535,-2.894,-2.307,-1.874,-2.426,-2.579
3.000,-1.792,-2.408,-1.245,-1.885,-1.787,-1.489,-1.791,-1.314,-1.245,-2.306,-1.815,-1.760,-1.835,-2.060,-1.305,-1.760,-1.850,-2.019,-2.408,-1.773,-1.511,-1.885,-2.034
4.000,-1.442,-1.980,-0.939,-1.421,-1.414,-1.037,-1.525,-1.017,-1.062,-1.895,-1.671,-1.506,-1.591,-1.686,-0.982,-1.570,-1.362,-1.640,-1.980,-1.417,-0.939,-1.428,-1.705
5.000,-1.140,-1.726,-0.608,-1.054,-1.038,-0.741,-1.127,-0.724,-0.876,-1.726,-1.499,-1.228,-1.303,-1.272,-0.608,-1.293,-1.089,-1.328,-1.600,-1.104,-0.684,-1.093,-1.411
6.000,-0.852,-1.449,-0.377,-0.796,-0.829,-0.503,-0.866,-0.457,-0.490,-1.449,-1.087,-0.958,-1.146,-0.953,-0.377,-0.983,-0.890,-1.022,-1.268,-0.834,-0.383,-0.649,-1.096
7.000,-0.580,-1.270,-0.112,-0.547,-0.435,-0.216,-0.383,-0.212,-0.194,-1.270,-0.842,-0.538,-0.976,-0.695,-0.112,-0.847,-0.709,-0.746,-0.967,-0.530,-0.229,-0.327,-0.836
8.000,-0.330,-0.874,0.127,-0.315,-0.112,0.001,-0.138,0.023,0.127,-0.874,-0.504,-0.313,-0.716,-0.488,0.029,-0.700,-0.391,-0.529,-0.693,-0.274,-0.050,-0.117,-0.572
9.000,-0.131,-0.710,0.316,-0.110,0.091,0.187,0.028,0.182,0.316,-0.710,-0.223,-0.096,-0.598,-0.246,0.137,-0.417,-0.195,-0.309,-0.418,-0.034,0.100,0.073,-0.389
10.000,0.066,-0.415,0.595,0.086,0.214,0.368,0.194,0.319,0.595,-0.415,-0.033,0.162,-0.320,-0.039,0.306,-0.264,0.030,-0.129,-0.190,0.100,0.303,0.235,-0.198
11.000,0.257,-0.141,0.716,0.277,0.408,0.509,0.373,0.543,0.716,-0.116,0.141,0.315,-0.141,0.118,0.580,-0.119,0.238,0.049,-0.010,0.327,0.518,0.440,-0.031
12.000,0.436,0.007,0.913,0.432,0.610,0.662,0.636,0.739,0.913,0.105,0.464,0.483,0.007,0.272,0.694,0.071,0.363,0.200,0.141,0.537,0.675,0.611,0.104
13.000,0.584,0.110,1.005,0.566,0.805,0.818,0.762,0.849,1.005,0.233,0.588,0.648,0.110,0.479,0.958,0.233,0.495,0.353,0.291,0.698,0.789,0.759,0.245
14.000,0.762,0.230,1.205,0.766,1.019,0.994,0.941,1.032,1.154,0.392,0.657,0.800,0.230,0.631,1.205,0.329,0.891,0.557,0.448,0.922,0.924,0.942,0.398
15.000,0.952,0.474,1.322,0.935,1.214,1.268,1.107,1.253,1.276,0.613,0.863,1.044,0.504,0.810,1.322,0.474,1.070,0.745,0.607,1.087,1.118,1.093,0.636
16.000,1.134,0.690,1.479,1.110,1.403,1.479,1.300,1.457,1.425,0.717,1.203,1.227,0.789,0.968,1.462,0.690,1.127,0.905,0.782,1.272,1.250,1.342,0.767
17.000,1.331,0.887,1.802,1.272,1.568,1.614,1.521,1.668,1.735,0.917,1.403,1.388,0.998,1.170,1.802,0.887,1.274,1.107,0.956,1.464,1.419,1.493,0.966
18.000,1.499,1.037,1.967,1.463,1.753,1.787,1.713,1.828,1.898,1.110,1.532,1.550,1.155,1.365,1.967,1.037,1.543,1.289,1.121,1.617,1.521,1.625,1.106
19.000,1.678,1.230,2.116,1.698,1.929,1.966,1.889,2.004,2.115,1.322,1.591,1.756,1.373,1.556,2.116,1.230,1.737,1.489,1.287,1.753,1.681,1.816,1.252
20.000,1.863,1.425,2.291,1.861,2.139,2.167,2.148,2.172,2.252,1.456,1.809,1.956,1.554,1.690,2.291,1.429,1.966,1.699,1.453,1.927,1.874,1.987,1.425
21.000,2.052,1.585,2.518,2.085,2.361,2.341,2.324,2.413,2.518,1.590,1.968,2.133,1.709,1.866,2.461,1.649,2.227,1.875,1.620,2.140,2.022,2.151,1.585
22.000,2.232,1.743,2.640,2.285,2.581,2.542,2.500,2.566,2.637,1.743,2.186,2.299,1.984,2.026,2.640,1.750,2.409,2.054,1.803,2.317,2.185,2.310,1.814
23.000,2.420,1.885,2.846,2.465,2.832,2.766,2.719,2.767,2.846,1.885,2.261,2.491,2.165,2.232,2.795,1.989,2.586,2.250,1.974,2.489,2.382,2.503,2.003
24.000,2.611,2.114,3.088,2.636,3.088,2.972,2.833,2.995,3.049,2.114,2.400,2.714,2.342,2.435,2.986,2.196,2.818,2.412,2.140,2.682,2.566,2.656,2.196
25.000,2.825,2.338,3.292,2.809,3.292,3.209,3.104,3.251,3.230,2.339,2.712,2.875,2.571,2.607,3.259,2.385,3.007,2.592,2.338,2.882,2.720,2.947,2.370
26.000,3.021,2.533,3.510,2.986,3.477,3.438,3.249,3.411,3.479,2.695,2.950,3.102,2.677,2.795,3.510,2.559,3.142,2.798,2.533,3.083,2.849,3.082,2.596
27.000,3.206,2.724,3.682,3.164,3.622,3.643,3.459,3.630,3.682,2.996,3.068,3.271,2.977,2.971,3.618,2.836,3.248,2.970,2.724,3.248,3.027,3.215,2.756
28.000,3.421,2.913,3.836,3.354,3.814,3.836,3.705,3.827,3.808,3.373,3.453,3.501,3.199,3.176,3.785,3.008,3.433,3.233,2.913,3.417,3.240,3.419,2.924
29.000,3.620,3.120,4.056,3.529,4.056,4.047,3.906,4.056,3.982,3.565,3.551,3.760,3.428,3.393,3.910,3.194,3.627,3.426,3.120,3.608,3.535,3.566,3.152
30.000,3.825,3.295,4.327,3.773,4.327,4.288,4.098,4.299,4.186,3.711,3.690,3.997,3.581,3.615,4.053,3.391,3.785,3.636,3.295,3.864,3.722,3.822,3.370
31.000,4.046,3.501,4.567,3.953,4.567,4.518,4.193,4.548,4.386,3.971,4.004,4.169,3.746,3.896,4.323,3.577,4.065,3.839,3.501,4.082,3.968,4.059,3.562
32.000,4.248,3.700,4.778,4.204,4.746,4.730,4.490,4.778,4.526,4.134,4.201,4.354,3.924,4.079,4.509,3.700,4.322,4.066,3.727,4.298,4.113,4.254,3.807
33.000,4.465,3.853,4.986,4.460,4.986,4.959,4.771,4.896,4.661,4.309,4.539,4.571,4.023,4.290,4.948,3.853,4.524,4.267,3.914,4.536,4.267,4.480,4.054
34.000,4.680,4.081,5.335,4.649,5.335,5.170,4.918,5.063,4.786,4.466,4.687,4.792,4.267,4.536,5.259,4.081,4.750,4.502,4.107,4.754,4.556,4.691,4.235
35.000,4.895,4.320,5.581,4.850,5.581,5.402,5.165,5.242,4.927,4.599,4.946,5.017,4.497,4.729,5.409,4.367,4.985,4.750,4.320,4.983,4.746,4.954,4.429
36.000,5.116,4.525,5.851,5.093,5.851,5.546,5.438,5.444,5.116,4.792,5.048,5.289,4.691,4.960,5.800,4.552,5.155,4.993,4.525,5.231,4.971,5.235,4.593
37.000,5.349,4.749,6.064,5.307,6.064,5.847,5.665,5.717,5.328,4.966,5.232,5.575,4.844,5.192,5.918,4.754,5.582,5.235,4.749,5.463,5.297,5.452,4.788
38.000,5.586,4.956,6.267,5.471,6.267,6.094,5.914,6.000,5.531,5.265,5.474,5.891,5.092,5.379,6.249,4.966,5.796,5.467,4.956,5.685,5.481,5.696,5.045
39.000,5.830,5.140,6.563,5.678,6.464,6.410,6.184,6.283,5.784,5.478,5.751,6.133,5.363,5.600,6.563,5.214,6.043,5.675,5.140,5.907,5.752,5.975,5.211
40.000,6.056,5.371,6.938,5.921,6.637,6.669,6.387,6.440,6.023,5.700,5.976,6.410,5.541,5.815,6.938,5.421,6.198,5.899,5.371,6.157,5.964,6.259,5.393
41.000,6.302,5.590,7.132,6.154,6.902,6.858,6.524,6.679,6.235,6.014,6.443,6.716,5.696,6.038,7.132,5.590,6.564,6.137,5.596,6.347,6.216,6.551,5.643
42.000,6.550,5.761,7.371,6.339,7.106,7.120,6.772,6.913,6.623,6.197,6.726,6.950,6.076,6.281,7.371,5.761,6.627,6.378,5.841,6.587,6.576,6.874,5.891
43.000,6.796,6.005,7.525,6.526,7.395,7.398,6.916,7.159,6.807,6.472,6.789,7.179,6.521,6.506,7.525,6.005,6.882,6.580,6.068,6.839,6.985,7.234,6.126
44.000,7.027,6.137,7.857,6.818,7.655,7.633,7.147,7.388,6.947,6.721,6.872,7.464,6.806,6.738,7.857,6.137,7.238,6.822,6.316,7.070,7.151,7.502,6.254
45.000,7.262,6.265,8.019,7.106,7.909,7.865,7.438,7.699,7.141,6.835,7.059,7.756,7.090,6.935,8.019,6.265,7.715,7.073,6.524,7.276,7.366,7.726,6.444
46.000,7.507,6.502,8.246,7.345,8.188,8.085,7.713,8.017,7.395,7.049,7.201,7.968,7.472,7.138,8.246,6.502,7.953,7.330,6.769,7.595,7.467,7.995,6.707
47.000,7.770,6.786,8.722,7.558,8.426,8.331,7.977,8.265,7.678,7.385,7.413,8.264,7.705,7.414,8.722,6.786,8.212,7.627,6.999,7.822,7.692,8.185,6.935
48.000,8.021,6.978,9.049,7.778,8.751,8.600,8.229,8.485,8.015,7.564,7.552,8.604,7.843,7.688,9.049,6.978,8.516,7.855,7.236,8.047,7.978,8.417,7.235
49.000,8.283,7.173,9.336,8.054,8.969,8.857,8.458,8.670,8.293,7.734,7.892,8.893,8.230,7.951,9.336,7.173,8.745,8.085,7.468,8.267,8.279,8.760,7.542
50.000,8.548,7.382,9.562,8.329,9.201,9.136,8.660,8.960,8.487,8.106,7.998,9.176,8.453,8.232,9.562,7.382,9.379,8.324,7.711,8.523,8.553,9.061,7.720
51.000,8.812,7.641,9.883,8.623,9.531,9.421,8.913,9.271,8.624,8.294,8.315,9.464,8.733,8.530,9.883,7.641,9.563,8.615,7.976,8.737,8.814,9.330,7.961
52.000,9.066,7.828,10.054,8.892,9.773,9.708,9.213,9.581,8.935,8.501,8.532,9.719,8.991,8.769,10.054,7.828,9.749,8.852,8.241,8.989,9.026,9.668,8.302
53.000,9.345,8.308,10.281,9.176,10.033,10.084,9.481,9.826,9.232,8.696,8.758,9.986,9.143,9.013,10.281,8.308,10.057,9.137,8.525,9.277,9.272,9.963,8.644
54.000,9.583,8.503,10.490,9.468,10.250,10.354,9.804,10.011,9.402,8.943,9.089,10.269,9.318,9.239,10.490,8.503,10.258,9.397,8.811,9.474,9.435,10.282,8.853
55.000,9.862,8.673,10.745,9.686,10.560,10.612,10.280,10.484,9.651,9.269,9.315,10.590,9.651,9.474,10.745,8.673,10.445,9.733,9.093,9.740,9.718,10.471,9.054
56.000,10.135,8.927,10.897,9.970,10.741,10.861,10.578,10.743,9.807,9.468,9.565,10.897,9.936,9.819,10.872,8.927,10.861,9.996,9.399,10.068,10.124,10.887,9.184
57.000,10.402,9.116,11.206,10.214,11.193,11.104,10.817,10.933,10.119,9.712,9.958,11.112,10.195,10.079,11.084,9.116,11.206,10.229,9.702,10.247,10.468,11.096,9.457
58.000,10.690,9.418,11.510,10.553,11.476,11.345,11.041,11.248,10.485,10.002,10.166,11.420,10.377,10.382,11.300,9.418,11.510,10.554,9.995,10.562,10.791,11.496,9.681
59.000,10.967,9.611,11.820,10.892,11.735,11.646,11.381,11.519,10.814,10.375,10.490,11.710,10.609,10.617,11.433,9.611,11.696,10.819,10.273,10.859,11.105,11.820,9.945
60.000,11.261,9.808,12.123,11.190,12.043,11.965,11.636,11.796,11.010,10.760,10.819,12.099,10.804,10.957,11.896,9.808,11.944,11.081,10.574,11.190,11.360,12.123,10.155
61.000,11.543,10.007,12.360,11.484,12.341,12.270,11.955,12.046,11.280,11.106,11.105,12.299,11.271,11.284,12.125,10.007,12.175,11.367,10.912,11.425,11.612,12.360,10.445
62.000,11.850,10.152,12.696,11.742,12.689,12.516,12.199,12.398,11.574,11.545,11.664,12.593,11.588,11.567,12.304,10.152,12.486,11.702,11.227,11.736,11.880,12.696,10.734
63.000,12.167,10.437,13.005,12.038,12.897,12.802,12.547,12.700,11.724,11.986,11.870,12.852,11.959,11.807,12.854,10.437,13.005,11.974,11.529,11.994,12.209,12.982,11.175
64.000,12.484,10.686,13.378,12.296,13.226,13.149,12.814,13.092,12.178,12.280,11.982,13.201,12.426,12.100,13.113,10.686,13.259,12.321,11.846,12.286,12.433,13.378,11.623
65.000,12.805,11.059,13.715,12.549,13.518,13.469,13.198,13.433,12.440,12.448,12.453,13.545,12.801,12.435,13.424,11.059,13.531,12.654,12.164,12.650,12.661,13.715,11.953
66.000,13.147,11.478,14.084,12.903,13.844,13.766,13.487,13.763,12.732,12.673,12.750,13.856,13.201,12.802,13.746,11.478,13.899,12.956,12.529,12.972,13.110,14.084,12.388
67.000,13.460,11.714,14.381,13.210,14.204,14.074,13.755,14.122,13.059,12.956,13.223,14.202,13.392,13.062,14.110,11.714,14.164,13.324,12.864,13.295,13.377,14.381,12.713
68.000,13.783,12.011,14.624,13.530,14.509,14.473,13.989,14.553,13.295,13.297,13.571,14.624,13.597,13.356,14.333,12.011,14.595,13.685,13.217,13.557,13.724,14.612,13.122
69.000,14.107,12.314,15.028,13.869,14.789,14.759,14.229,14.849,13.860,13.483,14.064,15.028,13.923,13.714,14.596,12.314,14.830,14.058,13.567,13.973,13.995,14.888,13.354
70.000,14.443,12.572,15.406,14.197,15.219,15.174,14.607,15.249,14.235,13.901,14.389,15.406,14.168,14.056,15.009,12.572,14.982,14.386,13.914,14.273,14.232,15.306,13.589
71.000,14.815,12.867,15.768,14.560,15.523,15.573,15.056,15.534,14.559,14.233,15.175,15.676,14.493,14.402,15.405,12.867,15.325,14.679,14.259,14.621,14.570,15.768,14.023
72.000,15.144,13.133,16.167,14.879,15.977,15.931,15.377,15.908,14.827,14.622,15.331,16.108,14.790,14.717,15.630,13.133,15.531,15.063,14.643,14.996,14.795,16.167,14.461
73.000,15.553,13.555,16.617,15.230,16.339,16.314,15.787,16.248,15.452,14.829,15.843,16.498,15.119,15.161,16.299,13.555,15.745,15.414,15.026,15.396,15.191,16.617,14.996
74.000,15.936,14.035,17.066,15.555,16.758,16.684,16.347,16.531,15.682,15.324,15.929,16.823,15.393,15.512,17.015,14.035,16.191,15.771,15.400,15.878,15.563,17.066,15.264
75.000,16.334,14.472,17.604,15.866,17.145,17.016,16.824,17.025,16.026,15.713,16.756,17.213,15.689,15.816,17.520,14.472,16.528,16.105,15.754,16.205,15.883,17.604,15.513
76.000,16.759,14.966,18.215,16.255,17.530,17.445,17.307,17.273,16.421,16.190,17.396,17.596,15.998,16.107,17.908,14.966,17.071,16.472,16.168,16.558,16.237,18.215,16.069
77.000,17.177,15.274,18.691,16.616,17.899,17.906,17.646,17.845,16.807,16.580,17.746,18.087,16.500,16.470,18.691,15.274,17.362,16.926,16.559,16.911,16.593,18.605,16.525
78.000,17.587,15.658,19.001,17.048,18.393,18.300,17.994,18.305,17.134,16.792,18.236,18.595,16.875,16.969,18.847,15.658,17.927,17.305,17.021,17.326,16.919,19.001,17.090
79.000,17.988,15.968,19.381,17.441,18.811,18.702,18.385,18.633,17.645,17.271,18.626,18.958,17.192,17.416,19.326,15.968,18.276,17.681,17.426,17.697,17.356,19.381,17.576
80.000,18.392,16.273,19.725,17.972,19.174,19.053,18.741,19.064,17.898,17.615,19.150,19.310,17.586,17.935,19.672,16.273,18.567,18.130,17.839,18.082,18.128,19.725,17.927
81.000,18.801,16.868,20.114,18.330,19.585,19.493,19.324,19.326,18.196,18.070,19.592,19.725,18.032,18.383,20.114,16.868,18.847,18.555,18.247,18.506,18.423,20.061,18.351
82.000,19.211,17.545,20.576,18.749,19.939,19.895,19.980,19.578,18.421,18.273,19.735,20.134,18.294,18.760,20.483,17.545,19.576,19.010,18.672,19.016,18.893,20.576,18.693
83.000,19.636,18.263,21.143,19.136,20.452,20.343,20.317,19.998,18.863,18.499,20.068,20.529,18.454,19.333,21.143,18.263,19.849,19.508,19.140,19.385,19.299,21.091,19.055
84.000,20.071,18.776,21.702,19.672,20.904,20.755,20.662,20.389,19.301,18.851,20.330,20.953,18.776,19.633,21.693,18.931,20.302,19.923,19.577,19.950,19.686,21.702,19.422
85.000,20.502,19.133,22.149,20.098,21.419,21.183,21.081,20.897,19.934,19.199,20.654,21.359,19.133,20.148,22.149,19.137,20.644,20.348,20.096,20.490,19.991,22.056,20.025
86.000,20.948,19.473,22.487,20.489,21.865,21.681,21.644,21.416,20.210,19.706,21.351,21.643,19.473,20.615,22.487,19.700,20.866,20.756,20.580,21.012,20.301,22.479,20.675
87.000,21.412,19.862,22.977,21.044,22.341,22.097,21.994,21.827,20.624,20.286,21.514,22.069,19.862,21.134,22.952,20.393,21.281,21.266,21.039,21.440,20.747,22.977,21.360
88.000,21.925,20.404,23.436,21.559,22.802,22.491,22.617,22.204,21.021,20.896,22.286,22.643,20.404,21.588,23.235,21.057,21.971,21.802,21.517,21.934,21.270,23.436,21.777
89.000,22.398,20.903,23.772,22.001,23.256,22.972,23.003,22.566,21.798,21.382,22.672,22.987,20.903,22.093,23.512,21.967,22.285,22.240,21.989,22.438,21.780,23.772,22.346
90.000,22.869,21.207,24.066,22.610,23.697,23.262,23.723,23.005,22.307,21.706,23.059,23.512,21.207,22.751,24.027,22.574,22.586,22.743,22.537,22.937,22.183,24.066,22.885
91.000,23.300,21.545,24.423,22.975,24.089,23.594,24.340,23.453,22.779,22.032,23.426,23.962,21.545,23.321,24.421,23.092,22.951,23.257,23.101,23.404,22.481,24.423,23.358
92.000,23.703,21.975,24.661,23.540,24.423,23.892,24.625,23.734,23.219,22.267,24.152,24.401,21.975,23.782,24.576,23.637,23.310,23.728,23.614,23.889,22.826,24.661,23.800
93.000,24.175,22.460,24.965,24.014,24.904,24.329,24.919,24.132,23.819,22.785,24.668,24.812,22.460,24.232,24.734,24.332,24.117,24.301,24.088,24.393,23.361,24.965,24.139
94.000,24.625,23.044,25.259,24.477,25.216,24.806,25.237,24.674,24.653,23.175,25.124,25.206,23.044,24.648,25.108,24.716,24.683,24.819,24.587,24.708,23.862,25.259,24.507
95.000,25.081,23.546,25.603,24.991,25.533,25.079,25.574,25.054,25.357,23.642,25.517,25.594,23.546,25.126,25.278,25.146,25.459,25.370,25.040,25.203,24.292,25.603,25.220
96.000,25.548,24.053,26.097,25.499,25.939,25.419,25.971,25.433,26.097,24.206,25.986,25.974,24.053,25.517,25.777,25.540,26.043,25.965,25.470,25.630,24.990,25.869,25.581
97.000,25.920,24.612,26.756,25.916,26.205,25.684,26.190,25.790,26.756,24.744,26.120,26.257,24.612,25.888,26.264,25.924,26.363,26.328,25.834,25.959,25.547,26.070,25.956
98.000,26.306,25.152,28.130,26.236,26.485,25.930,26.415,26.230,28.130,25.337,26.526,26.550,25.152,26.296,26.405,26.240,26.544,26.682,26.203,26.221,25.971,26.260,26.304
99.000,26.927,25.723,30.192,26.512,26.730,26.363,26.687,28.146,30.192,25.966,27.306,26.990,25.723,26.694,26.452,26.646,26.670,28.730,26.493,26.498,26.377,26.549,26.816
100.000,29.349,26.699,40.853,26.888,30.830,29.652,27.658,28.328,34.367,26.699,31.949,31.319,26.883,30.285,26.989,30.736,26.899,40.853,26.889,26.846,26.783,27.076,29.043
