# RP-180524 attachment, 05.UrbanMacro-URLLC_CouplingGain_and_DLgeometry_v20.xlsx, sheet UMa_URLLC_700MHz_ModelA
pct,mean,min,max,Huawei,CATT,CATR,OPPO,ZTE(v1),ITRI,Ericsson,Intel,MediaTek,CMCC,LG,Sharp,Motorola/Lenovo,Nokia,NEC
0.000,-137.303,-142.244,-128.860,-134.932,-137.515,-140.958,-128.860,-141.087,-132.455,-135.439,-137.402,-133.749,-137.677,-141.905,-142.244,-137.496,-140.798,-137.023
1.000,-128.922,-132.869,-125.231,-128.648,-129.291,-131.510,-125.940,-125.231,-129.054,-127.934,-128.951,-126.456,-129.994,-128.417,-128.535,-131.833,-132.869,-129.163
2.000,-126.004,-129.956,-121.799,-126.206,-127.114,-127.889,-124.560,-121.799,-126.391,-124.886,-124.440,-123.043,-126.466,-125.679,-125.471,-129.461,-129.956,-126.703
3.000,-124.060,-127.923,-120.619,-124.393,-124.537,-125.287,-122.970,-120.619,-125.120,-123.074,-122.677,-120.731,-123.361,-124.009,-123.139,-127.565,-127.923,-125.495
4.000,-122.207,-125.703,-118.501,-122.474,-122.308,-123.260,-121.100,-118.501,-123.088,-121.388,-120.697,-119.552,-121.829,-122.378,-121.714,-125.703,-124.877,-124.240
5.000,-120.644,-123.687,-117.241,-120.836,-120.802,-121.470,-119.230,-117.241,-122.282,-119.905,-119.245,-117.892,-120.937,-120.679,-120.160,-122.616,-123.687,-122.684
6.000,-118.955,-121.920,-115.691,-119.432,-119.485,-119.637,-117.520,-115.691,-120.317,-118.340,-116.725,-116.009,-119.468,-118.897,-118.648,-120.818,-121.920,-121.419
7.000,-117.321,-120.286,-114.103,-117.762,-117.939,-117.676,-116.150,-114.103,-117.605,-117.414,-115.344,-115.024,-117.246,-117.626,-117.289,-118.777,-120.286,-119.575
8.000,-115.792,-118.190,-112.834,-116.335,-116.604,-116.179,-114.760,-112.834,-115.997,-115.567,-113.571,-114.539,-115.756,-115.813,-115.935,-116.742,-118.190,-118.056
9.000,-114.321,-116.974,-112.056,-114.933,-114.905,-114.166,-113.650,-112.127,-115.026,-113.815,-112.056,-112.925,-113.994,-114.176,-113.934,-115.392,-116.974,-116.735
10.000,-112.873,-115.908,-110.907,-113.518,-113.333,-111.612,-111.510,-111.118,-114.415,-111.941,-110.907,-111.816,-113.076,-112.211,-112.179,-114.260,-115.908,-115.293
11.000,-111.043,-114.221,-107.449,-111.716,-111.518,-109.985,-109.960,-110.290,-113.194,-110.111,-109.774,-107.449,-110.316,-110.290,-110.558,-112.644,-114.221,-113.622
12.000,-109.320,-112.685,-106.133,-109.610,-109.570,-108.076,-108.170,-109.705,-111.494,-108.324,-107.864,-106.133,-108.257,-108.461,-108.760,-110.938,-112.685,-111.759
13.000,-107.537,-110.891,-105.932,-107.742,-107.893,-106.244,-106.810,-108.256,-107.091,-106.209,-106.304,-105.932,-106.603,-106.794,-106.873,-109.349,-110.891,-110.059
14.000,-106.118,-109.533,-104.478,-106.196,-106.931,-104.977,-105.910,-107.466,-105.373,-104.478,-105.228,-104.891,-104.951,-105.393,-105.214,-107.441,-109.533,-107.790
15.000,-104.958,-108.138,-102.964,-104.933,-105.940,-104.099,-104.570,-106.701,-104.542,-102.964,-104.356,-104.466,-104.267,-104.176,-103.928,-106.131,-108.138,-105.163
16.000,-104.091,-106.656,-102.056,-103.828,-105.134,-103.237,-103.870,-105.961,-103.783,-102.056,-103.616,-104.176,-103.743,-103.308,-102.873,-105.224,-106.656,-103.897
17.000,-103.282,-105.544,-101.072,-103.147,-104.220,-102.506,-103.350,-105.544,-102.838,-101.072,-102.748,-103.262,-103.007,-102.582,-102.048,-104.615,-105.475,-102.817
18.000,-102.569,-105.008,-100.515,-102.583,-103.328,-101.839,-102.690,-105.008,-101.700,-100.515,-102.231,-102.859,-102.498,-101.964,-101.359,-103.716,-104.560,-101.689
19.000,-101.978,-104.337,-99.857,-102.015,-102.689,-101.234,-102.150,-104.337,-101.222,-99.857,-101.705,-102.495,-102.087,-101.377,-100.700,-102.798,-103.983,-101.027
20.000,-101.456,-104.178,-99.351,-101.314,-102.071,-100.786,-101.630,-104.178,-100.624,-99.351,-101.205,-102.115,-101.602,-100.806,-100.196,-101.974,-103.406,-100.588
21.000,-101.012,-103.893,-98.947,-100.743,-101.506,-100.369,-101.210,-103.893,-100.239,-98.947,-100.729,-101.790,-101.148,-100.403,-99.631,-101.586,-102.793,-100.194
22.000,-100.581,-103.692,-98.452,-100.369,-101.073,-99.977,-100.750,-103.692,-99.878,-98.452,-100.381,-101.291,-100.797,-99.964,-99.139,-101.086,-101.931,-99.931
23.000,-100.087,-103.253,-98.023,-99.882,-100.552,-99.659,-100.340,-103.253,-99.448,-98.023,-99.833,-100.083,-100.450,-99.552,-98.781,-100.536,-101.328,-99.581
24.000,-99.635,-102.863,-97.581,-99.521,-100.166,-99.357,-99.880,-102.863,-98.784,-97.581,-99.419,-99.093,-99.937,-99.131,-98.392,-100.051,-100.999,-99.355
25.000,-99.222,-102.444,-97.173,-99.154,-99.702,-99.063,-99.470,-102.444,-98.165,-97.173,-98.935,-98.845,-99.546,-98.723,-97.933,-99.554,-100.582,-99.037
26.000,-98.832,-101.843,-96.819,-98.824,-99.234,-98.656,-98.920,-101.843,-97.790,-96.819,-98.615,-98.608,-99.153,-98.365,-97.609,-99.057,-100.155,-98.835
27.000,-98.491,-101.521,-96.485,-98.428,-98.994,-98.270,-98.540,-101.521,-97.416,-96.485,-98.278,-98.299,-98.796,-97.947,-97.324,-98.741,-99.720,-98.600
28.000,-98.125,-101.077,-96.110,-98.122,-98.606,-97.930,-98.180,-101.077,-97.130,-96.110,-97.954,-97.829,-98.472,-97.592,-97.001,-98.461,-99.028,-98.377
29.000,-97.761,-100.660,-95.711,-97.791,-98.271,-97.589,-97.930,-100.660,-96.926,-95.711,-97.597,-97.422,-97.788,-97.215,-96.694,-98.106,-98.486,-98.224
30.000,-97.430,-100.345,-95.371,-97.473,-98.091,-97.262,-97.500,-100.345,-96.561,-95.371,-97.222,-96.914,-97.505,-96.874,-96.456,-97.855,-98.086,-97.935
31.000,-97.103,-100.134,-95.014,-97.163,-97.758,-97.009,-97.260,-100.134,-96.177,-95.014,-96.897,-96.618,-97.135,-96.560,-96.129,-97.426,-97.607,-97.660
32.000,-96.790,-99.667,-94.693,-96.839,-97.310,-96.709,-96.830,-99.667,-95.993,-94.693,-96.558,-96.414,-96.892,-96.248,-95.846,-97.123,-97.243,-97.485
33.000,-96.449,-99.159,-94.451,-96.469,-96.938,-96.364,-96.540,-99.159,-95.626,-94.451,-96.277,-96.021,-96.498,-95.927,-95.554,-96.873,-96.888,-97.144
34.000,-96.130,-98.724,-94.176,-96.113,-96.688,-95.955,-96.240,-98.724,-95.379,-94.176,-95.879,-95.729,-96.273,-95.628,-95.216,-96.587,-96.426,-96.934
35.000,-95.796,-98.324,-93.817,-95.771,-96.471,-95.695,-96.020,-98.324,-94.861,-93.817,-95.481,-95.438,-95.909,-95.370,-95.000,-96.212,-95.920,-96.649
36.000,-95.513,-98.098,-93.506,-95.387,-96.129,-95.453,-95.870,-98.098,-94.667,-93.506,-95.207,-94.908,-95.678,-95.085,-94.716,-96.036,-95.573,-96.374
37.000,-95.201,-97.872,-93.238,-95.108,-95.886,-95.121,-95.560,-97.872,-94.077,-93.238,-94.834,-94.447,-95.496,-94.789,-94.433,-95.739,-95.289,-96.126
38.000,-94.887,-97.474,-92.845,-94.712,-95.549,-94.817,-95.260,-97.474,-93.944,-92.845,-94.476,-94.247,-95.123,-94.453,-94.131,-95.442,-94.979,-95.853
39.000,-94.580,-97.165,-92.580,-94.377,-95.230,-94.483,-95.000,-97.165,-93.728,-92.580,-94.181,-93.849,-94.803,-94.115,-93.891,-95.099,-94.597,-95.609
40.000,-94.285,-96.947,-92.316,-94.078,-94.896,-94.165,-94.740,-96.947,-93.598,-92.316,-93.936,-93.502,-94.449,-93.794,-93.626,-94.637,-94.277,-95.306
41.000,-94.007,-96.708,-92.079,-93.769,-94.586,-93.838,-94.520,-96.708,-93.336,-92.079,-93.647,-93.267,-94.172,-93.520,-93.381,-94.254,-93.922,-95.105
42.000,-93.749,-96.472,-91.815,-93.501,-94.323,-93.468,-94.250,-96.472,-93.047,-91.815,-93.474,-93.147,-93.895,-93.222,-93.149,-93.982,-93.629,-94.864
43.000,-93.430,-96.137,-91.528,-93.064,-94.013,-93.165,-93.920,-96.137,-92.422,-91.528,-93.190,-93.056,-93.599,-92.933,-92.908,-93.564,-93.407,-94.541
44.000,-93.096,-95.581,-91.261,-92.724,-93.710,-92.856,-93.590,-95.581,-91.876,-91.261,-92.926,-92.928,-93.229,-92.637,-92.621,-93.265,-93.052,-94.184
45.000,-92.780,-95.265,-91.015,-92.418,-93.318,-92.590,-93.350,-95.265,-91.266,-91.015,-92.619,-92.714,-92.806,-92.366,-92.353,-92.961,-92.767,-93.886
46.000,-92.445,-94.942,-90.682,-92.068,-92.972,-92.209,-92.950,-94.942,-90.989,-90.682,-92.187,-92.411,-92.540,-91.999,-92.115,-92.721,-92.403,-93.493
47.000,-92.137,-94.574,-90.399,-91.808,-92.733,-91.933,-92.590,-94.574,-90.792,-90.399,-91.854,-92.138,-92.168,-91.681,-91.813,-92.449,-92.101,-93.027
48.000,-91.841,-94.278,-90.125,-91.474,-92.326,-91.612,-92.320,-94.278,-90.664,-90.125,-91.583,-92.086,-91.680,-91.389,-91.534,-91.973,-91.764,-92.807
49.000,-91.544,-93.882,-89.760,-91.092,-92.043,-91.380,-92.060,-93.882,-90.357,-89.760,-91.289,-91.829,-91.448,-91.092,-91.210,-91.647,-91.560,-92.518
50.000,-91.254,-93.467,-89.432,-90.779,-91.738,-91.103,-91.800,-93.467,-90.122,-89.432,-90.883,-91.691,-91.286,-90.801,-90.917,-91.318,-91.267,-92.201
51.000,-90.903,-93.287,-89.047,-90.428,-91.416,-90.730,-91.550,-93.287,-89.491,-89.047,-90.495,-91.273,-90.894,-90.457,-90.685,-91.034,-90.920,-91.846
52.000,-90.526,-92.951,-88.734,-90.084,-90.968,-90.436,-91.140,-92.951,-88.985,-88.734,-90.132,-90.716,-90.725,-90.098,-90.378,-90.564,-90.388,-91.597
53.000,-90.182,-92.691,-88.387,-89.710,-90.657,-89.963,-90.880,-92.691,-88.788,-88.387,-89.826,-90.450,-90.163,-89.725,-90.110,-90.124,-89.997,-91.258
54.000,-89.825,-92.284,-88.019,-89.342,-90.218,-89.527,-90.600,-92.284,-88.365,-88.019,-89.373,-90.303,-89.647,-89.393,-89.772,-89.902,-89.695,-90.933
55.000,-89.466,-91.904,-87.673,-88.921,-89.862,-89.206,-90.150,-91.904,-87.834,-87.673,-89.063,-90.003,-89.272,-89.061,-89.443,-89.642,-89.366,-90.581
56.000,-89.092,-91.568,-87.302,-88.588,-89.371,-88.871,-89.670,-91.568,-87.627,-87.302,-88.712,-89.685,-88.878,-88.683,-89.111,-89.347,-88.869,-90.095
57.000,-88.729,-91.095,-86.968,-88.175,-89.047,-88.608,-89.340,-91.095,-87.445,-86.968,-88.391,-89.082,-88.506,-88.311,-88.790,-89.007,-88.328,-89.839
58.000,-88.359,-90.730,-86.531,-87.763,-88.573,-88.317,-88.930,-90.730,-86.917,-86.531,-88.078,-88.886,-88.035,-87.925,-88.484,-88.718,-88.026,-89.465
59.000,-87.976,-90.129,-86.215,-87.420,-88.102,-87.927,-88.560,-90.129,-86.421,-86.215,-87.741,-88.507,-87.766,-87.547,-88.219,-88.418,-87.564,-89.098
60.000,-87.619,-89.925,-85.804,-86.952,-87.755,-87.566,-88.230,-89.925,-86.153,-85.804,-87.477,-88.240,-87.530,-87.127,-87.922,-87.844,-87.147,-88.617
61.000,-87.243,-89.503,-85.453,-86.576,-87.234,-87.203,-87.770,-89.503,-85.999,-85.453,-87.022,-87.920,-87.171,-86.681,-87.609,-87.546,-86.667,-88.292
62.000,-86.796,-88.696,-85.151,-86.195,-86.706,-86.854,-87.370,-88.696,-85.477,-85.151,-86.499,-87.504,-86.591,-86.328,-87.225,-87.169,-86.338,-87.835
63.000,-86.386,-88.197,-84.884,-85.791,-86.271,-86.461,-86.940,-88.197,-84.973,-84.884,-86.060,-87.341,-86.146,-85.981,-86.845,-86.589,-86.063,-87.252
64.000,-85.966,-87.783,-84.421,-85.410,-85.888,-85.955,-86.450,-87.783,-84.421,-84.511,-85.560,-86.886,-85.793,-85.566,-86.517,-86.215,-85.637,-86.904
65.000,-85.534,-87.501,-83.970,-84.954,-85.387,-85.568,-85.940,-87.501,-83.970,-84.100,-85.227,-86.542,-85.244,-85.100,-86.079,-85.798,-85.042,-86.565
66.000,-85.110,-87.154,-83.671,-84.508,-84.996,-85.227,-85.350,-87.154,-83.709,-83.671,-84.839,-86.081,-84.654,-84.642,-85.727,-85.500,-84.545,-86.044
67.000,-84.686,-86.505,-83.298,-84.136,-84.546,-84.928,-85.000,-86.505,-83.449,-83.298,-84.345,-85.540,-84.104,-84.194,-85.234,-85.286,-84.092,-85.628
68.000,-84.225,-86.105,-82.792,-83.780,-84.160,-84.321,-84.490,-86.105,-82.886,-82.792,-83.866,-85.231,-83.878,-83.816,-84.780,-84.637,-83.506,-85.122
69.000,-83.793,-85.557,-82.355,-83.348,-83.636,-83.876,-84.150,-85.557,-82.549,-82.355,-83.358,-84.833,-83.583,-83.307,-84.422,-84.384,-82.911,-84.633
70.000,-83.312,-84.858,-81.818,-82.948,-83.310,-83.486,-83.530,-84.858,-81.818,-81.953,-82.788,-84.454,-83.314,-82.810,-84.019,-83.843,-82.440,-84.102
71.000,-82.830,-84.474,-81.281,-82.473,-82.813,-82.930,-82.830,-84.474,-81.281,-81.494,-82.330,-84.008,-82.710,-82.331,-83.619,-83.335,-82.192,-83.635
72.000,-82.375,-84.090,-80.992,-81.968,-82.352,-82.481,-82.160,-84.090,-80.992,-81.127,-81.963,-83.641,-82.201,-81.872,-83.145,-82.760,-81.854,-83.014
73.000,-81.795,-83.417,-80.278,-81.478,-81.838,-81.776,-81.630,-83.169,-80.278,-80.547,-81.416,-83.417,-81.665,-81.305,-82.551,-82.113,-81.011,-82.730
74.000,-81.223,-82.888,-79.317,-80.928,-81.315,-81.152,-81.140,-82.888,-79.317,-80.042,-80.637,-82.569,-81.231,-80.741,-81.884,-81.429,-80.726,-82.344
75.000,-80.682,-82.229,-78.851,-80.322,-80.904,-80.652,-80.460,-82.229,-78.851,-79.375,-80.213,-81.886,-80.797,-80.143,-81.414,-80.891,-80.194,-81.897
76.000,-79.948,-81.506,-78.311,-79.748,-80.344,-80.100,-79.880,-81.506,-78.311,-78.738,-79.572,-79.696,-80.298,-79.572,-80.847,-79.871,-79.519,-81.211
77.000,-79.311,-80.909,-77.968,-79.135,-79.735,-79.252,-79.410,-80.909,-77.968,-78.017,-78.781,-78.964,-79.671,-78.958,-80.167,-79.341,-78.746,-80.607
78.000,-78.649,-80.411,-77.073,-78.487,-79.082,-78.683,-78.750,-80.411,-77.073,-77.413,-78.052,-77.970,-79.110,-78.322,-79.458,-78.849,-77.947,-80.127
79.000,-77.975,-79.923,-76.464,-77.877,-78.526,-77.931,-78.170,-79.923,-76.464,-76.704,-77.374,-77.275,-78.364,-77.728,-78.602,-78.191,-77.272,-79.227
80.000,-77.258,-79.263,-76.023,-77.250,-77.576,-77.345,-77.460,-79.263,-76.118,-76.023,-76.526,-76.338,-78.017,-77.101,-78.011,-77.273,-76.358,-78.217
81.000,-76.608,-78.166,-75.218,-76.586,-76.978,-76.727,-76.480,-78.166,-75.881,-75.218,-75.851,-75.740,-77.438,-76.466,-77.340,-76.923,-75.771,-77.549
82.000,-75.939,-77.463,-74.615,-76.015,-76.334,-76.014,-76.010,-77.463,-75.366,-74.615,-75.226,-74.927,-76.988,-75.682,-76.468,-76.270,-74.875,-76.836
83.000,-75.157,-76.471,-73.819,-75.339,-75.735,-75.286,-75.300,-76.155,-74.567,-73.819,-74.620,-74.244,-76.471,-74.831,-75.796,-75.434,-74.111,-75.649
84.000,-74.384,-76.190,-72.966,-74.530,-74.918,-74.544,-74.470,-75.181,-73.536,-72.966,-73.954,-73.474,-76.190,-74.180,-74.695,-74.832,-73.392,-74.893
85.000,-73.615,-75.710,-72.387,-73.698,-73.985,-73.693,-73.970,-74.388,-72.500,-72.387,-73.281,-72.556,-75.710,-73.233,-74.031,-74.080,-72.619,-74.097
86.000,-72.891,-75.231,-71.767,-72.739,-73.128,-73.004,-73.100,-72.937,-72.221,-71.767,-72.579,-71.812,-75.231,-72.473,-73.264,-73.368,-72.273,-73.469
87.000,-72.096,-74.230,-70.848,-72.022,-72.287,-72.157,-72.560,-72.157,-71.501,-71.187,-71.720,-70.848,-74.230,-71.644,-72.379,-72.609,-71.385,-72.752
88.000,-71.226,-73.169,-70.083,-71.160,-71.487,-71.416,-71.450,-71.296,-70.510,-70.270,-70.841,-70.083,-73.169,-70.760,-71.602,-71.913,-70.790,-71.647
89.000,-70.456,-72.570,-69.282,-70.379,-70.784,-70.662,-70.730,-70.268,-70.053,-69.282,-70.039,-69.377,-72.570,-70.037,-70.750,-71.353,-69.662,-70.888
90.000,-69.583,-71.496,-68.451,-69.364,-70.075,-69.746,-69.860,-69.513,-69.085,-68.451,-68.978,-69.037,-71.496,-69.210,-69.897,-70.103,-69.023,-69.913
91.000,-68.628,-70.000,-67.752,-68.462,-68.938,-68.904,-68.910,-68.186,-68.517,-67.752,-68.301,-68.409,-70.000,-68.448,-68.692,-69.205,-68.099,-68.598
92.000,-67.695,-69.231,-66.966,-67.611,-68.088,-67.950,-67.930,-67.108,-67.618,-66.966,-67.370,-67.407,-69.231,-67.486,-67.697,-68.077,-67.087,-67.797
93.000,-66.591,-67.989,-65.860,-66.430,-66.854,-66.759,-66.650,-66.175,-65.860,-66.134,-66.557,-66.513,-67.989,-66.521,-66.564,-66.869,-66.030,-66.960
94.000,-65.570,-66.769,-64.683,-65.544,-65.838,-65.654,-65.620,-65.062,-64.683,-64.989,-65.719,-66.123,-66.769,-65.428,-65.521,-65.798,-65.080,-65.719
95.000,-64.487,-65.449,-63.610,-64.323,-64.634,-64.436,-64.540,-63.610,-63.789,-64.211,-64.380,-65.449,-65.129,-64.371,-63.984,-64.993,-64.583,-64.876
96.000,-63.184,-63.938,-62.230,-63.262,-63.083,-63.192,-62.910,-62.230,-63.390,-63.352,-63.527,-62.624,-63.394,-63.132,-62.887,-63.202,-63.642,-63.938
97.000,-61.967,-62.770,-60.781,-61.975,-61.502,-61.995,-61.500,-60.781,-62.069,-62.546,-61.504,-62.062,-62.770,-61.843,-61.689,-62.524,-62.105,-62.638
98.000,-60.282,-62.031,-58.630,-60.482,-59.664,-60.298,-58.630,-59.087,-60.644,-61.707,-59.816,-59.483,-62.031,-60.315,-59.790,-60.524,-60.445,-61.316
99.000,-57.890,-60.280,-51.520,-58.246,-58.026,-58.466,-51.520,-55.360,-58.595,-60.170,-57.647,-58.038,-59.593,-57.855,-56.942,-59.054,-58.554,-60.280
100.000,-51.703,-57.621,-47.660,-49.422,-50.878,-50.584,-49.130,-48.703,-54.153,-55.613,-50.312,-54.837,-50.007,-47.660,-51.100,-53.523,-52.000,-57.621
