# RP-180524 attachment, 04.UrbanMacro-mMTC_CouplingGain_and_DLgeometry_v19.xlsx, sheet UMa_mMTC_500m_ModelA
pct,mean,min,max,Huawei,CATT,CATR,OPPO,ZTE(v1),ITRI,Ericsson,Intel,MediaTek,CMCC,LG,Sharp,Motorola/Lenovo,Nokia,NEC
0.000,-6.441,-12.118,-4.560,-6.994,-5.848,-6.404,-4.560,-6.479,-4.874,-5.823,-5.560,-5.262,-6.219,-7.215,-7.585,-5.635,-12.118,-6.034
1.000,-4.150,-5.472,-3.292,-4.491,-4.211,-3.956,-3.840,-4.738,-4.117,-3.292,-3.779,-3.915,-4.075,-4.140,-4.459,-3.751,-5.472,-4.020
2.000,-3.519,-4.402,-2.732,-3.667,-3.422,-3.434,-3.360,-3.932,-3.833,-2.732,-3.257,-3.344,-3.423,-3.412,-3.814,-3.344,-4.402,-3.409
3.000,-3.112,-3.618,-2.363,-3.219,-3.081,-3.058,-3.090,-3.411,-3.394,-2.363,-2.796,-3.220,-3.114,-3.024,-3.370,-2.887,-3.618,-3.034
4.000,-2.760,-3.280,-1.832,-2.805,-2.789,-2.796,-2.800,-3.092,-3.078,-1.832,-2.461,-2.813,-2.702,-2.645,-3.003,-2.557,-3.280,-2.742
5.000,-2.456,-2.939,-1.540,-2.565,-2.387,-2.565,-2.480,-2.804,-2.845,-1.540,-2.234,-2.306,-2.405,-2.334,-2.700,-2.311,-2.939,-2.421
6.000,-2.179,-2.682,-1.278,-2.307,-2.172,-2.355,-2.190,-2.504,-2.682,-1.278,-2.013,-1.657,-2.150,-2.059,-2.431,-2.089,-2.648,-2.145
7.000,-1.938,-2.430,-0.960,-2.050,-1.890,-2.139,-1.990,-2.366,-2.430,-0.960,-1.747,-1.420,-1.903,-1.840,-2.187,-1.908,-2.369,-1.871
8.000,-1.720,-2.190,-0.790,-1.803,-1.720,-1.828,-1.810,-2.190,-2.154,-0.790,-1.546,-1.354,-1.630,-1.634,-1.945,-1.668,-2.101,-1.633
9.000,-1.525,-2.082,-0.615,-1.574,-1.463,-1.630,-1.630,-1.789,-2.082,-0.615,-1.360,-1.236,-1.539,-1.447,-1.726,-1.520,-1.903,-1.359
10.000,-1.333,-1.944,-0.485,-1.325,-1.296,-1.386,-1.420,-1.573,-1.944,-0.485,-1.207,-1.030,-1.421,-1.272,-1.521,-1.300,-1.663,-1.157
11.000,-1.141,-1.728,-0.406,-1.108,-1.069,-1.172,-1.230,-1.396,-1.728,-0.406,-1.014,-0.813,-1.205,-1.059,-1.323,-1.062,-1.503,-1.022
12.000,-0.966,-1.606,-0.296,-0.926,-0.927,-0.988,-1.060,-1.187,-1.606,-0.296,-0.767,-0.673,-0.965,-0.892,-1.153,-0.862,-1.306,-0.886
13.000,-0.807,-1.447,-0.197,-0.781,-0.715,-0.806,-0.910,-1.071,-1.447,-0.197,-0.600,-0.564,-0.778,-0.756,-0.988,-0.725,-1.053,-0.712
14.000,-0.638,-1.091,-0.064,-0.610,-0.591,-0.644,-0.760,-0.919,-1.091,-0.064,-0.469,-0.407,-0.604,-0.612,-0.822,-0.554,-0.910,-0.520
15.000,-0.499,-0.940,0.063,-0.430,-0.445,-0.497,-0.660,-0.810,-0.940,0.063,-0.335,-0.253,-0.514,-0.502,-0.666,-0.400,-0.685,-0.413
16.000,-0.349,-0.684,0.144,-0.267,-0.274,-0.383,-0.570,-0.630,-0.684,0.144,-0.174,-0.130,-0.341,-0.342,-0.508,-0.252,-0.561,-0.264
17.000,-0.198,-0.532,0.353,-0.128,-0.117,-0.270,-0.380,-0.532,-0.446,0.353,-0.016,-0.038,-0.182,-0.219,-0.364,-0.137,-0.375,-0.124
18.000,-0.050,-0.429,0.484,0.022,-0.003,-0.166,-0.240,-0.429,-0.374,0.484,0.092,0.371,0.019,-0.081,-0.227,-0.029,-0.223,0.038
19.000,0.091,-0.292,0.686,0.145,0.123,-0.057,-0.120,-0.292,-0.219,0.589,0.220,0.686,0.124,0.050,-0.107,0.120,-0.049,0.145
20.000,0.226,-0.086,0.781,0.291,0.207,0.071,0.010,-0.086,-0.056,0.754,0.364,0.781,0.286,0.152,0.021,0.251,0.037,0.304
21.000,0.364,0.023,0.999,0.424,0.341,0.188,0.140,0.031,0.023,0.935,0.504,0.999,0.380,0.281,0.140,0.385,0.250,0.434
22.000,0.494,0.137,1.107,0.553,0.481,0.315,0.270,0.137,0.181,1.107,0.653,1.066,0.524,0.411,0.249,0.544,0.370,0.547
23.000,0.633,0.229,1.248,0.670,0.669,0.477,0.440,0.229,0.397,1.248,0.795,1.127,0.624,0.535,0.367,0.648,0.557,0.708
24.000,0.780,0.349,1.431,0.801,0.830,0.678,0.550,0.349,0.593,1.431,0.948,1.187,0.832,0.669,0.499,0.806,0.677,0.853
25.000,0.916,0.447,1.543,0.913,0.984,0.814,0.670,0.447,0.795,1.543,1.091,1.364,0.886,0.802,0.620,0.895,0.910,1.011
26.000,1.060,0.531,1.772,1.036,1.135,0.930,0.790,0.531,0.882,1.614,1.245,1.772,1.028,0.964,0.754,1.056,1.018,1.141
27.000,1.212,0.773,1.976,1.168,1.316,1.043,0.940,0.773,1.008,1.734,1.361,1.976,1.153,1.077,0.892,1.184,1.236,1.317
28.000,1.353,0.924,2.100,1.311,1.486,1.195,1.060,0.924,1.270,1.868,1.456,2.100,1.278,1.211,1.026,1.321,1.356,1.429
29.000,1.496,1.037,2.237,1.482,1.636,1.324,1.180,1.037,1.508,2.012,1.537,2.237,1.400,1.336,1.164,1.535,1.484,1.570
30.000,1.637,1.167,2.410,1.597,1.830,1.472,1.320,1.167,1.554,2.168,1.669,2.410,1.535,1.464,1.307,1.619,1.709,1.733
31.000,1.772,1.290,2.555,1.731,1.983,1.610,1.480,1.290,1.671,2.291,1.820,2.555,1.667,1.583,1.449,1.711,1.880,1.855
32.000,1.922,1.419,2.708,1.898,2.069,1.740,1.610,1.419,1.978,2.406,2.001,2.708,1.746,1.715,1.589,1.891,2.000,2.063
33.000,2.072,1.618,2.789,2.025,2.238,1.892,1.790,1.618,2.153,2.565,2.134,2.789,1.868,1.835,1.731,2.054,2.190,2.202
34.000,2.217,1.684,2.928,2.181,2.408,2.012,1.940,1.684,2.266,2.771,2.277,2.928,1.937,1.962,1.886,2.238,2.364,2.403
35.000,2.384,1.817,3.166,2.356,2.526,2.156,2.160,1.817,2.452,2.964,2.403,3.166,2.091,2.129,2.036,2.395,2.543,2.574
36.000,2.539,1.971,3.377,2.492,2.675,2.312,2.270,1.971,2.584,3.117,2.571,3.377,2.205,2.283,2.171,2.603,2.749,2.708
37.000,2.694,2.085,3.529,2.644,2.812,2.492,2.440,2.085,2.772,3.326,2.677,3.529,2.393,2.425,2.321,2.756,2.880,2.854
38.000,2.845,2.218,3.629,2.767,2.972,2.668,2.590,2.218,2.892,3.479,2.834,3.629,2.587,2.555,2.482,2.882,3.106,3.014
39.000,3.010,2.461,3.794,2.910,3.099,2.862,2.750,2.461,3.119,3.639,3.025,3.794,2.710,2.716,2.630,3.056,3.199,3.175
40.000,3.178,2.611,3.891,3.084,3.253,3.024,2.910,2.611,3.237,3.891,3.201,3.883,2.873,2.825,2.790,3.278,3.404,3.408
41.000,3.351,2.766,4.103,3.272,3.436,3.181,3.110,2.766,3.426,4.045,3.350,4.103,3.068,3.016,2.942,3.483,3.536,3.537
42.000,3.524,2.917,4.278,3.449,3.638,3.387,3.250,2.917,3.706,4.278,3.521,4.227,3.131,3.151,3.127,3.624,3.738,3.719
43.000,3.706,3.072,4.495,3.627,3.840,3.535,3.460,3.072,3.831,4.495,3.752,4.365,3.300,3.299,3.301,3.864,3.967,3.876
44.000,3.884,3.251,4.724,3.811,3.988,3.657,3.550,3.251,4.011,4.672,3.899,4.724,3.436,3.461,3.446,4.215,4.072,4.067
45.000,4.052,3.449,4.845,3.937,4.160,3.908,3.730,3.449,4.170,4.844,4.081,4.845,3.609,3.620,3.613,4.357,4.231,4.222
46.000,4.247,3.760,5.019,4.125,4.372,4.090,3.950,3.760,4.233,5.019,4.307,4.965,3.825,3.814,3.792,4.580,4.467,4.410
47.000,4.423,3.947,5.247,4.305,4.518,4.242,4.080,3.947,4.400,5.247,4.500,5.136,4.005,4.016,3.967,4.765,4.603,4.609
48.000,4.629,4.149,5.393,4.485,4.709,4.486,4.340,4.172,4.636,5.393,4.662,5.358,4.265,4.158,4.149,5.029,4.789,4.805
49.000,4.834,4.314,5.698,4.730,4.863,4.661,4.500,4.409,4.956,5.698,4.893,5.469,4.479,4.366,4.314,5.247,4.948,4.982
50.000,5.021,4.529,5.915,4.934,5.021,4.864,4.720,4.573,5.236,5.915,5.070,5.553,4.684,4.547,4.529,5.370,5.135,5.167
51.000,5.232,4.730,6.235,5.158,5.239,5.102,4.820,4.778,5.434,6.235,5.299,5.764,4.850,4.777,4.730,5.609,5.325,5.366
52.000,5.470,4.933,6.463,5.366,5.463,5.325,5.130,5.148,5.610,6.463,5.513,6.081,5.019,4.966,4.933,5.866,5.588,5.575
53.000,5.679,5.129,6.698,5.554,5.672,5.506,5.280,5.445,5.802,6.698,5.716,6.316,5.197,5.150,5.129,6.075,5.879,5.758
54.000,5.892,5.281,6.831,5.744,5.894,5.708,5.470,5.737,6.141,6.831,5.903,6.636,5.281,5.337,5.317,6.284,6.120,5.984
55.000,6.100,5.463,6.978,5.950,6.137,5.853,5.650,6.002,6.194,6.971,6.145,6.978,5.463,5.527,5.553,6.477,6.411,6.195
56.000,6.320,5.753,7.205,6.180,6.297,6.071,5.930,6.132,6.309,7.170,6.365,7.205,5.790,5.753,5.791,6.692,6.659,6.462
57.000,6.515,5.956,7.337,6.455,6.480,6.271,6.090,6.253,6.444,7.337,6.586,7.252,6.055,5.956,6.020,6.986,6.830,6.703
58.000,6.753,6.131,7.586,6.666,6.696,6.452,6.370,6.463,6.874,7.586,6.803,7.440,6.284,6.131,6.255,7.273,7.105,6.902
59.000,6.972,6.361,7.741,6.867,6.919,6.642,6.560,6.582,7.056,7.741,7.108,7.687,6.553,6.361,6.463,7.524,7.389,7.129
60.000,7.180,6.554,7.891,7.107,7.190,6.891,6.750,6.839,7.219,7.891,7.356,7.725,6.824,6.554,6.696,7.754,7.583,7.326
61.000,7.445,6.759,8.175,7.360,7.394,7.218,6.990,7.140,7.441,8.124,7.677,8.175,7.133,6.759,6.951,8.011,7.811,7.493
62.000,7.693,7.009,8.403,7.597,7.559,7.454,7.240,7.508,7.639,8.403,7.940,8.289,7.534,7.009,7.189,8.260,8.033,7.745
63.000,7.923,7.256,8.608,7.827,7.841,7.647,7.520,7.710,7.852,8.608,8.316,8.515,7.740,7.256,7.426,8.426,8.227,7.943
64.000,8.158,7.433,8.763,8.055,8.140,7.854,7.810,8.033,8.090,8.758,8.550,8.763,7.936,7.433,7.676,8.742,8.390,8.142
65.000,8.427,7.715,9.118,8.289,8.441,8.007,8.040,8.211,8.415,8.988,8.879,8.981,8.325,7.715,7.938,9.118,8.611,8.445
66.000,8.695,8.018,9.361,8.569,8.780,8.306,8.330,8.433,8.688,9.202,9.129,9.227,8.598,8.018,8.168,9.361,8.890,8.727
67.000,8.984,8.338,9.600,8.855,9.143,8.530,8.620,8.870,8.874,9.491,9.398,9.505,9.023,8.338,8.429,9.600,9.030,9.054
68.000,9.242,8.583,9.915,9.103,9.337,8.861,8.910,9.123,9.013,9.666,9.733,9.592,9.310,8.583,8.726,9.915,9.429,9.326
69.000,9.528,8.836,10.252,9.448,9.607,9.187,9.230,9.411,9.320,9.875,10.014,9.938,9.563,8.836,9.013,10.252,9.689,9.530
70.000,9.813,9.150,10.652,9.737,9.778,9.539,9.580,9.641,9.629,10.081,10.421,10.326,9.705,9.150,9.305,10.652,9.949,9.702
71.000,10.139,9.429,11.011,10.089,10.040,10.000,9.790,10.005,9.976,10.340,10.718,10.635,10.095,9.429,9.623,11.011,10.314,10.024
72.000,10.456,9.786,11.336,10.428,10.438,10.307,10.200,10.131,10.297,10.518,11.115,10.901,10.456,9.786,9.948,11.336,10.675,10.312
73.000,10.765,10.128,11.610,10.718,10.817,10.666,10.420,10.456,10.609,10.756,11.460,11.280,10.713,10.128,10.235,11.610,11.012,10.602
74.000,11.056,10.444,11.875,11.087,11.191,11.063,10.780,10.729,10.791,11.056,11.731,11.384,10.949,10.444,10.570,11.875,11.307,10.884
75.000,11.359,10.876,12.186,11.369,11.675,11.325,11.120,11.060,11.015,11.311,11.950,11.584,11.224,10.876,10.910,12.186,11.520,11.267
76.000,11.721,11.246,12.579,11.709,11.999,11.693,11.530,11.402,11.426,11.511,12.322,12.124,11.527,11.246,11.252,12.579,11.831,11.661
77.000,12.101,11.605,12.949,12.056,12.406,12.065,11.900,11.663,11.843,11.799,12.703,12.480,12.143,11.660,11.605,12.949,12.172,12.069
78.000,12.475,11.999,13.282,12.376,12.864,12.425,12.230,12.193,12.156,12.126,12.996,12.880,12.743,12.013,11.999,13.282,12.444,12.404
79.000,12.854,12.362,13.794,12.812,13.303,12.696,12.850,12.814,12.362,12.490,13.304,12.947,13.155,12.407,12.368,13.794,12.711,12.791
80.000,13.213,12.680,14.118,13.159,13.735,13.005,13.280,13.099,12.680,12.858,13.656,13.252,13.429,12.763,12.826,14.118,13.177,13.154
81.000,13.664,13.082,14.471,13.593,14.066,13.442,13.870,13.451,13.390,13.082,14.000,13.868,13.956,13.294,13.274,14.471,13.674,13.532
82.000,14.146,13.368,14.992,14.083,14.508,13.946,14.190,14.063,13.955,13.368,14.345,14.431,14.593,13.717,13.666,14.992,14.290,14.040
83.000,14.560,13.663,15.462,14.468,15.025,14.351,14.740,14.402,14.155,13.663,14.838,14.637,15.010,14.210,14.149,15.462,14.760,14.526
84.000,15.012,14.086,16.049,14.912,15.439,14.872,15.210,14.648,14.826,14.086,15.357,14.969,15.442,14.679,14.652,16.049,15.028,15.012
85.000,15.528,14.425,16.624,15.392,15.984,15.570,15.710,15.089,15.154,14.425,15.899,15.550,16.039,15.328,15.156,16.624,15.501,15.502
86.000,16.064,14.756,17.249,16.046,16.541,16.285,16.200,15.639,15.445,14.756,16.368,16.133,16.671,15.963,15.655,17.249,15.935,16.075
87.000,16.665,15.208,17.811,16.556,17.121,16.828,17.000,16.361,15.881,15.208,16.999,17.059,17.498,16.523,16.212,17.811,16.416,16.508
88.000,17.258,15.712,18.330,17.203,17.752,17.360,17.760,16.959,17.106,15.712,17.605,17.416,18.108,17.106,16.744,18.330,16.793,16.923
89.000,17.791,16.149,18.878,17.898,18.395,17.922,18.150,17.431,17.620,16.149,18.181,17.782,18.878,17.535,17.320,18.833,17.196,17.569
90.000,18.439,16.894,19.465,18.525,18.893,18.686,18.700,17.942,18.506,16.894,18.779,18.618,19.323,18.313,17.895,19.465,17.883,18.158
91.000,19.079,17.398,20.040,19.142,19.740,19.316,19.270,18.462,19.288,17.398,19.432,19.091,19.972,18.989,18.620,20.040,18.620,18.799
92.000,19.725,18.021,20.675,19.758,20.464,19.913,19.960,19.171,19.548,18.021,20.072,19.935,20.601,19.680,19.240,20.675,19.485,19.354
93.000,20.435,18.448,21.436,20.395,21.045,20.734,20.720,20.452,20.224,18.448,20.742,20.748,21.436,20.276,19.904,21.379,20.028,19.987
94.000,21.190,19.094,22.157,21.237,21.759,21.413,21.290,21.103,21.128,19.094,21.534,22.157,21.849,21.036,20.702,22.154,20.731,20.666
95.000,22.059,19.681,23.191,21.877,22.580,22.218,22.370,21.768,22.817,19.681,22.755,23.191,22.464,21.813,21.543,22.950,21.658,21.199
96.000,22.918,20.763,23.804,22.841,23.230,23.230,23.130,23.063,23.404,20.763,23.419,23.454,23.787,22.743,22.473,23.804,22.418,22.008
97.000,23.815,21.760,24.617,23.615,24.053,24.109,24.400,24.427,24.391,21.760,23.983,24.271,24.617,23.714,23.416,24.307,23.477,22.683
98.000,24.811,22.913,26.057,24.594,24.858,24.890,25.530,26.057,25.644,22.913,24.861,25.086,25.298,24.826,24.454,25.303,24.327,23.526
99.000,25.862,24.232,27.820,25.509,25.975,25.622,27.820,27.795,26.168,24.391,26.091,26.142,26.015,25.645,25.515,25.957,25.049,24.232
100.000,28.682,26.193,34.881,26.566,29.704,33.420,31.310,34.881,26.592,26.321,31.918,28.016,28.003,26.629,26.608,27.391,26.678,26.193
