# RP-180524 attachment, 04.UrbanMacro-mMTC_CouplingGain_and_DLgeometry_v19.xlsx, sheet UMa_mMTC_1732m_ModelA
pct,mean,min,max,Huawei,CATT,CATR,OPPO,ZTE(v1),ITRI,Ericsson,Intel,MediaTek,CMCC,LG,Sharp,Motorola/Lenovo,Nokia,NEC
0.000,-152.415,-160.059,-147.192,-152.566,-153.919,-156.078,-149.660,-147.192,-154.257,-150.490,-150.123,-147.823,-151.074,-150.519,-159.595,-153.175,-160.059,-149.695
1.000,-147.648,-152.315,-145.390,-146.977,-148.828,-149.993,-147.740,-145.390,-148.503,-146.547,-145.760,-145.594,-146.237,-145.898,-148.975,-148.783,-152.315,-147.187
2.000,-146.275,-151.232,-143.990,-145.433,-147.610,-148.388,-146.270,-144.090,-147.939,-145.057,-144.632,-143.990,-144.848,-144.708,-147.156,-146.799,-151.232,-145.981
3.000,-145.225,-149.799,-143.223,-144.506,-146.058,-146.726,-145.380,-143.396,-146.934,-143.998,-143.590,-143.223,-143.902,-143.881,-146.189,-145.887,-149.799,-144.904
4.000,-144.407,-148.503,-142.500,-143.767,-145.397,-145.919,-144.700,-142.539,-145.489,-143.471,-142.699,-142.500,-143.162,-143.178,-145.264,-145.133,-148.503,-144.385
5.000,-143.732,-147.419,-141.872,-142.921,-144.460,-145.261,-144.010,-141.884,-144.882,-142.925,-141.872,-142.104,-142.793,-142.649,-144.546,-144.396,-147.419,-143.859
6.000,-143.138,-146.731,-141.371,-142.313,-143.936,-144.334,-143.560,-141.371,-143.947,-142.321,-141.515,-141.774,-142.093,-142.135,-143.891,-143.662,-146.731,-143.494
7.000,-142.567,-146.106,-140.927,-141.974,-143.341,-143.682,-142.950,-140.927,-142.967,-141.567,-140.998,-141.273,-141.516,-141.703,-143.333,-143.219,-146.106,-142.949
8.000,-142.082,-145.105,-140.368,-141.636,-142.826,-143.231,-142.600,-140.517,-142.736,-141.157,-140.368,-140.626,-141.184,-141.281,-142.789,-142.650,-145.105,-142.530
9.000,-141.629,-144.682,-139.851,-141.223,-142.223,-142.675,-142.320,-140.117,-142.323,-140.739,-139.851,-140.143,-140.633,-140.899,-142.321,-142.285,-144.682,-141.997
10.000,-141.149,-144.030,-139.458,-140.886,-141.773,-142.279,-141.810,-139.782,-141.730,-140.074,-139.458,-139.521,-140.090,-140.571,-141.854,-141.759,-144.030,-141.618
11.000,-140.748,-143.359,-138.898,-140.445,-141.212,-141.874,-141.430,-139.513,-141.501,-139.465,-139.121,-138.898,-139.829,-140.286,-141.420,-141.467,-143.359,-141.396
12.000,-140.372,-142.753,-138.293,-140.079,-140.851,-141.594,-141.060,-139.080,-141.345,-139.103,-138.692,-138.293,-139.608,-139.987,-141.003,-141.139,-142.753,-140.996
13.000,-139.982,-142.395,-137.927,-139.747,-140.554,-141.131,-140.720,-138.574,-141.026,-138.487,-138.381,-137.927,-139.202,-139.606,-140.623,-140.777,-142.395,-140.585
14.000,-139.628,-142.018,-137.301,-139.451,-140.244,-140.752,-140.450,-138.447,-140.553,-138.156,-138.017,-137.301,-138.744,-139.255,-140.261,-140.474,-142.018,-140.302
15.000,-139.279,-141.449,-137.024,-139.172,-139.848,-140.378,-140.000,-138.126,-140.194,-137.874,-137.711,-137.024,-138.546,-138.940,-139.888,-139.989,-141.449,-140.049
16.000,-138.946,-141.118,-136.407,-138.855,-139.501,-140.129,-139.610,-137.918,-139.823,-137.569,-137.355,-136.407,-138.295,-138.616,-139.551,-139.664,-141.118,-139.782
17.000,-138.666,-140.797,-135.992,-138.546,-139.145,-139.817,-139.300,-137.783,-139.680,-137.162,-137.040,-135.992,-138.074,-138.360,-139.215,-139.493,-140.797,-139.580
18.000,-138.307,-140.392,-135.310,-138.262,-138.782,-139.449,-138.930,-137.512,-139.437,-136.546,-136.776,-135.310,-137.755,-138.049,-138.909,-139.146,-140.392,-139.352
19.000,-138.030,-140.034,-135.108,-137.984,-138.445,-139.056,-138.630,-137.268,-139.262,-136.305,-136.542,-135.108,-137.651,-137.835,-138.578,-138.748,-140.034,-139.002
20.000,-137.742,-139.759,-134.816,-137.777,-138.159,-138.677,-138.380,-136.988,-138.969,-136.117,-136.206,-134.816,-137.331,-137.646,-138.278,-138.302,-139.759,-138.724
21.000,-137.441,-139.428,-134.591,-137.509,-137.899,-138.395,-138.170,-136.756,-138.373,-135.737,-135.948,-134.591,-136.964,-137.359,-137.971,-138.091,-139.428,-138.428
22.000,-137.174,-139.033,-134.324,-137.239,-137.655,-138.136,-137.970,-136.436,-138.149,-135.519,-135.688,-134.324,-136.685,-137.114,-137.661,-137.782,-139.033,-138.214
23.000,-136.896,-138.739,-134.239,-137.009,-137.324,-137.882,-137.710,-136.222,-137.727,-135.063,-135.444,-134.239,-136.421,-136.903,-137.342,-137.436,-138.739,-137.972
24.000,-136.651,-138.408,-134.169,-136.785,-137.044,-137.617,-137.440,-135.979,-137.645,-134.886,-135.148,-134.169,-136.002,-136.647,-137.056,-137.188,-138.408,-137.746
25.000,-136.384,-138.142,-133.991,-136.474,-136.723,-137.276,-137.110,-135.817,-137.291,-134.467,-134.919,-133.991,-135.830,-136.409,-136.755,-137.018,-138.142,-137.544
26.000,-136.099,-137.802,-133.535,-136.230,-136.485,-137.045,-136.750,-135.618,-137.032,-134.197,-134.662,-133.535,-135.611,-136.137,-136.458,-136.716,-137.802,-137.215
27.000,-135.818,-137.462,-133.331,-135.982,-136.211,-136.754,-136.520,-135.115,-136.622,-133.974,-134.360,-133.331,-135.397,-135.885,-136.188,-136.433,-137.462,-137.035
28.000,-135.528,-137.177,-132.884,-135.737,-135.869,-136.348,-136.180,-134.871,-136.429,-133.688,-134.180,-132.884,-135.149,-135.565,-135.927,-136.093,-137.177,-136.829
29.000,-135.270,-136.874,-132.699,-135.455,-135.653,-136.104,-135.980,-134.647,-136.001,-133.504,-133.901,-132.699,-134.837,-135.263,-135.651,-135.843,-136.874,-136.636
30.000,-134.992,-136.534,-132.427,-135.168,-135.387,-135.714,-135.640,-134.347,-135.729,-133.244,-133.640,-132.427,-134.644,-135.005,-135.372,-135.600,-136.534,-136.421
31.000,-134.721,-136.213,-132.164,-134.873,-135.112,-135.496,-135.450,-134.039,-135.653,-132.853,-133.340,-132.164,-134.373,-134.741,-135.096,-135.323,-136.213,-136.081
32.000,-134.461,-136.002,-131.841,-134.629,-134.885,-135.228,-135.230,-133.848,-135.411,-132.408,-133.091,-131.841,-134.217,-134.484,-134.817,-134.911,-136.002,-135.917
33.000,-134.170,-135.686,-131.656,-134.366,-134.624,-134.959,-134.950,-133.627,-134.846,-132.185,-132.725,-131.656,-133.904,-134.250,-134.529,-134.567,-135.680,-135.686
34.000,-133.874,-135.430,-131.382,-134.152,-134.313,-134.633,-134.660,-133.263,-134.441,-131.909,-132.468,-131.382,-133.573,-133.970,-134.245,-134.246,-135.423,-135.430
35.000,-133.613,-135.175,-131.190,-133.849,-134.074,-134.385,-134.470,-132.900,-134.155,-131.699,-132.135,-131.190,-133.323,-133.726,-133.949,-133.999,-135.175,-135.172
36.000,-133.364,-134.999,-130.907,-133.586,-133.808,-134.113,-134.120,-132.635,-133.945,-131.528,-131.908,-130.907,-133.082,-133.476,-133.647,-133.822,-134.890,-134.999
37.000,-133.073,-134.728,-130.672,-133.317,-133.615,-133.841,-133.850,-132.333,-133.569,-130.995,-131.603,-130.672,-132.912,-133.124,-133.383,-133.516,-134.633,-134.728
38.000,-132.793,-134.562,-130.341,-133.017,-133.321,-133.482,-133.510,-132.102,-133.231,-130.613,-131.321,-130.341,-132.787,-132.916,-133.084,-133.292,-134.321,-134.562
39.000,-132.515,-134.191,-130.183,-132.749,-132.998,-133.243,-133.250,-131.836,-132.985,-130.308,-131.121,-130.183,-132.452,-132.600,-132.769,-132.990,-134.054,-134.191
40.000,-132.227,-133.976,-129.568,-132.497,-132.754,-132.959,-132.970,-131.523,-132.786,-130.051,-130.916,-129.568,-132.262,-132.346,-132.472,-132.725,-133.604,-133.976
41.000,-131.953,-133.644,-129.463,-132.186,-132.547,-132.671,-132.680,-131.233,-132.539,-129.778,-130.618,-129.463,-132.115,-132.090,-132.187,-132.346,-133.200,-133.644
42.000,-131.687,-133.446,-129.284,-131.950,-132.194,-132.384,-132.450,-130.932,-132.378,-129.572,-130.344,-129.284,-131.809,-131.819,-131.881,-132.071,-132.787,-133.446
43.000,-131.397,-133.150,-129.092,-131.687,-131.894,-132.048,-132.090,-130.765,-131.870,-129.377,-130.066,-129.092,-131.573,-131.539,-131.568,-131.729,-132.511,-133.150
44.000,-131.096,-132.865,-128.641,-131.433,-131.508,-131.758,-131.800,-130.449,-131.433,-129.199,-129.794,-128.641,-131.332,-131.273,-131.267,-131.429,-132.263,-132.865
45.000,-130.780,-132.598,-128.095,-131.165,-131.187,-131.534,-131.370,-130.162,-131.067,-128.871,-129.501,-128.095,-131.131,-131.017,-130.957,-131.164,-131.877,-132.598
46.000,-130.466,-132.262,-127.565,-130.881,-130.917,-131.167,-131.060,-130.063,-130.768,-128.511,-129.207,-127.565,-130.833,-130.791,-130.601,-130.879,-131.482,-132.262
47.000,-130.128,-132.036,-127.176,-130.654,-130.683,-130.928,-130.720,-129.675,-130.314,-127.710,-128.931,-127.176,-130.554,-130.464,-130.284,-130.684,-131.106,-132.036
48.000,-129.821,-131.798,-126.890,-130.399,-130.426,-130.519,-130.460,-129.401,-129.780,-127.359,-128.625,-126.890,-130.319,-130.128,-129.934,-130.459,-130.821,-131.798
49.000,-129.505,-131.484,-126.676,-130.043,-130.124,-130.082,-129.960,-129.036,-129.666,-127.101,-128.393,-126.676,-130.048,-129.848,-129.593,-130.172,-130.343,-131.484
50.000,-129.131,-131.225,-126.454,-129.749,-129.834,-129.733,-129.550,-128.437,-129.212,-126.800,-127.957,-126.454,-129.836,-129.558,-129.258,-129.490,-129.875,-131.225
51.000,-128.769,-130.929,-125.873,-129.349,-129.460,-129.314,-129.140,-128.172,-128.774,-126.500,-127.620,-125.873,-129.645,-129.159,-128.909,-129.161,-129.535,-130.929
52.000,-128.393,-130.522,-125.417,-128.942,-129.121,-129.002,-128.820,-127.743,-128.471,-126.116,-127.216,-125.417,-129.403,-128.824,-128.537,-128.855,-128.901,-130.522
53.000,-128.033,-130.109,-125.221,-128.616,-128.699,-128.714,-128.520,-127.528,-127.915,-125.866,-126.800,-125.221,-129.008,-128.461,-128.203,-128.435,-128.405,-130.109
54.000,-127.657,-129.639,-124.927,-128.282,-128.099,-128.394,-128.260,-127.169,-127.553,-125.600,-126.481,-124.927,-128.678,-128.131,-127.846,-127.816,-127.973,-129.639
55.000,-127.235,-129.227,-124.645,-127.867,-127.597,-128.101,-127.860,-126.708,-126.866,-125.037,-126.026,-124.645,-128.376,-127.786,-127.444,-127.359,-127.624,-129.227
56.000,-126.742,-128.887,-123.839,-127.424,-127.136,-127.689,-127.390,-126.245,-126.261,-124.632,-125.629,-123.839,-127.810,-127.413,-127.063,-126.644,-127.073,-128.887
57.000,-126.317,-128.430,-123.400,-127.024,-126.753,-127.276,-127.030,-125.969,-125.690,-124.329,-125.192,-123.400,-127.341,-126.959,-126.681,-126.157,-126.531,-128.430
58.000,-125.845,-127.881,-123.049,-126.547,-126.317,-126.892,-126.600,-125.110,-125.373,-123.873,-124.729,-123.049,-126.945,-126.614,-126.261,-125.578,-125.906,-127.881
59.000,-125.374,-127.272,-122.486,-126.092,-125.874,-126.441,-126.070,-124.364,-124.857,-123.425,-124.319,-122.486,-126.645,-126.248,-125.827,-125.177,-125.521,-127.272
60.000,-124.813,-126.691,-121.817,-125.564,-125.496,-125.844,-125.560,-123.468,-123.943,-123.048,-123.895,-121.817,-126.054,-125.844,-125.336,-124.765,-124.868,-126.691
61.000,-124.273,-126.042,-120.762,-125.145,-125.225,-125.356,-125.000,-122.755,-123.587,-122.434,-123.380,-120.762,-125.658,-125.304,-124.827,-124.060,-124.556,-126.042
62.000,-123.781,-125.525,-120.507,-124.605,-124.602,-124.847,-124.420,-122.253,-123.268,-122.117,-122.780,-120.507,-125.360,-124.767,-124.239,-123.262,-124.161,-125.525
63.000,-123.201,-124.810,-119.924,-124.199,-124.078,-124.470,-123.570,-121.148,-122.734,-121.761,-122.206,-119.924,-124.758,-124.292,-123.681,-122.689,-123.702,-124.810
64.000,-122.661,-124.446,-119.564,-123.557,-123.585,-123.747,-122.990,-120.305,-122.441,-121.390,-121.705,-119.564,-124.446,-123.731,-123.059,-122.243,-122.976,-124.182
65.000,-122.053,-124.142,-119.369,-123.006,-122.988,-123.202,-122.220,-119.579,-121.660,-120.477,-121.151,-119.369,-124.142,-123.011,-122.425,-121.487,-122.627,-123.456
66.000,-121.394,-123.635,-118.194,-122.148,-122.427,-122.642,-121.620,-118.608,-121.169,-119.927,-120.603,-118.194,-123.635,-122.385,-121.832,-120.995,-122.048,-122.683
67.000,-120.698,-122.935,-117.473,-121.353,-121.664,-121.954,-121.030,-118.230,-120.211,-119.335,-120.004,-117.473,-122.935,-121.581,-121.218,-120.153,-121.424,-121.897
68.000,-120.018,-122.109,-116.819,-120.617,-121.034,-121.314,-120.280,-117.643,-119.800,-118.682,-119.380,-116.819,-122.109,-120.808,-120.541,-119.254,-120.854,-121.135
69.000,-119.318,-121.122,-115.699,-119.883,-120.016,-120.641,-119.580,-117.416,-119.377,-118.057,-118.489,-115.699,-121.122,-120.170,-119.824,-118.625,-120.459,-120.419
70.000,-118.532,-120.073,-114.847,-119.294,-119.192,-119.595,-118.920,-117.114,-118.682,-117.175,-117.846,-114.847,-120.073,-119.542,-119.069,-117.799,-119.614,-119.219
71.000,-117.812,-119.082,-114.525,-118.500,-118.460,-118.727,-117.900,-116.481,-118.289,-116.436,-117.288,-114.525,-119.012,-118.809,-118.287,-117.219,-119.082,-118.166
72.000,-117.065,-118.413,-114.125,-117.693,-117.513,-117.438,-117.150,-115.933,-118.092,-115.745,-116.509,-114.125,-118.413,-117.989,-117.519,-116.616,-118.411,-116.822
73.000,-116.438,-117.805,-113.691,-116.926,-116.978,-116.899,-116.630,-115.558,-117.306,-115.186,-115.881,-113.691,-117.715,-117.124,-116.700,-116.126,-117.805,-116.050
74.000,-115.752,-117.171,-112.697,-116.200,-116.183,-116.225,-116.020,-115.172,-116.668,-114.717,-115.210,-112.697,-117.026,-116.346,-115.900,-115.362,-117.171,-115.388
75.000,-115.114,-116.601,-112.384,-115.289,-115.373,-115.646,-115.380,-114.834,-116.183,-113.792,-114.548,-112.384,-116.390,-115.754,-115.205,-114.664,-116.601,-114.666
76.000,-114.433,-116.206,-111.513,-114.523,-114.615,-114.925,-114.840,-114.259,-115.549,-112.963,-114.002,-111.513,-115.788,-114.899,-114.508,-113.680,-116.206,-114.222
77.000,-113.817,-115.481,-110.968,-113.793,-113.976,-114.346,-114.270,-113.924,-114.742,-112.278,-113.312,-110.968,-115.161,-114.237,-113.814,-113.159,-115.481,-113.796
78.000,-113.195,-114.874,-110.786,-113.274,-113.560,-113.675,-113.500,-113.313,-113.983,-111.460,-112.548,-110.786,-114.337,-113.423,-113.101,-112.718,-114.874,-113.375
79.000,-112.564,-114.268,-110.395,-112.673,-112.945,-113.103,-113.050,-112.873,-113.033,-110.395,-112.022,-110.549,-113.747,-112.709,-112.422,-111.799,-114.268,-112.871
80.000,-111.997,-113.533,-109.944,-111.940,-112.221,-112.571,-112.340,-112.467,-112.403,-109.944,-111.335,-110.149,-113.304,-112.176,-111.812,-111.219,-113.533,-112.539
81.000,-111.331,-112.661,-109.215,-111.145,-111.354,-112.024,-111.580,-111.823,-111.790,-109.215,-110.738,-109.772,-112.460,-111.467,-111.134,-110.707,-112.661,-112.100
82.000,-110.703,-112.226,-108.541,-110.413,-110.543,-111.411,-111.000,-111.397,-110.916,-108.541,-110.076,-109.060,-112.226,-110.791,-110.455,-110.028,-111.926,-111.768
83.000,-110.040,-111.714,-108.175,-109.856,-109.667,-110.768,-110.280,-110.443,-109.697,-108.175,-109.524,-108.785,-111.714,-110.139,-109.723,-109.643,-110.851,-111.337
84.000,-109.331,-111.165,-107.409,-109.231,-108.902,-109.925,-109.450,-109.833,-109.045,-107.409,-108.834,-107.944,-111.165,-109.415,-108.995,-109.159,-109.942,-110.710
85.000,-108.564,-110.235,-105.818,-108.512,-108.213,-109.159,-108.650,-108.793,-108.017,-105.818,-108.197,-107.684,-110.235,-108.846,-108.249,-108.710,-109.363,-110.008
86.000,-107.823,-109.309,-105.271,-107.808,-107.554,-108.462,-107.810,-107.891,-107.467,-105.271,-107.468,-107.031,-109.167,-108.096,-107.603,-107.872,-108.536,-109.309
87.000,-106.974,-108.532,-104.093,-107.093,-106.839,-107.675,-107.130,-106.894,-106.910,-104.093,-106.900,-105.249,-108.340,-107.391,-106.865,-107.280,-107.416,-108.532
88.000,-106.122,-107.757,-103.279,-106.339,-105.879,-106.828,-106.210,-106.355,-106.265,-103.279,-106.167,-104.456,-106.809,-106.580,-106.044,-105.972,-106.883,-107.757
89.000,-105.226,-106.370,-101.963,-105.432,-105.191,-105.897,-105.300,-105.689,-105.353,-101.963,-105.193,-103.994,-105.671,-105.575,-105.178,-105.533,-106.047,-106.370
90.000,-104.197,-105.628,-101.040,-104.534,-104.360,-104.645,-104.220,-105.326,-103.875,-101.040,-104.518,-102.361,-104.835,-104.607,-104.199,-103.774,-105.037,-105.628
91.000,-103.125,-104.742,-99.985,-103.855,-103.535,-103.367,-103.520,-104.387,-102.449,-99.985,-103.742,-100.331,-103.342,-103.410,-103.096,-102.563,-104.550,-104.742
92.000,-101.996,-103.643,-98.380,-102.679,-102.623,-102.535,-102.240,-103.284,-101.263,-98.380,-102.707,-99.504,-102.016,-101.983,-101.975,-101.684,-103.429,-103.643
93.000,-100.628,-102.354,-95.937,-101.356,-101.367,-101.505,-100.380,-101.739,-100.230,-95.937,-100.796,-98.731,-101.228,-100.277,-100.810,-100.405,-102.354,-102.308
94.000,-99.382,-100.875,-94.837,-100.169,-99.793,-100.442,-98.110,-100.858,-99.607,-94.837,-99.229,-98.007,-100.707,-98.813,-99.150,-99.352,-100.875,-100.787
95.000,-97.598,-99.441,-93.972,-98.717,-98.034,-98.828,-96.030,-98.450,-96.730,-93.972,-97.570,-96.062,-99.441,-97.169,-97.528,-97.381,-99.112,-98.945
96.000,-95.609,-97.348,-91.691,-96.885,-95.933,-97.011,-94.000,-96.587,-95.076,-91.691,-95.984,-94.718,-95.325,-95.530,-95.411,-95.504,-97.137,-97.348
97.000,-93.411,-95.965,-89.538,-94.198,-93.734,-95.370,-90.290,-94.221,-93.169,-89.538,-92.492,-93.183,-93.275,-93.593,-93.158,-93.725,-95.254,-95.965
98.000,-90.200,-93.164,-86.780,-89.742,-91.382,-91.286,-86.780,-91.219,-90.664,-88.137,-89.086,-88.896,-90.422,-89.972,-90.221,-90.015,-92.020,-93.164
99.000,-83.879,-89.174,-72.010,-84.383,-86.244,-85.435,-72.010,-83.973,-84.828,-82.456,-84.129,-80.873,-83.026,-83.937,-84.992,-86.695,-86.031,-89.174
100.000,-65.328,-73.199,-58.291,-64.552,-65.632,-67.355,-68.180,-61.124,-64.738,-70.578,-60.895,-73.199,-66.865,-62.322,-58.291,-64.998,-68.202,-62.991
