# RP-180524 attachment, 04.UrbanMacro-mMTC_CouplingGain_and_DLgeometry_v19.xlsx, sheet UMa_mMTC_1732m_ModelB
pct,mean,min,max,Huawei,CATT,CATR,OPPO,ZTE(v1),ITRI,Ericsson,NTT DOCOMO,MediaTek,CMCC,LG,Sharp,Intel,Motorola/Lenovo,Nokia,NEC
0.000,-154.042,-163.944,-141.443,-154.016,-149.860,-157.952,-145.530,-163.927,-153.318,-155.293,-161.077,-141.443,-141.736,-163.944,-162.283,-157.615,-148.016,-156.415,-152.255
1.000,-143.129,-146.645,-137.730,-143.984,-139.969,-145.552,-141.670,-144.486,-145.623,-142.298,-144.262,-138.856,-137.730,-144.317,-145.936,-143.415,-143.194,-146.645,-142.135
2.000,-140.532,-142.913,-135.746,-141.616,-138.027,-141.446,-139.150,-141.181,-142.898,-140.345,-141.001,-137.953,-135.746,-141.740,-142.738,-140.746,-141.290,-142.913,-139.720
3.000,-138.881,-141.155,-134.092,-139.833,-136.666,-139.264,-137.810,-140.167,-140.567,-138.918,-139.615,-136.328,-134.092,-139.809,-140.807,-139.218,-139.939,-141.155,-137.909
4.000,-137.497,-139.428,-133.367,-138.265,-135.918,-137.649,-137.200,-138.742,-138.650,-136.537,-138.144,-135.061,-133.367,-138.396,-139.428,-137.894,-138.317,-139.416,-136.972
5.000,-136.414,-138.559,-132.078,-137.093,-135.263,-136.785,-136.300,-137.828,-137.291,-135.409,-136.966,-133.866,-132.078,-137.105,-138.209,-136.878,-137.414,-138.559,-135.574
6.000,-135.443,-137.532,-131.580,-136.173,-134.487,-135.644,-135.340,-136.751,-136.400,-133.955,-136.176,-132.315,-131.580,-136.108,-137.293,-136.013,-136.420,-137.532,-134.907
7.000,-134.659,-137.045,-130.922,-135.418,-133.822,-134.817,-134.730,-136.158,-135.372,-132.826,-135.428,-131.221,-130.922,-135.209,-136.540,-135.189,-135.615,-137.045,-134.227
8.000,-133.965,-136.108,-130.323,-134.660,-133.230,-134.295,-134.260,-135.280,-134.916,-132.008,-134.605,-130.599,-130.323,-134.481,-135.824,-134.371,-134.987,-136.108,-133.487
9.000,-133.344,-135.378,-129.697,-134.003,-132.506,-133.578,-133.640,-134.809,-134.452,-131.553,-133.962,-130.173,-129.697,-133.899,-135.126,-133.705,-134.259,-135.378,-132.767
10.000,-132.796,-134.729,-129.423,-133.435,-131.990,-133.016,-132.860,-134.278,-133.913,-131.089,-133.420,-129.643,-129.423,-133.228,-134.427,-133.269,-133.807,-134.729,-132.215
11.000,-132.275,-134.206,-129.024,-132.876,-131.360,-132.522,-132.370,-133.533,-133.541,-130.641,-132.889,-129.247,-129.024,-132.612,-133.811,-132.685,-133.374,-134.206,-131.711
12.000,-131.775,-133.548,-128.722,-132.364,-130.899,-132.050,-131.900,-133.132,-133.113,-130.227,-132.360,-128.722,-128.861,-132.090,-133.218,-132.144,-132.574,-133.548,-131.204
13.000,-131.271,-133.142,-128.211,-131.796,-130.333,-131.700,-131.330,-132.519,-132.635,-129.554,-132.009,-128.211,-128.566,-131.490,-132.653,-131.562,-132.069,-133.142,-130.764
14.000,-130.867,-132.746,-127.935,-131.381,-130.065,-131.209,-131.010,-132.094,-131.924,-129.247,-131.485,-127.935,-128.325,-131.006,-132.119,-131.095,-131.713,-132.746,-130.524
15.000,-130.379,-132.223,-127.541,-130.895,-129.629,-130.597,-130.580,-131.637,-131.226,-128.504,-130.975,-127.541,-128.196,-130.601,-131.621,-130.492,-131.096,-132.223,-130.245
16.000,-129.955,-131.916,-127.222,-130.394,-129.225,-130.140,-130.200,-131.200,-130.849,-128.093,-130.529,-127.222,-127.935,-130.156,-131.127,-130.057,-130.447,-131.916,-129.783
17.000,-129.526,-131.276,-127.056,-129.933,-128.899,-129.763,-129.710,-130.592,-130.402,-127.448,-130.206,-127.056,-127.648,-129.752,-130.654,-129.799,-129.835,-131.276,-129.450
18.000,-129.140,-131.015,-126.844,-129.544,-128.564,-129.482,-129.460,-130.179,-129.904,-126.844,-129.746,-126.928,-127.072,-129.376,-130.218,-129.441,-129.483,-131.015,-128.986
19.000,-128.773,-130.627,-126.539,-129.176,-128.220,-129.139,-129.100,-129.670,-129.596,-126.539,-129.315,-126.716,-126.827,-128.970,-129.813,-129.113,-129.035,-130.627,-128.516
20.000,-128.385,-130.078,-126.178,-128.706,-127.998,-128.751,-128.690,-129.226,-128.877,-126.178,-129.008,-126.557,-126.322,-128.629,-129.393,-128.762,-128.816,-130.078,-128.167
21.000,-128.010,-129.672,-125.899,-128.303,-127.615,-128.397,-128.210,-128.773,-128.197,-125.899,-128.627,-126.274,-126.237,-128.204,-128.960,-128.328,-128.570,-129.672,-127.900
22.000,-127.649,-129.266,-125.514,-127.883,-127.276,-128.073,-127.840,-128.373,-127.699,-125.514,-128.227,-125.950,-125.992,-127.851,-128.554,-127.989,-128.255,-129.266,-127.643
23.000,-127.309,-128.978,-125.183,-127.536,-127.024,-127.625,-127.460,-127.829,-127.364,-125.183,-127.762,-125.671,-125.810,-127.440,-128.193,-127.678,-128.002,-128.978,-127.387
24.000,-126.974,-128.644,-124.925,-127.232,-126.749,-127.258,-127.040,-127.469,-126.947,-124.925,-127.397,-125.329,-125.685,-127.056,-127.759,-127.257,-127.742,-128.644,-127.089
25.000,-126.602,-128.293,-124.707,-126.815,-126.510,-126.862,-126.600,-127.163,-126.410,-124.707,-127.136,-124.827,-125.204,-126.636,-127.355,-126.986,-127.388,-128.293,-126.734
26.000,-126.262,-127.914,-124.322,-126.445,-126.193,-126.583,-126.040,-126.852,-126.025,-124.322,-126.805,-124.563,-124.966,-126.290,-126.982,-126.671,-127.119,-127.914,-126.422
27.000,-125.954,-127.725,-124.094,-126.077,-125.892,-126.372,-125.660,-126.613,-125.573,-124.094,-126.455,-124.181,-124.873,-125.951,-126.633,-126.360,-126.668,-127.725,-126.141
28.000,-125.625,-127.464,-123.739,-125.670,-125.505,-126.017,-125.280,-126.323,-125.112,-123.739,-126.124,-123.985,-124.631,-125.591,-126.277,-126.022,-126.404,-127.464,-125.855
29.000,-125.283,-127.103,-123.435,-125.294,-125.146,-125.594,-124.930,-125.997,-124.941,-123.435,-125.861,-123.592,-124.362,-125.236,-125.897,-125.573,-125.957,-127.103,-125.613
30.000,-124.933,-126.761,-123.071,-125.001,-124.861,-125.278,-124.690,-125.687,-124.469,-123.071,-125.577,-123.142,-123.853,-124.907,-125.540,-125.215,-125.511,-126.761,-125.359
31.000,-124.601,-126.436,-122.729,-124.731,-124.433,-124.973,-124.330,-125.414,-123.867,-122.729,-125.192,-122.934,-123.635,-124.571,-125.191,-124.881,-125.257,-126.436,-125.039
32.000,-124.240,-125.958,-122.329,-124.395,-124.068,-124.624,-124.020,-124.899,-123.420,-122.329,-124.807,-122.649,-123.356,-124.254,-124.810,-124.609,-124.965,-125.958,-124.675
33.000,-123.932,-125.643,-122.139,-123.974,-123.746,-124.273,-123.810,-124.674,-123.203,-122.139,-124.467,-122.341,-122.928,-123.894,-124.452,-124.329,-124.660,-125.643,-124.387
34.000,-123.574,-125.111,-121.775,-123.677,-123.419,-123.991,-123.560,-124.275,-122.576,-121.775,-124.140,-121.867,-122.646,-123.588,-124.105,-124.034,-124.283,-125.111,-124.138
35.000,-123.239,-124.805,-121.374,-123.391,-123.134,-123.620,-123.210,-123.885,-122.300,-121.374,-123.779,-121.477,-122.409,-123.238,-123.728,-123.666,-123.934,-124.805,-123.868
36.000,-122.882,-124.408,-120.693,-123.157,-122.870,-123.280,-122.760,-123.593,-122.066,-120.765,-123.459,-120.693,-122.117,-122.927,-123.351,-123.436,-123.702,-124.408,-123.534
37.000,-122.565,-124.029,-120.394,-122.805,-122.486,-123.022,-122.420,-123.278,-121.910,-120.472,-123.110,-120.394,-121.916,-122.555,-122.977,-123.103,-123.310,-124.029,-123.247
38.000,-122.198,-123.525,-120.013,-122.454,-122.190,-122.717,-122.120,-122.802,-121.280,-120.292,-122.791,-120.013,-121.555,-122.266,-122.615,-122.733,-122.844,-123.525,-122.970
39.000,-121.896,-123.236,-119.792,-122.180,-121.948,-122.252,-121.850,-122.548,-120.973,-119.954,-122.502,-119.792,-121.417,-121.929,-122.217,-122.379,-122.473,-123.236,-122.680
40.000,-121.587,-122.849,-119.596,-121.868,-121.643,-121.959,-121.510,-122.266,-120.764,-119.602,-122.166,-119.596,-121.088,-121.608,-121.879,-122.076,-122.152,-122.849,-122.367
41.000,-121.275,-122.506,-119.305,-121.581,-121.355,-121.508,-121.290,-121.903,-120.459,-119.435,-121.851,-119.305,-120.758,-121.285,-121.482,-121.789,-121.838,-122.506,-122.049
42.000,-120.925,-122.326,-118.739,-121.310,-121.075,-121.146,-120.910,-121.562,-120.243,-118.857,-121.447,-118.739,-120.350,-120.976,-121.151,-121.387,-121.600,-122.326,-121.717
43.000,-120.584,-121.974,-118.331,-120.934,-120.750,-120.818,-120.550,-121.275,-119.892,-118.331,-121.170,-118.583,-119.846,-120.702,-120.782,-121.074,-121.113,-121.974,-121.556
44.000,-120.277,-121.569,-118.168,-120.632,-120.420,-120.550,-120.220,-120.982,-119.344,-118.168,-120.750,-118.253,-119.771,-120.370,-120.426,-120.772,-120.882,-121.569,-121.329
45.000,-119.951,-121.352,-117.868,-120.318,-120.018,-120.179,-119.920,-120.545,-118.833,-117.933,-120.363,-117.868,-119.631,-120.048,-120.040,-120.469,-120.637,-121.352,-121.059
46.000,-119.638,-121.064,-117.468,-120.035,-119.742,-119.886,-119.680,-120.177,-118.649,-117.645,-119.923,-117.468,-119.415,-119.723,-119.659,-120.077,-120.264,-121.064,-120.807
47.000,-119.320,-120.803,-117.332,-119.681,-119.315,-119.501,-119.310,-119.685,-118.254,-117.332,-119.645,-117.342,-119.233,-119.400,-119.319,-119.822,-120.039,-120.803,-120.442
48.000,-119.030,-120.469,-117.060,-119.374,-119.043,-119.163,-118.930,-119.399,-118.133,-117.060,-119.302,-117.288,-119.079,-119.035,-118.949,-119.485,-119.637,-120.469,-120.127
49.000,-118.669,-120.181,-116.660,-119.011,-118.635,-118.812,-118.500,-118.998,-117.853,-116.660,-119.004,-116.890,-118.750,-118.713,-118.578,-119.143,-119.204,-120.181,-119.776
50.000,-118.322,-119.766,-116.374,-118.700,-118.298,-118.495,-118.220,-118.732,-117.430,-116.374,-118.713,-116.736,-118.126,-118.443,-118.199,-118.785,-118.702,-119.766,-119.427
51.000,-117.983,-119.450,-115.910,-118.456,-117.837,-118.218,-117.890,-118.432,-117.020,-115.910,-118.428,-116.472,-117.973,-118.124,-117.817,-118.353,-118.314,-119.450,-119.031
52.000,-117.662,-119.036,-115.614,-118.044,-117.507,-117.959,-117.580,-118.129,-116.726,-115.614,-118.052,-116.395,-117.517,-117.750,-117.475,-118.095,-117.965,-119.036,-118.746
53.000,-117.348,-118.693,-115.409,-117.683,-117.210,-117.584,-117.090,-117.762,-116.451,-115.409,-117.696,-116.284,-117.281,-117.374,-117.149,-117.837,-117.578,-118.693,-118.482
54.000,-117.051,-118.387,-115.164,-117.339,-116.798,-117.221,-116.850,-117.413,-116.190,-115.164,-117.423,-116.142,-117.153,-116.993,-116.795,-117.564,-117.238,-118.387,-118.142
55.000,-116.700,-118.071,-114.808,-116.962,-116.486,-116.924,-116.590,-117.120,-115.891,-114.808,-117.138,-115.776,-116.848,-116.614,-116.425,-117.148,-116.606,-118.071,-117.798
56.000,-116.341,-117.711,-114.459,-116.567,-116.204,-116.504,-116.250,-116.619,-115.361,-114.459,-116.835,-115.462,-116.578,-116.251,-116.074,-116.920,-116.289,-117.711,-117.374
57.000,-115.971,-117.458,-113.827,-116.201,-115.845,-116.228,-115.820,-116.246,-115.162,-113.827,-116.440,-115.151,-116.103,-115.917,-115.680,-116.443,-115.961,-117.458,-117.049
58.000,-115.609,-117.161,-113.490,-115.868,-115.522,-115.916,-115.510,-115.638,-114.562,-113.490,-116.094,-114.926,-115.849,-115.557,-115.288,-116.117,-115.630,-117.161,-116.610
59.000,-115.267,-116.818,-113.306,-115.589,-115.253,-115.615,-115.170,-115.135,-114.235,-113.306,-115.766,-114.681,-115.377,-115.211,-114.960,-115.606,-115.285,-116.818,-116.271
60.000,-114.869,-116.386,-113.001,-115.241,-114.822,-115.067,-114.950,-114.768,-113.638,-113.001,-115.408,-114.077,-114.838,-114.768,-114.653,-115.320,-115.023,-116.386,-115.943
61.000,-114.541,-116.043,-112.711,-114.889,-114.470,-114.677,-114.640,-114.397,-113.127,-112.711,-115.050,-113.918,-114.608,-114.466,-114.294,-115.016,-114.710,-116.043,-115.646
62.000,-114.164,-115.746,-112.320,-114.510,-114.184,-114.258,-114.330,-114.001,-112.822,-112.320,-114.670,-113.323,-114.242,-114.147,-113.937,-114.660,-114.197,-115.746,-115.275
63.000,-113.818,-115.205,-111.930,-114.126,-113.882,-113.963,-114.010,-113.763,-112.629,-111.930,-114.219,-113.006,-114.032,-113.785,-113.574,-114.252,-113.845,-115.205,-114.859
64.000,-113.445,-114.635,-111.460,-113.765,-113.531,-113.533,-113.570,-113.232,-112.204,-111.460,-113.943,-112.518,-113.958,-113.445,-113.194,-113.897,-113.629,-114.601,-114.635
65.000,-113.099,-114.274,-111.049,-113.461,-113.267,-113.217,-113.120,-112.832,-111.909,-111.049,-113.623,-112.102,-113.815,-113.049,-112.836,-113.528,-113.277,-114.223,-114.274
66.000,-112.769,-114.050,-110.729,-113.095,-112.980,-112.877,-112.700,-112.584,-111.625,-110.729,-113.225,-111.730,-113.603,-112.729,-112.509,-113.101,-112.908,-113.853,-114.050
67.000,-112.378,-113.766,-110.376,-112.802,-112.589,-112.607,-112.310,-112.203,-111.235,-110.376,-112.831,-111.461,-112.784,-112.351,-112.129,-112.611,-112.530,-113.465,-113.766
68.000,-111.979,-113.514,-109.995,-112.383,-112.223,-112.237,-112.020,-111.834,-110.743,-109.995,-112.495,-111.005,-112.020,-111.999,-111.772,-112.259,-112.089,-113.078,-113.514
69.000,-111.657,-113.220,-109.674,-111.986,-111.906,-111.969,-111.680,-111.554,-110.597,-109.674,-112.028,-110.769,-111.698,-111.622,-111.398,-111.830,-111.822,-112.753,-113.220
70.000,-111.282,-112.944,-109.328,-111.554,-111.493,-111.558,-111.380,-111.036,-110.240,-109.328,-111.663,-110.408,-111.517,-111.231,-110.992,-111.522,-111.368,-112.276,-112.944
71.000,-110.892,-112.666,-108.983,-111.054,-111.056,-111.167,-111.040,-110.601,-109.798,-108.983,-111.248,-110.097,-111.468,-110.889,-110.576,-111.118,-110.925,-111.591,-112.666
72.000,-110.536,-112.392,-108.642,-110.630,-110.678,-110.794,-110.690,-110.277,-109.634,-108.642,-110.768,-109.772,-111.098,-110.530,-110.202,-110.724,-110.503,-111.248,-112.392
73.000,-110.200,-112.064,-108.200,-110.229,-110.391,-110.466,-110.240,-109.906,-109.485,-108.200,-110.432,-109.357,-110.961,-110.133,-109.818,-110.344,-110.201,-110.978,-112.064
74.000,-109.793,-111.681,-107.743,-109.881,-109.934,-110.087,-109.890,-109.556,-108.793,-107.743,-110.060,-109.201,-110.266,-109.690,-109.422,-109.921,-109.969,-110.590,-111.681
75.000,-109.375,-111.352,-107.430,-109.496,-109.501,-109.727,-109.540,-109.193,-108.020,-107.430,-109.650,-108.973,-109.815,-109.237,-109.003,-109.586,-109.205,-110.275,-111.352
76.000,-108.917,-110.989,-107.061,-109.070,-109.106,-109.281,-109.080,-108.819,-107.728,-107.061,-109.165,-108.346,-109.349,-108.828,-108.564,-109.085,-108.508,-109.689,-110.989
77.000,-108.450,-110.562,-106.664,-108.593,-108.633,-108.855,-108.620,-108.329,-107.168,-106.664,-108.775,-107.648,-108.714,-108.334,-108.163,-108.669,-108.135,-109.337,-110.562
78.000,-108.008,-110.046,-106.368,-108.203,-108.272,-108.323,-108.190,-107.739,-106.640,-106.368,-108.218,-107.021,-108.499,-107.941,-107.639,-108.169,-107.850,-109.013,-110.046
79.000,-107.532,-109.636,-105.753,-107.719,-107.883,-107.889,-107.800,-107.164,-106.090,-105.753,-107.836,-106.470,-107.960,-107.472,-107.186,-107.747,-107.473,-108.427,-109.636
80.000,-107.074,-108.985,-105.375,-107.211,-107.366,-107.512,-107.290,-106.706,-105.773,-105.375,-107.414,-106.319,-107.221,-107.031,-106.758,-107.285,-106.982,-107.949,-108.985
81.000,-106.590,-108.633,-104.682,-106.735,-106.886,-107.052,-106.620,-106.365,-105.353,-104.682,-107.016,-105.994,-106.616,-106.518,-106.222,-106.838,-106.471,-107.444,-108.633
82.000,-106.020,-108.170,-103.761,-106.227,-106.271,-106.630,-106.220,-105.596,-104.952,-103.761,-106.426,-105.186,-105.497,-106.045,-105.718,-106.408,-106.143,-107.066,-108.170
83.000,-105.454,-107.706,-103.374,-105.558,-105.631,-106.074,-105.580,-104.945,-104.302,-103.374,-105.886,-104.795,-104.800,-105.536,-105.176,-105.850,-105.585,-106.462,-107.706
84.000,-104.890,-107.095,-102.903,-104.896,-105.210,-105.441,-105.050,-104.394,-104.081,-102.903,-105.257,-104.422,-104.205,-104.845,-104.535,-105.189,-104.885,-105.840,-107.095
85.000,-104.251,-106.472,-102.459,-104.341,-104.638,-104.880,-104.470,-103.823,-103.286,-102.459,-104.690,-103.478,-103.257,-104.234,-103.884,-104.610,-104.152,-105.344,-106.472
86.000,-103.521,-105.700,-101.390,-103.860,-103.774,-104.235,-103.580,-103.233,-103.021,-101.390,-104.116,-101.770,-102.869,-103.544,-103.227,-104.047,-103.306,-104.659,-105.700
87.000,-102.851,-105.080,-100.586,-103.013,-103.214,-103.638,-102.930,-102.760,-102.383,-100.586,-103.387,-101.273,-102.190,-102.798,-102.472,-103.598,-102.469,-103.821,-105.080
88.000,-102.008,-104.287,-99.893,-102.252,-102.260,-102.928,-102.240,-102.118,-101.269,-99.957,-102.672,-99.893,-101.114,-101.963,-101.679,-102.763,-101.476,-103.262,-104.287
89.000,-101.221,-103.508,-99.184,-101.380,-101.391,-102.185,-101.510,-101.343,-100.292,-99.184,-101.627,-99.477,-100.235,-101.015,-100.814,-101.944,-101.116,-102.514,-103.508
90.000,-100.336,-102.137,-98.006,-100.562,-100.583,-101.530,-100.600,-100.264,-99.576,-98.006,-100.771,-99.042,-99.543,-100.117,-99.910,-100.927,-100.545,-101.270,-102.137
91.000,-99.175,-100.773,-96.474,-99.707,-99.593,-100.586,-99.390,-99.355,-98.235,-96.474,-99.698,-96.886,-98.581,-99.196,-98.886,-100.097,-99.412,-99.927,-100.773
92.000,-98.083,-99.641,-95.814,-98.624,-98.223,-99.451,-97.350,-98.274,-97.488,-95.814,-98.552,-96.067,-97.380,-98.119,-97.815,-98.836,-98.855,-98.845,-99.641
93.000,-96.709,-98.294,-94.593,-97.294,-96.875,-97.606,-95.790,-97.339,-96.584,-94.593,-97.397,-94.790,-95.006,-96.863,-96.446,-97.297,-98.143,-97.024,-98.294
94.000,-95.408,-97.191,-93.465,-95.985,-95.134,-95.834,-94.440,-95.894,-95.242,-93.465,-95.843,-94.459,-94.280,-95.448,-95.063,-95.908,-96.200,-96.150,-97.191
95.000,-93.512,-95.630,-90.915,-94.298,-93.185,-93.547,-92.130,-94.216,-93.778,-90.915,-94.230,-92.561,-92.388,-93.454,-93.415,-93.707,-94.607,-94.140,-95.630
96.000,-91.525,-93.618,-89.090,-92.133,-90.913,-91.601,-89.090,-91.864,-91.537,-90.012,-92.044,-90.724,-91.303,-91.536,-91.399,-91.698,-92.782,-92.148,-93.618
97.000,-88.779,-91.715,-84.110,-89.555,-88.593,-87.851,-84.110,-89.553,-88.597,-88.483,-89.440,-86.189,-88.987,-88.520,-88.891,-89.212,-91.715,-89.805,-90.960
98.000,-84.951,-87.714,-79.480,-86.114,-84.393,-84.503,-79.480,-86.065,-82.508,-84.491,-85.693,-85.047,-85.758,-85.007,-84.885,-85.233,-87.045,-85.280,-87.714
99.000,-79.349,-83.754,-68.240,-80.105,-77.093,-80.336,-68.240,-81.225,-78.520,-78.296,-81.008,-79.661,-80.712,-79.770,-79.252,-79.188,-81.902,-80.530,-83.754
100.000,-63.146,-69.286,-54.831,-55.141,-62.262,-64.191,-66.650,-54.831,-65.053,-61.920,-63.303,-69.286,-69.199,-61.916,-58.372,-57.997,-64.770,-66.279,-69.168
