# RP-180524 attachment, 05.UrbanMacro-URLLC_CouplingGain_and_DLgeometry_v20.xlsx, sheet UMa_URLLC_4GHz_ModelA
pct,mean,min,max,Huawei,CATT,CATR,OPPO,ZTE(v1),ITRI,Ericsson,Intel,MediaTek,CMCC,LG,Sharp,Motorola/Lenovo,Nokia,NEC
0.000,-151.438,-157.383,-142.674,-150.020,-152.654,-155.933,-142.674,-146.259,-146.878,-150.578,-152.541,-148.888,-152.067,-157.045,-157.383,-152.635,-155.938,-150.074
1.000,-143.162,-146.886,-138.274,-143.354,-143.717,-144.399,-140.420,-138.274,-143.170,-143.057,-143.681,-141.466,-142.318,-142.822,-142.645,-146.591,-146.886,-144.625
2.000,-140.260,-144.614,-134.939,-140.697,-140.860,-141.132,-138.600,-134.939,-140.567,-139.713,-139.482,-137.832,-140.275,-139.948,-139.492,-144.293,-144.614,-141.454
3.000,-137.955,-142.338,-133.892,-138.366,-138.030,-138.605,-136.164,-133.892,-138.282,-138.124,-137.599,-135.709,-137.642,-137.929,-137.546,-142.338,-139.766,-139.341
4.000,-136.091,-139.164,-132.876,-136.423,-136.131,-135.839,-134.025,-132.876,-137.421,-135.976,-135.529,-134.084,-135.483,-136.123,-136.070,-139.164,-138.765,-137.460
5.000,-134.284,-137.265,-131.148,-134.687,-134.444,-134.144,-132.070,-132.162,-134.970,-134.459,-133.883,-131.148,-133.514,-134.349,-134.009,-137.265,-136.895,-136.255
6.000,-132.641,-135.196,-130.036,-133.067,-132.956,-132.615,-130.563,-130.951,-133.975,-132.851,-131.370,-130.036,-131.621,-132.671,-132.216,-134.403,-135.196,-135.132
7.000,-130.925,-133.683,-129.170,-131.065,-131.002,-130.714,-129.170,-130.059,-131.331,-131.090,-129.639,-129.238,-130.554,-130.621,-130.168,-132.388,-133.157,-133.683
8.000,-129.308,-132.191,-127.003,-129.595,-129.411,-129.573,-127.301,-127.754,-130.165,-129.322,-128.123,-127.003,-128.926,-129.057,-128.218,-130.911,-132.065,-132.191
9.000,-127.659,-130.464,-125.540,-127.677,-127.994,-127.464,-125.847,-125.540,-129.576,-127.642,-126.570,-125.549,-127.277,-126.913,-126.577,-129.851,-130.464,-129.942
10.000,-125.764,-128.246,-122.019,-125.926,-125.826,-125.289,-124.590,-124.082,-128.173,-125.787,-125.221,-122.019,-125.744,-124.863,-125.016,-128.171,-128.246,-127.509
11.000,-123.816,-126.896,-121.202,-124.151,-124.216,-123.066,-122.394,-122.937,-123.446,-123.980,-123.335,-121.202,-123.695,-123.192,-122.924,-126.176,-126.896,-125.623
12.000,-122.060,-125.312,-120.256,-122.637,-122.436,-121.002,-121.406,-122.120,-121.905,-121.554,-121.445,-120.256,-120.428,-121.582,-121.210,-123.986,-125.312,-123.623
13.000,-120.651,-123.282,-119.117,-121.159,-121.384,-119.891,-120.298,-121.144,-120.446,-119.755,-120.450,-119.593,-119.117,-120.157,-119.779,-122.271,-123.282,-121.040
14.000,-119.525,-122.182,-118.037,-119.731,-120.479,-119.090,-119.084,-120.542,-119.362,-118.037,-119.459,-119.366,-118.136,-118.959,-118.601,-121.092,-122.182,-118.761
15.000,-118.627,-121.189,-117.099,-118.493,-119.319,-118.435,-118.515,-120.092,-118.419,-117.099,-118.630,-118.401,-117.638,-118.025,-117.576,-120.245,-121.189,-117.329
16.000,-117.808,-120.053,-116.294,-117.762,-118.309,-117.618,-117.946,-118.571,-117.372,-116.294,-117.737,-117.942,-117.242,-117.256,-116.886,-119.428,-120.053,-116.699
17.000,-117.126,-119.266,-115.685,-117.066,-117.676,-116.940,-117.300,-117.307,-116.839,-115.685,-117.194,-117.572,-116.817,-116.580,-116.224,-118.496,-119.266,-115.928
18.000,-116.493,-118.595,-114.996,-116.298,-117.143,-116.363,-116.649,-116.966,-116.106,-114.996,-116.708,-117.121,-116.221,-115.946,-115.592,-117.166,-118.595,-115.522
19.000,-115.983,-118.005,-114.532,-115.654,-116.523,-115.799,-116.131,-116.443,-115.487,-114.532,-116.175,-116.915,-115.799,-115.482,-114.949,-116.686,-118.005,-115.168
20.000,-115.456,-116.923,-114.066,-115.137,-115.978,-115.322,-115.665,-115.890,-115.036,-114.066,-115.745,-116.244,-115.437,-114.981,-114.378,-116.243,-116.923,-114.791
21.000,-114.883,-116.467,-113.516,-114.679,-115.537,-114.780,-115.182,-115.501,-114.587,-113.516,-115.304,-114.706,-114.543,-114.504,-113.948,-115.536,-116.467,-114.458
22.000,-114.414,-115.966,-113.080,-114.192,-114.962,-114.404,-114.690,-115.188,-113.996,-113.080,-114.760,-114.147,-114.292,-114.054,-113.483,-114.907,-115.966,-114.096
23.000,-114.011,-115.483,-112.624,-113.792,-114.569,-114.048,-114.135,-114.959,-113.528,-112.624,-114.432,-113.922,-113.878,-113.647,-112.983,-114.343,-115.483,-113.829
24.000,-113.639,-114.973,-112.168,-113.461,-114.170,-113.589,-113.691,-114.834,-113.075,-112.168,-113.888,-113.747,-113.715,-113.168,-112.600,-113.972,-114.973,-113.537
25.000,-113.219,-114.445,-111.831,-113.083,-113.776,-112.948,-113.347,-114.445,-112.526,-111.831,-113.528,-113.481,-113.081,-112.746,-112.248,-113.631,-114.445,-113.170
26.000,-112.832,-114.108,-111.406,-112.745,-113.424,-112.694,-112.935,-114.108,-112.184,-111.406,-113.133,-112.968,-112.769,-112.276,-111.899,-113.179,-113.891,-112.867
27.000,-112.451,-113.834,-110.996,-112.324,-113.056,-112.477,-112.554,-113.834,-111.707,-110.996,-112.766,-112.505,-112.229,-111.939,-111.641,-112.850,-113.273,-112.606
28.000,-112.065,-113.410,-110.617,-111.974,-112.695,-111.969,-112.136,-113.410,-111.328,-110.617,-112.353,-112.027,-111.963,-111.529,-111.277,-112.511,-112.853,-112.329
29.000,-111.725,-113.120,-110.233,-111.600,-112.303,-111.679,-111.826,-113.120,-111.172,-110.233,-111.956,-111.713,-111.626,-111.178,-110.956,-112.137,-112.433,-111.949
30.000,-111.410,-112.835,-109.886,-111.191,-111.931,-111.298,-111.545,-112.835,-110.796,-109.886,-111.575,-111.553,-111.347,-110.817,-110.601,-111.932,-112.147,-111.697
31.000,-111.078,-112.631,-109.602,-110.799,-111.645,-110.957,-111.222,-112.631,-110.513,-109.602,-111.222,-111.160,-110.965,-110.528,-110.203,-111.681,-111.646,-111.394
32.000,-110.709,-111.949,-109.300,-110.430,-111.267,-110.669,-111.017,-111.949,-110.056,-109.300,-110.853,-110.868,-110.593,-110.206,-109.925,-111.316,-111.002,-111.183
33.000,-110.394,-111.544,-108.928,-110.110,-111.010,-110.319,-110.689,-111.544,-109.806,-108.928,-110.524,-110.577,-110.262,-109.892,-109.589,-111.056,-110.662,-110.945
34.000,-110.009,-111.217,-108.591,-109.650,-110.610,-109.879,-110.352,-111.217,-109.156,-108.591,-110.209,-110.225,-109.851,-109.511,-109.216,-110.832,-110.206,-110.635
35.000,-109.656,-110.942,-108.303,-109.284,-110.247,-109.436,-110.025,-110.942,-108.946,-108.303,-109.792,-109.629,-109.498,-109.124,-108.934,-110.421,-109.839,-110.427
36.000,-109.319,-110.796,-107.955,-108.968,-109.774,-109.081,-109.753,-110.796,-108.689,-107.955,-109.427,-109.204,-109.169,-108.769,-108.617,-109.821,-109.553,-110.206
37.000,-109.012,-110.614,-107.657,-108.690,-109.490,-108.745,-109.485,-110.614,-108.452,-107.657,-109.167,-108.939,-108.812,-108.460,-108.368,-109.338,-109.079,-109.887
38.000,-108.674,-110.242,-107.385,-108.328,-109.153,-108.450,-109.143,-110.242,-108.080,-107.385,-108.830,-108.621,-108.254,-108.174,-108.087,-109.019,-108.766,-109.577
39.000,-108.329,-109.936,-107.095,-107.853,-108.838,-108.236,-108.751,-109.936,-107.468,-107.095,-108.592,-108.404,-107.905,-107.845,-107.763,-108.685,-108.363,-109.206
40.000,-108.005,-109.415,-106.808,-107.549,-108.439,-108.006,-108.434,-109.415,-107.007,-106.808,-108.334,-108.281,-107.510,-107.548,-107.435,-108.388,-108.095,-108.825
41.000,-107.672,-109.169,-106.386,-107.156,-108.090,-107.680,-108.100,-109.169,-106.386,-106.535,-108.011,-108.079,-107.079,-107.159,-107.183,-108.074,-107.782,-108.591
42.000,-107.384,-108.971,-106.122,-106.906,-107.813,-107.390,-107.726,-108.971,-106.122,-106.295,-107.573,-108.034,-106.717,-106.828,-106.867,-107.799,-107.388,-108.326
43.000,-107.022,-108.488,-105.839,-106.495,-107.355,-107.032,-107.487,-108.488,-105.839,-105.997,-107.130,-107.853,-106.438,-106.511,-106.512,-107.200,-107.030,-107.967
44.000,-106.721,-108.283,-105.612,-106.159,-106.971,-106.840,-107.190,-108.283,-105.612,-105.630,-106.865,-107.527,-106.155,-106.195,-106.191,-106.756,-106.744,-107.698
45.000,-106.383,-107.912,-105.174,-105.867,-106.626,-106.448,-106.917,-107.912,-105.174,-105.319,-106.571,-107.185,-105.864,-105.882,-105.858,-106.339,-106.485,-107.303
46.000,-106.013,-107.566,-104.630,-105.530,-106.114,-106.032,-106.615,-107.566,-104.630,-104.955,-106.082,-106.852,-105.428,-105.557,-105.571,-106.113,-106.163,-106.990
47.000,-105.628,-106.978,-104.267,-105.162,-105.855,-105.673,-106.202,-106.978,-104.267,-104.640,-105.750,-106.441,-104.955,-105.165,-105.264,-105.662,-105.742,-106.665
48.000,-105.222,-106.468,-104.006,-104.764,-105.341,-105.267,-105.912,-106.395,-104.006,-104.260,-105.308,-105.855,-104.514,-104.785,-104.949,-105.238,-105.268,-106.468
49.000,-104.840,-105.984,-103.418,-104.391,-105.006,-105.019,-105.401,-105.912,-103.418,-103.931,-105.013,-105.549,-104.098,-104.419,-104.602,-104.948,-104.911,-105.984
50.000,-104.460,-105.624,-102.998,-104.008,-104.615,-104.620,-105.034,-105.529,-102.998,-103.601,-104.532,-105.294,-103.646,-104.039,-104.288,-104.444,-104.633,-105.624
51.000,-104.103,-105.337,-102.824,-103.675,-104.191,-104.165,-104.636,-105.278,-102.824,-103.233,-104.195,-104.824,-103.177,-103.605,-103.991,-104.148,-104.267,-105.337
52.000,-103.688,-104.944,-102.427,-103.276,-103.589,-103.886,-104.290,-104.944,-102.427,-102.788,-103.809,-104.168,-102.887,-103.212,-103.684,-103.837,-103.721,-104.799
53.000,-103.300,-104.542,-102.057,-102.851,-103.242,-103.461,-103.773,-104.542,-102.057,-102.366,-103.444,-103.824,-102.583,-102.768,-103.359,-103.410,-103.336,-104.478
54.000,-102.908,-104.119,-101.558,-102.506,-102.879,-103.085,-103.505,-104.025,-101.558,-101.998,-102.965,-103.438,-102.311,-102.388,-103.020,-102.965,-102.853,-104.119
55.000,-102.535,-103.773,-101.236,-102.066,-102.475,-102.678,-103.036,-103.653,-101.236,-101.552,-102.656,-103.262,-101.816,-101.952,-102.720,-102.643,-102.505,-103.773
56.000,-102.131,-103.348,-101.061,-101.678,-102.005,-102.379,-102.596,-103.228,-101.061,-101.148,-102.276,-102.830,-101.311,-101.550,-102.287,-102.176,-102.084,-103.348
57.000,-101.694,-102.929,-100.258,-101.327,-101.468,-102.049,-102.168,-102.877,-100.258,-100.736,-101.792,-102.574,-100.919,-101.182,-101.904,-101.582,-101.646,-102.929
58.000,-101.265,-102.679,-99.763,-100.886,-101.055,-101.702,-101.663,-102.367,-99.763,-100.318,-101.255,-102.065,-100.462,-100.731,-101.582,-101.140,-101.315,-102.679
59.000,-100.811,-102.086,-99.321,-100.556,-100.711,-101.051,-101.328,-101.446,-99.321,-100.053,-100.817,-101.734,-100.064,-100.279,-101.212,-100.705,-100.805,-102.086
60.000,-100.383,-101.652,-99.088,-100.105,-100.276,-100.589,-100.798,-101.086,-99.088,-99.669,-100.376,-101.603,-99.207,-99.859,-100.878,-100.401,-100.152,-101.652
61.000,-99.933,-101.134,-98.799,-99.693,-99.871,-100.132,-100.314,-100.797,-98.799,-99.249,-100.047,-100.971,-98.834,-99.414,-100.387,-99.808,-99.544,-101.134
62.000,-99.531,-100.679,-98.456,-99.270,-99.271,-99.678,-100.001,-100.395,-98.588,-98.818,-99.486,-100.679,-98.456,-99.036,-99.933,-99.609,-99.088,-100.660
63.000,-99.098,-100.386,-98.010,-98.955,-98.735,-99.157,-99.611,-99.961,-98.101,-98.482,-98.899,-100.386,-98.010,-98.570,-99.557,-99.343,-98.533,-100.171
64.000,-98.680,-99.811,-97.445,-98.525,-98.329,-98.825,-99.288,-99.644,-97.898,-97.995,-98.354,-99.811,-97.445,-98.031,-99.153,-99.068,-98.068,-99.771
65.000,-98.202,-99.326,-96.985,-98.124,-97.878,-98.323,-98.669,-99.254,-97.484,-97.619,-97.811,-99.326,-96.985,-97.617,-98.796,-98.476,-97.496,-99.171
66.000,-97.647,-98.797,-96.493,-97.574,-97.461,-97.645,-97.981,-98.797,-96.796,-97.190,-97.350,-98.211,-96.493,-97.186,-98.464,-97.709,-97.075,-98.772
67.000,-97.094,-98.336,-95.793,-97.014,-96.908,-97.152,-97.371,-98.123,-96.395,-96.711,-96.947,-97.800,-95.793,-96.630,-97.805,-96.913,-96.512,-98.336
68.000,-96.633,-97.890,-95.347,-96.514,-96.481,-96.732,-96.782,-97.814,-95.978,-96.221,-96.460,-97.496,-95.347,-96.084,-97.303,-96.327,-96.074,-97.890
69.000,-96.035,-97.262,-94.689,-95.992,-96.066,-96.191,-96.178,-96.864,-95.363,-95.685,-95.705,-96.891,-94.689,-95.504,-96.754,-95.790,-95.591,-97.262
70.000,-95.399,-96.576,-94.132,-95.410,-95.473,-95.636,-95.503,-96.220,-94.132,-95.170,-95.286,-96.059,-94.153,-94.984,-96.244,-95.091,-95.054,-96.576
71.000,-94.802,-96.140,-93.547,-94.871,-94.971,-94.973,-94.965,-95.669,-93.820,-94.543,-94.712,-94.836,-93.547,-94.429,-95.575,-94.473,-94.508,-96.140
72.000,-94.219,-95.542,-93.002,-94.447,-94.210,-94.256,-94.254,-95.232,-93.434,-93.966,-94.029,-94.220,-93.002,-93.845,-95.064,-94.199,-93.578,-95.542
73.000,-93.710,-94.940,-92.653,-93.826,-93.568,-93.728,-93.779,-94.808,-93.107,-93.425,-93.537,-94.028,-92.653,-93.312,-94.372,-93.781,-92.782,-94.940
74.000,-93.080,-94.392,-91.924,-93.184,-92.879,-93.239,-93.205,-94.353,-91.924,-92.723,-93.047,-93.294,-92.094,-92.727,-93.700,-93.251,-92.192,-94.392
75.000,-92.490,-93.654,-91.435,-92.529,-92.195,-92.516,-92.645,-93.565,-91.435,-92.200,-92.471,-92.804,-91.638,-92.239,-93.099,-92.674,-91.691,-93.654
76.000,-91.890,-93.252,-91.011,-91.983,-91.558,-91.974,-91.809,-93.252,-91.021,-91.534,-91.764,-92.111,-91.030,-91.614,-92.427,-92.239,-91.011,-93.029
77.000,-91.245,-92.865,-90.314,-91.387,-91.011,-91.085,-91.427,-92.865,-90.323,-90.836,-91.176,-91.353,-90.366,-91.048,-91.657,-91.676,-90.314,-92.156
78.000,-90.578,-92.073,-88.961,-90.809,-90.501,-90.284,-90.882,-92.073,-88.961,-90.181,-90.371,-91.108,-89.819,-90.367,-90.948,-91.218,-89.625,-91.522
79.000,-89.944,-91.474,-88.544,-90.256,-89.898,-89.600,-90.287,-91.474,-88.544,-89.563,-89.668,-90.347,-89.367,-89.673,-89.987,-90.578,-89.106,-90.815
80.000,-89.276,-90.734,-87.795,-89.578,-89.317,-88.894,-89.639,-90.734,-87.795,-88.885,-89.173,-89.560,-88.483,-89.110,-89.385,-89.914,-88.596,-90.081
81.000,-88.639,-90.253,-87.360,-88.897,-88.646,-88.436,-88.940,-90.253,-87.360,-88.150,-88.495,-88.585,-87.965,-88.336,-88.724,-89.285,-87.988,-89.530
82.000,-87.995,-89.582,-86.983,-87.984,-88.095,-87.878,-88.204,-89.582,-86.983,-87.619,-87.846,-87.304,-87.576,-87.632,-88.002,-88.820,-87.460,-88.942
83.000,-87.300,-88.644,-86.094,-87.335,-87.463,-87.332,-87.788,-88.644,-86.094,-87.085,-87.060,-86.440,-86.938,-86.928,-87.397,-88.128,-86.682,-88.189
84.000,-86.624,-88.139,-85.367,-86.625,-86.867,-86.414,-87.366,-88.139,-85.367,-86.443,-86.302,-85.580,-86.278,-86.301,-86.741,-87.412,-86.128,-87.398
85.000,-86.011,-87.580,-85.015,-85.931,-86.241,-85.838,-86.552,-87.580,-85.015,-85.786,-85.522,-85.279,-85.924,-85.596,-86.002,-86.877,-85.242,-86.779
86.000,-85.367,-87.022,-84.516,-85.197,-85.639,-85.288,-86.032,-87.022,-84.689,-85.104,-84.719,-84.516,-85.237,-84.949,-85.254,-86.216,-84.536,-86.115
87.000,-84.692,-86.612,-83.889,-84.384,-84.700,-84.683,-85.402,-86.612,-84.221,-84.359,-83.889,-84.176,-84.693,-84.262,-84.517,-85.014,-84.044,-85.424
88.000,-84.002,-86.100,-83.319,-83.543,-84.014,-83.851,-84.429,-86.100,-83.662,-83.780,-83.319,-83.548,-84.032,-83.590,-83.693,-84.338,-83.400,-84.736
89.000,-83.312,-85.138,-82.523,-82.981,-83.049,-83.334,-83.711,-85.138,-83.012,-83.216,-82.796,-83.225,-83.369,-82.812,-82.858,-83.749,-82.523,-83.904
90.000,-82.526,-84.565,-81.841,-82.075,-82.143,-82.651,-83.000,-84.565,-82.188,-82.478,-82.059,-81.841,-82.652,-82.139,-81.979,-83.073,-81.986,-83.053
91.000,-81.724,-83.611,-80.921,-81.233,-81.402,-81.812,-82.112,-83.611,-81.576,-81.715,-81.347,-80.921,-81.847,-81.233,-81.074,-82.221,-81.405,-82.351
92.000,-80.954,-82.714,-80.376,-80.522,-80.741,-80.932,-81.302,-82.714,-80.823,-81.020,-80.625,-80.520,-81.023,-80.416,-80.376,-81.089,-80.564,-81.643
93.000,-80.023,-81.345,-79.443,-79.637,-79.960,-80.028,-80.191,-81.345,-79.509,-80.097,-79.798,-79.573,-80.063,-79.505,-79.443,-80.395,-79.813,-80.984
94.000,-79.208,-80.639,-78.549,-78.918,-78.807,-79.185,-79.311,-80.639,-78.759,-79.459,-78.691,-79.230,-79.301,-78.549,-78.590,-79.183,-79.321,-80.185
95.000,-78.285,-80.082,-77.501,-77.851,-77.741,-78.336,-78.192,-80.082,-78.148,-78.805,-77.790,-78.085,-78.609,-77.763,-77.501,-78.167,-78.051,-79.153
96.000,-77.177,-78.717,-76.219,-76.858,-76.765,-77.378,-76.870,-78.717,-77.183,-77.971,-76.467,-77.209,-77.648,-76.706,-76.394,-76.219,-76.987,-78.282
97.000,-75.946,-77.544,-75.017,-75.714,-75.281,-76.176,-75.545,-77.544,-76.060,-77.173,-75.600,-75.260,-75.886,-75.692,-75.017,-75.281,-75.734,-77.227
98.000,-74.305,-76.288,-72.453,-74.394,-73.648,-74.855,-72.453,-73.429,-73.734,-76.150,-74.190,-73.801,-74.565,-74.261,-73.528,-74.549,-74.733,-76.288
99.000,-72.067,-75.169,-65.746,-72.439,-71.948,-72.562,-65.746,-72.046,-72.460,-75.146,-71.839,-71.724,-71.980,-71.933,-71.230,-73.014,-71.772,-75.169
100.000,-66.869,-73.432,-62.800,-63.499,-66.017,-66.570,-64.267,-66.073,-69.011,-70.752,-65.451,-69.977,-64.961,-62.800,-65.062,-68.662,-66.495,-73.432
