# RP-180524 attachment, 05.UrbanMacro-URLLC_CouplingGain_and_DLgeometry_v20.xlsx, sheet UMa_URLLC_4GHz_ModelB
pct,mean,min,max,Huawei,CATT,CATR,OPPO,ZTE(v1),ITRI,Ericsson,Intel,Qualcomm,NTT DOCOMO,MediaTek,CMCC,LG,Sharp,Motorola/Lenovo,Nokia,NEC
0.000,-7.565,-11.570,-4.300,-11.044,-7.123,-10.410,-4.300,-10.677,-6.138,-6.537,-7.005,,-9.404,-4.676,-4.593,-8.111,-6.832,-6.283,-11.570,-6.338
1.000,-4.058,-5.682,-3.567,-4.129,-3.891,-3.567,-3.660,-4.003,-4.063,-3.856,-3.998,-4.711,-3.951,-3.818,-3.725,-3.819,-4.438,-3.866,-5.682,-3.815
2.000,-3.391,-4.600,-2.966,-3.481,-3.517,-2.966,-3.190,-3.355,-3.423,-3.218,-3.260,-3.798,-3.274,-3.075,-3.204,-3.242,-3.645,-3.218,-4.600,-3.184
3.000,-2.897,-3.909,-2.456,-3.036,-3.006,-2.456,-2.900,-2.918,-2.667,-2.777,-2.667,-3.318,-2.758,-2.502,-2.737,-2.866,-3.228,-2.781,-3.909,-2.720
4.000,-2.569,-3.442,-2.059,-2.651,-2.735,-2.059,-2.680,-2.588,-2.233,-2.449,-2.354,-2.890,-2.381,-2.347,-2.617,-2.521,-2.907,-2.448,-3.442,-2.374
5.000,-2.275,-3.049,-1.842,-2.336,-2.484,-1.842,-2.480,-2.094,-2.071,-2.127,-2.031,-2.535,-2.128,-2.147,-2.241,-2.199,-2.614,-2.223,-3.049,-2.074
6.000,-1.977,-2.617,-1.549,-1.991,-2.150,-1.549,-2.250,-1.816,-1.939,-1.873,-1.758,-2.144,-1.842,-1.786,-1.872,-1.919,-2.301,-1.959,-2.617,-1.848
7.000,-1.750,-2.422,-1.345,-1.716,-1.912,-1.345,-2.040,-1.522,-1.659,-1.678,-1.467,-1.826,-1.639,-1.659,-1.738,-1.660,-2.030,-1.761,-2.422,-1.673
8.000,-1.503,-2.128,-1.114,-1.511,-1.660,-1.114,-1.800,-1.217,-1.383,-1.404,-1.183,-1.603,-1.428,-1.404,-1.513,-1.399,-1.812,-1.476,-2.128,-1.516
9.000,-1.293,-1.910,-0.892,-1.295,-1.401,-0.945,-1.580,-0.958,-1.213,-1.220,-0.892,-1.344,-1.234,-1.257,-1.401,-1.172,-1.623,-1.228,-1.910,-1.309
10.000,-1.095,-1.677,-0.686,-1.119,-1.246,-0.749,-1.390,-0.787,-0.994,-1.030,-0.686,-1.151,-1.044,-1.133,-1.146,-0.972,-1.391,-1.046,-1.677,-1.050
11.000,-0.915,-1.417,-0.538,-0.944,-1.090,-0.544,-1.270,-0.627,-0.831,-0.877,-0.538,-0.955,-0.853,-1.044,-0.902,-0.812,-1.196,-0.833,-1.417,-0.827
12.000,-0.750,-1.218,-0.357,-0.743,-0.926,-0.370,-1.110,-0.495,-0.761,-0.677,-0.357,-0.770,-0.712,-0.846,-0.773,-0.641,-0.983,-0.664,-1.218,-0.710
13.000,-0.575,-1.008,-0.180,-0.585,-0.713,-0.192,-0.950,-0.355,-0.505,-0.451,-0.180,-0.629,-0.539,-0.679,-0.562,-0.486,-0.830,-0.513,-1.008,-0.604
14.000,-0.411,-0.840,-0.014,-0.394,-0.575,-0.054,-0.840,-0.184,-0.244,-0.255,-0.014,-0.504,-0.364,-0.598,-0.442,-0.314,-0.630,-0.363,-0.768,-0.444
15.000,-0.252,-0.640,0.089,-0.250,-0.384,0.062,-0.640,0.000,-0.186,-0.088,0.089,-0.388,-0.180,-0.455,-0.175,-0.138,-0.488,-0.200,-0.626,-0.240
16.000,-0.100,-0.447,0.239,-0.107,-0.204,0.194,-0.440,0.117,-0.062,0.045,0.239,-0.256,-0.053,-0.233,-0.081,-0.007,-0.341,-0.012,-0.447,-0.057
17.000,0.029,-0.330,0.368,0.018,-0.061,0.286,-0.330,0.203,0.051,0.190,0.368,-0.059,0.074,-0.082,-0.014,0.144,-0.203,0.121,-0.313,0.095
18.000,0.158,-0.210,0.522,0.135,0.075,0.444,-0.210,0.335,0.119,0.338,0.522,0.105,0.190,0.007,0.073,0.283,-0.032,0.247,-0.183,0.241
19.000,0.284,-0.100,0.672,0.266,0.177,0.568,-0.100,0.452,0.155,0.441,0.672,0.240,0.299,0.242,0.220,0.420,0.077,0.386,-0.015,0.331
20.000,0.425,0.000,0.846,0.377,0.301,0.715,0.000,0.590,0.291,0.584,0.846,0.422,0.428,0.349,0.369,0.562,0.257,0.516,0.146,0.464
21.000,0.564,0.100,1.054,0.494,0.412,0.842,0.100,0.758,0.405,0.686,1.054,0.538,0.593,0.488,0.555,0.717,0.377,0.649,0.291,0.620
22.000,0.700,0.240,1.212,0.657,0.507,1.016,0.240,0.841,0.495,0.853,1.212,0.677,0.746,0.568,0.598,0.836,0.519,0.839,0.455,0.838
23.000,0.848,0.380,1.385,0.778,0.687,1.203,0.380,1.036,0.562,1.018,1.385,0.807,0.866,0.734,0.721,0.993,0.655,1.015,0.589,0.991
24.000,0.990,0.510,1.534,0.933,0.851,1.315,0.510,1.200,0.628,1.181,1.534,0.939,1.010,0.852,0.912,1.148,0.830,1.171,0.730,1.088
25.000,1.117,0.630,1.672,1.056,0.968,1.444,0.630,1.319,0.722,1.354,1.672,1.070,1.136,0.934,1.056,1.298,0.955,1.285,0.864,1.229
26.000,1.282,0.800,1.814,1.180,1.083,1.587,0.800,1.458,0.855,1.482,1.814,1.259,1.296,1.163,1.372,1.457,1.143,1.455,1.032,1.357
27.000,1.455,0.900,1.946,1.330,1.253,1.695,0.900,1.640,1.269,1.682,1.946,1.423,1.431,1.368,1.529,1.633,1.275,1.643,1.204,1.519
28.000,1.619,1.050,2.110,1.484,1.400,1.853,1.050,1.864,1.520,1.828,2.110,1.600,1.583,1.566,1.648,1.749,1.453,1.799,1.315,1.696
29.000,1.766,1.200,2.269,1.623,1.612,1.949,1.200,2.078,1.635,1.984,2.269,1.764,1.711,1.652,1.807,1.888,1.611,1.934,1.445,1.859
30.000,1.918,1.330,2.428,1.763,1.809,2.138,1.330,2.211,1.755,2.198,2.428,1.936,1.844,1.762,1.933,2.050,1.778,2.094,1.617,1.960
31.000,2.067,1.450,2.568,1.902,1.942,2.280,1.450,2.345,1.897,2.372,2.568,2.071,2.039,1.958,1.995,2.196,1.908,2.256,1.842,2.121
32.000,2.228,1.550,2.711,2.073,2.080,2.422,1.550,2.504,2.052,2.532,2.711,2.241,2.184,2.133,2.203,2.373,2.071,2.466,2.026,2.260
33.000,2.381,1.650,2.865,2.199,2.227,2.584,1.650,2.636,2.313,2.681,2.865,2.391,2.355,2.287,2.322,2.537,2.210,2.650,2.179,2.400
34.000,2.543,1.800,3.097,2.336,2.391,2.743,1.800,2.835,2.413,2.876,3.097,2.599,2.525,2.353,2.439,2.715,2.359,2.798,2.393,2.556
35.000,2.704,1.940,3.296,2.441,2.537,2.887,1.940,3.078,2.532,3.025,3.296,2.788,2.656,2.431,2.710,2.869,2.514,2.973,2.519,2.780
36.000,2.852,2.090,3.441,2.582,2.664,3.027,2.090,3.188,2.588,3.176,3.441,3.037,2.790,2.553,2.823,3.030,2.691,3.193,2.733,2.884
37.000,3.026,2.220,3.595,2.732,2.866,3.235,2.220,3.354,2.755,3.311,3.595,3.214,2.994,2.802,2.935,3.218,2.846,3.434,2.870,3.058
38.000,3.186,2.320,3.805,2.914,3.037,3.413,2.320,3.567,2.881,3.451,3.805,3.376,3.166,2.935,3.092,3.384,3.011,3.614,2.981,3.222
39.000,3.377,2.470,3.981,3.087,3.168,3.574,2.470,3.789,2.996,3.696,3.981,3.525,3.321,3.130,3.534,3.538,3.206,3.788,3.157,3.442
40.000,3.536,2.690,4.141,3.230,3.342,3.713,2.690,3.952,3.128,3.907,4.141,3.671,3.458,3.297,3.604,3.703,3.385,3.931,3.352,3.604
41.000,3.721,2.850,4.342,3.375,3.587,3.878,2.850,4.139,3.340,4.118,4.342,3.890,3.665,3.329,3.879,3.866,3.551,4.052,3.543,3.855
42.000,3.898,3.080,4.532,3.560,3.713,4.086,3.080,4.308,3.480,4.324,4.532,4.112,3.816,3.445,4.043,4.051,3.704,4.202,3.768,4.042
43.000,4.070,3.210,4.707,3.713,3.899,4.259,3.210,4.526,3.530,4.536,4.707,4.286,3.981,3.742,4.213,4.225,3.885,4.339,3.940,4.196
44.000,4.261,3.390,4.907,3.937,4.122,4.387,3.390,4.742,3.712,4.722,4.907,4.454,4.129,3.892,4.383,4.424,4.091,4.549,4.223,4.370
45.000,4.448,3.550,5.090,4.124,4.305,4.545,3.550,4.980,3.986,4.932,5.090,4.636,4.311,3.972,4.577,4.600,4.280,4.805,4.376,4.553
46.000,4.625,3.770,5.263,4.278,4.472,4.789,3.770,5.145,4.138,5.129,5.263,4.862,4.465,4.100,4.670,4.807,4.445,4.992,4.544,4.759
47.000,4.807,3.920,5.483,4.481,4.649,4.962,3.920,5.290,4.304,5.360,5.483,5.060,4.649,4.217,4.769,5.006,4.666,5.197,4.766,4.936
48.000,5.008,4.130,5.689,4.680,4.838,5.184,4.130,5.476,4.407,5.604,5.689,5.233,4.886,4.460,5.019,5.226,4.883,5.354,5.010,5.052
49.000,5.220,4.290,5.872,4.888,5.064,5.372,4.290,5.719,4.594,5.811,5.872,5.591,5.106,4.639,5.198,5.433,5.069,5.537,5.297,5.269
50.000,5.440,4.490,6.132,5.128,5.282,5.530,4.490,5.902,4.776,6.105,6.132,5.842,5.274,4.901,5.457,5.638,5.230,5.713,5.595,5.491
51.000,5.643,4.730,6.323,5.369,5.436,5.704,4.730,6.137,4.958,6.308,6.323,6.096,5.487,5.089,5.563,5.855,5.429,5.955,5.755,5.737
52.000,5.863,4.910,6.595,5.580,5.661,5.901,4.910,6.377,5.089,6.595,6.556,6.331,5.662,5.396,5.780,6.105,5.641,6.218,5.885,5.976
53.000,6.060,5.060,6.832,5.765,5.871,6.080,5.060,6.616,5.347,6.832,6.730,6.535,5.900,5.593,5.869,6.326,5.794,6.421,6.030,6.244
54.000,6.275,5.210,7.067,5.961,6.084,6.257,5.210,6.800,5.473,7.067,6.943,6.823,6.091,5.733,6.387,6.553,5.980,6.662,6.202,6.446
55.000,6.482,5.480,7.247,6.142,6.214,6.430,5.480,6.990,5.663,7.247,7.201,7.069,6.315,5.879,6.593,6.787,6.194,6.891,6.428,6.667
56.000,6.702,5.680,7.531,6.361,6.438,6.645,5.680,7.337,5.843,7.531,7.410,7.299,6.502,6.241,6.633,7.001,6.419,7.099,6.653,6.852
57.000,6.957,5.870,7.753,6.584,6.643,6.885,5.870,7.621,5.954,7.753,7.634,7.552,6.771,6.479,7.291,7.202,6.652,7.409,6.890,7.084
58.000,7.181,6.070,7.971,6.793,6.957,7.068,6.070,7.852,6.259,7.971,7.853,7.846,7.014,6.651,7.417,7.434,6.877,7.649,7.085,7.290
59.000,7.432,6.220,8.203,7.075,7.211,7.353,6.220,8.116,6.516,8.203,8.063,8.065,7.308,6.929,7.622,7.684,7.122,7.984,7.398,7.481
60.000,7.694,6.480,8.500,7.346,7.473,7.657,6.480,8.381,6.770,8.500,8.296,8.437,7.539,7.088,7.973,7.933,7.368,8.273,7.605,7.676
61.000,7.941,6.630,8.739,7.623,7.682,7.881,6.630,8.691,7.068,8.738,8.631,8.739,7.778,7.234,8.155,8.152,7.648,8.576,7.872,7.899
62.000,8.179,6.790,9.005,7.893,7.917,8.092,6.790,8.939,7.236,9.005,8.885,8.990,8.057,7.310,8.637,8.406,7.857,8.818,8.105,8.103
63.000,8.433,7.050,9.309,8.111,8.170,8.373,7.050,9.146,7.547,9.278,9.158,9.309,8.313,7.428,8.867,8.687,8.145,9.061,8.293,8.418
64.000,8.688,7.230,9.584,8.317,8.514,8.567,7.230,9.479,7.710,9.569,9.412,9.584,8.605,7.660,9.144,8.983,8.412,9.376,8.529,8.600
65.000,8.982,7.580,9.917,8.581,8.757,8.837,7.580,9.739,8.066,9.859,9.597,9.917,8.918,8.051,9.465,9.242,8.738,9.697,8.812,8.836
66.000,9.293,7.850,10.248,8.882,9.025,9.099,7.850,10.036,8.586,10.146,9.884,10.248,9.227,8.549,9.793,9.520,8.943,9.964,9.057,9.180
67.000,9.567,8.080,10.675,9.168,9.259,9.368,8.080,10.310,8.917,10.398,10.126,10.675,9.451,8.850,10.044,9.857,9.233,10.210,9.240,9.454
68.000,9.876,8.340,11.069,9.462,9.558,9.644,8.340,10.537,9.252,10.710,10.506,11.069,9.790,9.151,10.323,10.160,9.549,10.484,9.638,9.719
69.000,10.161,8.600,11.335,9.828,9.815,9.918,8.600,10.743,9.463,11.034,10.816,11.335,10.122,9.311,10.671,10.469,9.824,10.839,9.878,10.065
70.000,10.461,9.010,11.607,10.095,10.074,10.143,9.010,11.030,9.565,11.338,11.230,11.607,10.405,9.573,11.197,10.804,10.176,11.121,10.207,10.265
71.000,10.785,9.310,11.937,10.404,10.598,10.525,9.310,11.300,9.935,11.646,11.549,11.937,10.663,9.864,11.531,11.093,10.442,11.400,10.562,10.585
72.000,11.100,9.690,12.310,10.756,10.935,10.727,9.690,11.635,10.093,11.898,11.737,12.310,11.025,10.141,11.880,11.387,10.856,11.856,10.879,10.903
73.000,11.417,10.020,12.755,11.078,11.344,10.990,10.020,11.904,10.427,12.166,12.098,12.755,11.342,10.328,12.053,11.711,11.245,12.218,11.143,11.266
74.000,11.803,10.420,13.121,11.424,11.771,11.320,10.420,12.300,10.736,12.516,12.361,13.121,11.687,11.199,12.436,12.041,11.655,12.655,11.369,11.648
75.000,12.140,10.600,13.466,11.751,12.176,11.756,10.600,12.610,11.105,12.766,12.753,13.466,11.968,11.359,13.054,12.377,11.967,13.114,11.636,11.914
76.000,12.500,11.010,13.781,12.036,12.519,12.048,11.010,12.991,11.449,13.116,13.186,13.781,12.291,11.782,13.473,12.668,12.304,13.584,11.991,12.275
77.000,12.874,11.370,14.376,12.340,12.880,12.433,11.370,13.381,11.599,13.374,13.589,14.129,12.725,12.309,14.376,13.033,12.652,13.916,12.247,12.503
78.000,13.259,11.670,14.552,12.673,13.268,12.710,11.670,13.758,11.902,13.716,13.963,14.552,13.129,13.331,14.529,13.414,13.049,14.188,12.591,12.959
79.000,13.656,12.060,15.146,13.033,13.573,13.019,12.060,14.100,12.282,14.126,14.283,15.003,13.542,13.613,15.146,13.823,13.539,14.718,13.004,13.291
80.000,14.049,12.453,15.622,13.505,14.046,13.425,12.460,14.520,12.453,14.415,14.753,15.391,14.040,13.915,15.622,14.176,13.952,15.115,13.424,13.620
81.000,14.463,12.881,15.900,13.985,14.394,13.783,12.930,15.031,12.881,14.769,15.139,15.900,14.478,14.500,15.855,14.588,14.338,15.645,13.688,13.959
82.000,14.885,13.208,16.243,14.458,14.911,14.200,13.290,15.539,13.208,15.241,15.530,16.243,14.811,15.109,16.164,14.995,14.760,16.070,14.181,14.330
83.000,15.319,13.564,16.892,14.982,15.314,14.626,13.730,15.901,13.564,15.656,16.064,16.687,15.253,15.277,16.892,15.404,15.282,16.493,14.594,14.700
84.000,15.796,14.090,17.307,15.477,15.742,15.106,14.090,16.477,14.107,15.977,16.695,17.307,15.760,15.831,17.250,15.828,15.833,16.851,15.083,15.117
85.000,16.331,14.590,17.956,15.950,16.267,15.573,14.790,17.009,14.590,16.483,17.313,17.883,16.253,16.515,17.956,16.336,16.325,17.420,15.515,15.450
86.000,16.778,14.700,18.436,16.345,16.746,16.094,15.410,17.497,14.700,17.010,17.753,18.427,16.767,16.921,18.436,16.759,16.771,17.842,16.019,15.730
87.000,17.315,15.320,19.008,16.900,17.348,16.612,16.140,17.960,15.320,17.499,18.287,19.008,17.343,17.088,18.883,17.229,17.208,18.407,16.722,16.400
88.000,17.829,15.845,19.679,17.409,17.839,17.091,16.650,18.450,15.845,18.140,18.751,19.679,17.945,17.376,19.099,17.805,17.725,19.065,17.276,16.955
89.000,18.413,16.382,20.210,18.115,18.535,17.703,17.160,18.900,16.382,18.595,19.295,20.210,18.701,17.887,19.846,18.357,18.284,19.661,17.857,17.528
90.000,18.994,16.942,20.802,18.733,19.092,18.238,17.650,19.727,16.942,19.192,19.810,20.802,19.392,18.266,20.366,18.956,18.808,20.405,18.423,18.099
91.000,19.653,17.619,21.455,19.435,19.853,18.915,18.500,20.418,17.619,19.830,20.267,21.455,20.036,18.870,21.050,19.644,19.395,21.001,19.145,18.662
92.000,20.328,18.455,22.088,20.090,20.732,19.594,19.050,21.427,18.455,20.489,20.874,22.088,20.620,19.160,21.649,20.329,20.060,21.764,19.779,19.422
93.000,21.074,19.645,22.649,20.854,21.371,20.258,20.260,22.200,19.996,21.168,21.604,22.649,21.188,19.645,22.084,21.011,20.789,22.588,20.314,20.285
94.000,21.814,20.418,23.272,21.697,22.319,20.929,20.880,22.880,20.576,21.872,22.196,23.272,21.834,20.418,22.754,21.812,21.738,23.206,21.078,21.375
95.000,22.589,21.277,23.840,22.537,22.966,21.858,22.090,23.354,21.279,22.689,22.987,23.778,22.595,21.277,23.605,22.590,22.630,23.840,21.839,22.102
96.000,23.458,22.219,24.477,23.242,24.025,22.942,23.110,24.042,22.219,23.345,23.767,24.311,23.189,23.054,24.477,23.537,23.462,24.392,22.603,23.065
97.000,24.339,23.424,25.753,24.072,24.646,23.993,24.060,24.720,23.424,24.148,24.654,24.749,24.103,23.803,25.753,24.453,24.552,24.956,23.768,23.910
98.000,25.248,24.579,26.236,25.020,25.346,24.632,25.120,25.723,25.058,24.983,25.394,25.426,25.190,25.460,26.236,25.267,25.421,25.515,24.579,24.852
99.000,26.059,25.522,27.490,25.834,26.012,25.580,27.490,26.586,25.607,25.777,26.258,26.179,25.948,25.920,26.495,25.902,26.144,26.146,25.522,25.600
100.000,28.155,26.451,33.431,26.660,29.719,27.171,27.770,33.431,26.522,26.715,31.848,32.281,29.159,26.451,26.703,26.778,27.511,26.651,26.642,26.626
