# RP-180524 attachment, 05.UrbanMacro-URLLC_CouplingGain_and_DLgeometry_v20.xlsx, sheet UMa_URLLC_700MHz_ModelB
pct,mean,min,max,Huawei,CATT,CATR,OPPO,ZTE(v1),ITRI,Ericsson,Intel,Qualcomm,NTT DOCOMO,MediaTek,CMCC,LG,Sharp,Motorola/Lenovo,NEC
0.000,-129.573,-136.233,-120.640,-136.184,-128.495,-131.000,-120.640,-136.233,-128.877,-131.778,-129.521,,-134.470,-127.372,-120.824,-132.453,-130.906,-124.883,-129.955
1.000,-119.809,-127.280,-117.180,-119.240,-117.466,-119.264,-117.180,-120.923,-119.434,-120.888,-120.177,-127.280,-117.969,-121.227,-117.455,-118.748,-121.272,-119.486,-118.929
2.000,-116.676,-125.141,-113.492,-115.864,-114.756,-116.029,-114.980,-118.225,-118.013,-117.359,-116.571,-125.141,-114.633,-115.633,-113.492,-115.147,-118.253,-116.281,-116.440
3.000,-114.461,-123.142,-110.356,-113.648,-112.730,-113.642,-113.290,-114.762,-116.205,-115.019,-113.895,-123.142,-112.837,-114.759,-110.356,-112.876,-115.909,-114.592,-113.712
4.000,-112.454,-120.671,-109.768,-111.625,-110.353,-111.177,-111.120,-113.150,-114.345,-113.174,-111.827,-120.671,-110.786,-111.244,-109.768,-111.060,-114.150,-112.803,-112.006
5.000,-110.785,-118.896,-107.579,-109.962,-108.883,-109.494,-109.420,-112.205,-112.435,-111.628,-109.554,-118.896,-108.961,-109.848,-107.579,-109.639,-112.378,-111.258,-110.415
6.000,-109.245,-116.859,-106.192,-108.228,-107.392,-108.207,-108.290,-110.313,-110.761,-109.701,-107.892,-116.859,-107.464,-109.007,-106.192,-108.305,-110.539,-109.590,-109.174
7.000,-107.937,-115.268,-105.148,-106.633,-106.038,-107.127,-106.880,-108.919,-109.795,-108.411,-106.971,-115.268,-106.274,-108.003,-105.148,-107.021,-109.102,-107.786,-107.620
8.000,-106.713,-113.784,-104.601,-105.713,-105.095,-105.902,-105.560,-107.609,-108.226,-107.090,-105.626,-113.784,-105.378,-106.999,-104.601,-105.884,-107.552,-106.281,-106.107
9.000,-105.713,-112.054,-104.073,-104.856,-104.356,-105.037,-104.770,-106.805,-106.325,-105.979,-104.777,-112.054,-104.458,-106.481,-104.073,-104.991,-106.254,-105.330,-104.864
10.000,-104.788,-110.521,-103.303,-103.999,-103.759,-104.340,-103.960,-105.506,-105.671,-105.067,-104.052,-110.521,-103.720,-105.315,-103.303,-104.245,-105.128,-104.618,-103.407
11.000,-103.967,-108.783,-102.671,-103.386,-103.294,-103.605,-103.210,-104.755,-105.302,-104.315,-103.166,-108.783,-103.099,-103.397,-103.022,-103.579,-104.131,-103.752,-102.671
12.000,-103.276,-107.771,-101.905,-102.915,-102.511,-102.980,-102.560,-104.270,-104.269,-103.633,-102.576,-107.771,-102.588,-102.989,-102.047,-102.915,-103.415,-103.067,-101.905
13.000,-102.652,-106.702,-101.502,-102.410,-101.969,-102.516,-101.950,-103.624,-103.164,-102.967,-102.003,-106.702,-102.031,-102.341,-101.914,-102.285,-102.725,-102.324,-101.502
14.000,-102.079,-105.848,-100.987,-101.881,-101.484,-101.935,-101.520,-103.173,-102.565,-102.451,-101.572,-105.848,-101.550,-101.646,-101.113,-101.711,-102.123,-101.703,-100.987
15.000,-101.500,-105.046,-100.491,-101.319,-100.958,-101.503,-101.120,-102.565,-101.221,-101.883,-101.045,-105.046,-101.042,-101.422,-100.491,-101.183,-101.506,-101.044,-100.656
16.000,-101.067,-104.441,-100.325,-100.785,-100.518,-101.048,-100.840,-101.939,-100.644,-101.372,-100.611,-104.441,-100.531,-101.072,-100.325,-100.774,-101.035,-100.722,-100.419
17.000,-100.605,-103.684,-100.018,-100.384,-100.018,-100.574,-100.260,-101.397,-100.263,-100.955,-100.307,-103.684,-100.074,-100.444,-100.031,-100.305,-100.556,-100.329,-100.097
18.000,-100.192,-103.064,-99.599,-99.989,-99.662,-100.223,-100.000,-100.944,-99.877,-100.559,-99.868,-103.064,-99.695,-99.599,-99.845,-99.850,-100.066,-99.976,-99.856
19.000,-99.795,-102.486,-99.170,-99.627,-99.360,-99.864,-99.710,-100.434,-99.459,-100.167,-99.399,-102.486,-99.365,-99.170,-99.575,-99.427,-99.560,-99.558,-99.552
20.000,-99.406,-102.145,-98.727,-99.310,-99.031,-99.502,-99.300,-100.004,-98.727,-99.758,-99.046,-102.145,-99.038,-98.986,-99.004,-99.008,-99.128,-99.208,-99.298
21.000,-99.006,-101.564,-98.088,-98.938,-98.698,-99.200,-98.870,-99.555,-98.088,-99.364,-98.675,-101.564,-98.717,-98.468,-98.674,-98.720,-98.593,-98.855,-99.110
22.000,-98.675,-101.158,-97.790,-98.574,-98.382,-98.844,-98.580,-99.226,-97.790,-98.965,-98.326,-101.158,-98.415,-98.315,-98.308,-98.351,-98.191,-98.485,-98.883
23.000,-98.337,-100.694,-97.391,-98.263,-98.046,-98.491,-98.260,-98.980,-97.391,-98.617,-97.979,-100.694,-98.051,-97.834,-98.150,-97.988,-97.885,-98.090,-98.671
24.000,-98.000,-100.241,-97.084,-97.978,-97.707,-98.203,-97.880,-98.562,-97.084,-98.365,-97.782,-100.241,-97.754,-97.388,-97.689,-97.657,-97.576,-97.655,-98.480
25.000,-97.717,-99.934,-96.811,-97.675,-97.417,-97.917,-97.580,-98.310,-96.811,-98.037,-97.462,-99.934,-97.478,-97.259,-97.439,-97.309,-97.239,-97.389,-98.216
26.000,-97.407,-99.570,-96.501,-97.305,-97.073,-97.640,-97.290,-98.005,-96.501,-97.748,-97.167,-99.570,-97.202,-97.017,-97.009,-96.998,-96.949,-97.056,-97.987
27.000,-97.126,-99.214,-96.142,-97.019,-96.773,-97.405,-97.080,-97.806,-96.142,-97.390,-96.791,-99.214,-96.836,-96.889,-96.698,-96.695,-96.644,-96.838,-97.800
28.000,-96.830,-98.825,-95.932,-96.724,-96.448,-97.066,-96.790,-97.416,-95.932,-97.170,-96.492,-98.825,-96.452,-96.595,-96.477,-96.403,-96.389,-96.507,-97.588
29.000,-96.545,-98.486,-95.630,-96.350,-96.119,-96.753,-96.530,-97.064,-95.630,-96.958,-96.265,-98.486,-96.187,-96.506,-96.205,-96.062,-96.090,-96.179,-97.338
30.000,-96.257,-98.150,-95.390,-96.044,-95.726,-96.473,-96.230,-96.778,-95.390,-96.679,-95.879,-98.150,-95.921,-96.368,-95.826,-95.744,-95.774,-95.952,-97.181
31.000,-95.959,-97.803,-94.891,-95.710,-95.414,-96.113,-95.920,-96.596,-94.891,-96.340,-95.492,-97.803,-95.619,-96.278,-95.587,-95.421,-95.505,-95.710,-96.951
32.000,-95.667,-97.294,-94.671,-95.333,-95.044,-95.763,-95.600,-96.378,-94.671,-96.063,-95.233,-97.294,-95.328,-96.029,-95.475,-95.115,-95.210,-95.384,-96.755
33.000,-95.406,-97.116,-94.353,-95.082,-94.817,-95.409,-95.330,-96.143,-94.353,-95.793,-94.927,-97.116,-95.037,-95.726,-95.225,-94.824,-95.022,-95.111,-96.577
34.000,-95.101,-96.802,-93.952,-94.755,-94.522,-95.150,-95.080,-95.858,-93.952,-95.550,-94.638,-96.802,-94.729,-95.159,-94.949,-94.553,-94.756,-94.855,-96.312
35.000,-94.811,-96.514,-93.870,-94.418,-94.286,-94.853,-94.790,-95.532,-93.870,-95.242,-94.294,-96.514,-94.392,-95.003,-94.569,-94.258,-94.457,-94.500,-96.004
36.000,-94.526,-96.169,-93.602,-94.103,-94.018,-94.568,-94.430,-95.335,-93.602,-94.956,-94.027,-96.169,-94.144,-94.679,-94.302,-94.003,-94.199,-94.139,-95.743
37.000,-94.255,-95.816,-93.337,-93.819,-93.694,-94.337,-94.110,-95.003,-93.337,-94.717,-93.744,-95.816,-93.848,-94.494,-94.076,-93.757,-93.936,-93.850,-95.539
38.000,-93.976,-95.512,-93.160,-93.569,-93.490,-94.066,-93.870,-94.705,-93.160,-94.376,-93.562,-95.512,-93.555,-93.969,-93.851,-93.451,-93.638,-93.632,-95.211
39.000,-93.669,-95.149,-92.849,-93.184,-93.267,-93.837,-93.560,-94.395,-92.849,-94.022,-93.363,-95.149,-93.298,-93.606,-93.385,-93.138,-93.390,-93.330,-94.936
40.000,-93.349,-94.812,-92.377,-92.835,-92.952,-93.538,-93.240,-94.132,-92.377,-93.718,-93.044,-94.812,-92.987,-93.231,-93.101,-92.835,-93.093,-93.093,-94.602
41.000,-93.025,-94.566,-91.835,-92.510,-92.563,-93.182,-93.010,-93.847,-91.835,-93.435,-92.827,-94.566,-92.741,-92.948,-92.407,-92.542,-92.856,-92.748,-94.379
42.000,-92.710,-94.235,-91.279,-92.193,-92.313,-92.933,-92.720,-93.641,-91.279,-93.078,-92.502,-94.235,-92.349,-92.845,-91.761,-92.250,-92.606,-92.511,-94.152
43.000,-92.412,-93.977,-90.936,-91.919,-92.013,-92.659,-92.390,-93.489,-90.936,-92.723,-92.110,-93.977,-92.045,-92.564,-91.499,-92.027,-92.332,-92.168,-93.736
44.000,-92.120,-93.606,-90.715,-91.669,-91.744,-92.377,-92.080,-93.148,-90.715,-92.363,-91.760,-93.606,-91.696,-92.260,-91.334,-91.695,-92.066,-91.973,-93.438
45.000,-91.782,-93.222,-90.593,-91.303,-91.441,-92.063,-91.720,-92.869,-90.593,-92.052,-91.527,-93.222,-91.402,-91.741,-90.819,-91.377,-91.781,-91.570,-93.029
46.000,-91.456,-92.966,-90.391,-90.998,-91.089,-91.733,-91.450,-92.666,-90.432,-91.668,-91.178,-92.966,-91.025,-91.141,-90.391,-91.070,-91.501,-91.180,-92.815
47.000,-91.124,-92.689,-89.823,-90.624,-90.661,-91.421,-91.260,-92.239,-90.188,-91.370,-90.863,-92.689,-90.715,-90.830,-89.823,-90.737,-91.228,-90.867,-92.471
48.000,-90.760,-92.299,-89.507,-90.329,-90.329,-91.163,-90.990,-91.736,-89.507,-90.893,-90.575,-92.299,-90.436,-90.268,-89.622,-90.415,-90.923,-90.574,-92.094
49.000,-90.429,-92.040,-89.141,-89.965,-89.947,-90.828,-90.740,-91.328,-89.173,-90.528,-90.183,-92.040,-90.202,-90.073,-89.141,-90.058,-90.623,-90.294,-91.737
50.000,-90.081,-91.687,-88.695,-89.610,-89.643,-90.473,-90.400,-91.059,-88.826,-90.154,-89.906,-91.687,-89.825,-89.720,-88.695,-89.670,-90.361,-89.962,-91.314
51.000,-89.717,-91.370,-88.297,-89.230,-89.228,-90.132,-89.960,-90.669,-88.297,-89.826,-89.448,-91.370,-89.468,-89.261,-88.513,-89.318,-90.098,-89.635,-91.016
52.000,-89.341,-90.938,-87.826,-88.815,-88.869,-89.815,-89.510,-90.387,-87.826,-89.481,-89.189,-90.938,-89.076,-88.706,-88.101,-88.996,-89.786,-89.243,-90.718
53.000,-89.013,-90.522,-87.688,-88.527,-88.460,-89.413,-89.120,-89.923,-87.688,-89.181,-88.829,-90.522,-88.737,-88.631,-87.805,-88.665,-89.464,-88.901,-90.335
54.000,-88.616,-90.155,-86.909,-88.090,-88.179,-89.060,-88.730,-89.450,-87.299,-88.824,-88.572,-90.155,-88.284,-88.300,-86.909,-88.309,-89.117,-88.583,-89.998
55.000,-88.239,-89.787,-86.544,-87.733,-87.869,-88.660,-88.320,-89.003,-86.544,-88.315,-88.162,-89.787,-87.933,-88.043,-86.734,-87.943,-88.783,-88.244,-89.745
56.000,-87.899,-89.458,-86.361,-87.339,-87.487,-88.272,-87.880,-88.699,-86.361,-88.010,-87.735,-89.389,-87.552,-87.726,-86.526,-87.611,-88.390,-87.943,-89.458
57.000,-87.549,-89.057,-86.047,-86.918,-87.237,-87.887,-87.480,-88.383,-86.047,-87.629,-87.441,-89.057,-87.172,-87.457,-86.303,-87.167,-88.047,-87.550,-89.011
58.000,-87.152,-88.672,-85.841,-86.554,-86.787,-87.431,-86.890,-87.943,-85.841,-87.240,-87.106,-88.672,-86.791,-87.307,-85.995,-86.788,-87.644,-86.997,-88.450
59.000,-86.788,-88.224,-85.247,-86.209,-86.429,-87.035,-86.550,-87.614,-85.247,-86.863,-86.658,-88.224,-86.519,-86.933,-85.871,-86.399,-87.311,-86.620,-88.125
60.000,-86.405,-87.852,-84.980,-85.809,-86.096,-86.684,-86.130,-87.316,-84.980,-86.394,-86.255,-87.852,-86.118,-86.645,-85.392,-86.045,-87.000,-86.110,-87.658
61.000,-86.005,-87.505,-84.517,-85.511,-85.558,-86.174,-85.730,-86.980,-84.517,-85.885,-85.802,-87.505,-85.791,-86.517,-84.763,-85.691,-86.673,-85.778,-87.212
62.000,-85.599,-87.134,-84.184,-85.050,-85.175,-85.778,-85.260,-86.615,-84.184,-85.439,-85.436,-87.134,-85.470,-86.119,-84.281,-85.310,-86.246,-85.348,-86.732
63.000,-85.189,-86.707,-83.750,-84.615,-84.786,-85.452,-84.950,-86.203,-83.750,-84.948,-85.104,-86.707,-84.931,-85.812,-83.997,-84.905,-85.819,-84.800,-86.250
64.000,-84.732,-86.256,-83.479,-84.248,-84.300,-84.947,-84.590,-85.569,-83.479,-84.428,-84.666,-86.256,-84.448,-85.148,-83.485,-84.483,-85.434,-84.334,-85.892
65.000,-84.285,-85.742,-82.676,-83.937,-83.786,-84.509,-84.130,-85.052,-83.170,-83.971,-84.314,-85.742,-83.895,-84.749,-82.676,-84.089,-85.175,-83.937,-85.427
66.000,-83.809,-85.204,-82.194,-83.570,-83.358,-84.078,-83.530,-84.551,-82.842,-83.501,-83.847,-85.204,-83.469,-83.980,-82.194,-83.629,-84.671,-83.482,-85.032
67.000,-83.397,-84.781,-81.894,-83.169,-82.805,-83.747,-83.050,-84.202,-82.461,-83.119,-83.448,-84.781,-83.006,-83.937,-81.894,-83.144,-84.162,-82.945,-84.481
68.000,-82.916,-84.403,-81.285,-82.704,-82.410,-83.352,-82.690,-83.663,-81.768,-82.647,-82.873,-84.403,-82.634,-83.365,-81.285,-82.683,-83.788,-82.498,-83.898
69.000,-82.492,-83.939,-80.939,-82.305,-81.968,-82.878,-82.340,-83.166,-81.349,-82.318,-82.435,-83.939,-82.188,-83.190,-80.939,-82.079,-83.172,-82.172,-83.434
70.000,-81.998,-83.315,-80.236,-81.736,-81.374,-82.447,-81.710,-82.711,-80.993,-81.809,-82.028,-83.315,-81.631,-83.002,-80.236,-81.584,-82.733,-81.765,-82.892
71.000,-81.498,-82.848,-79.770,-81.364,-80.735,-82.036,-81.270,-82.221,-80.329,-81.361,-81.628,-82.848,-81.253,-81.984,-79.770,-81.048,-82.286,-81.357,-82.482
72.000,-80.988,-82.240,-79.421,-80.845,-80.295,-81.570,-80.700,-81.611,-79.793,-80.849,-80.996,-82.240,-80.729,-81.654,-79.421,-80.439,-81.744,-80.956,-81.971
73.000,-80.438,-81.829,-78.690,-80.342,-79.769,-80.924,-80.140,-81.121,-79.117,-80.307,-80.333,-81.829,-80.204,-81.201,-78.690,-79.850,-81.267,-80.463,-81.447
74.000,-79.890,-81.140,-78.260,-79.773,-79.231,-80.359,-79.680,-80.590,-78.630,-79.770,-79.763,-81.140,-79.675,-80.479,-78.260,-79.369,-80.743,-79.823,-80.953
75.000,-79.390,-80.695,-77.709,-79.342,-78.861,-79.833,-79.310,-80.084,-78.094,-79.291,-79.060,-80.695,-79.190,-79.825,-77.709,-78.843,-80.205,-79.291,-80.614
76.000,-78.799,-80.108,-77.100,-78.655,-78.181,-79.215,-78.810,-79.343,-77.812,-78.811,-78.394,-79.900,-78.589,-79.189,-77.100,-78.347,-79.568,-78.764,-80.108
77.000,-78.202,-79.743,-76.447,-78.096,-77.604,-78.677,-78.400,-78.508,-77.184,-78.075,-77.916,-79.485,-78.004,-78.428,-76.447,-77.742,-78.896,-78.031,-79.743
78.000,-77.608,-79.138,-76.154,-77.620,-76.946,-78.126,-77.590,-78.131,-76.583,-77.329,-77.133,-78.759,-77.363,-78.069,-76.154,-77.063,-78.204,-77.523,-79.138
79.000,-77.015,-78.367,-75.958,-77.047,-76.365,-77.439,-77.010,-77.535,-76.259,-76.786,-76.532,-77.903,-76.704,-77.324,-75.958,-76.452,-77.624,-76.929,-78.367
80.000,-76.429,-77.761,-75.583,-76.488,-75.638,-76.749,-76.360,-76.837,-76.033,-75.984,-75.770,-77.089,-76.302,-77.051,-75.583,-75.890,-76.924,-76.409,-77.761
81.000,-75.691,-77.123,-74.025,-75.910,-75.091,-76.023,-75.810,-76.224,-75.507,-75.385,-75.132,-76.344,-75.699,-75.689,-74.025,-75.245,-76.009,-75.843,-77.123
82.000,-75.048,-76.516,-73.634,-75.340,-74.397,-75.364,-75.260,-75.385,-74.735,-74.720,-74.468,-75.728,-75.040,-75.174,-73.634,-74.482,-75.427,-75.100,-76.516
83.000,-74.379,-75.722,-73.025,-74.568,-73.800,-74.691,-74.490,-74.685,-74.383,-74.204,-73.877,-74.849,-74.400,-74.563,-73.025,-73.798,-74.650,-74.352,-75.722
84.000,-73.627,-75.218,-72.105,-73.891,-72.974,-74.068,-73.840,-73.514,-72.679,-73.540,-73.254,-73.896,-73.669,-74.329,-72.105,-73.202,-74.074,-73.785,-75.218
85.000,-72.860,-74.546,-71.345,-72.973,-72.088,-73.312,-73.130,-72.777,-72.272,-72.769,-72.469,-73.174,-72.899,-73.295,-71.345,-72.406,-73.228,-73.073,-74.546
86.000,-72.131,-73.729,-70.466,-72.108,-71.362,-72.770,-72.520,-72.148,-72.001,-72.033,-71.660,-72.192,-72.141,-72.576,-70.466,-71.681,-72.420,-72.290,-73.729
87.000,-71.424,-72.915,-69.944,-71.507,-70.461,-71.922,-72.070,-71.463,-71.361,-71.398,-70.840,-71.248,-71.274,-72.034,-69.944,-70.901,-71.842,-71.597,-72.915
88.000,-70.594,-72.188,-69.144,-70.594,-69.729,-71.010,-70.970,-70.863,-70.525,-70.434,-70.313,-70.387,-70.632,-70.768,-69.144,-70.121,-71.057,-70.775,-72.188
89.000,-69.815,-70.925,-68.651,-69.815,-68.839,-70.360,-70.130,-70.125,-69.568,-69.737,-69.663,-69.553,-69.894,-70.288,-68.651,-69.259,-70.190,-70.042,-70.925
90.000,-68.994,-70.070,-67.557,-68.861,-68.332,-69.526,-68.970,-69.392,-69.028,-69.045,-68.804,-68.861,-69.082,-69.568,-67.557,-68.451,-69.023,-69.338,-70.070
91.000,-68.012,-68.807,-66.902,-68.155,-67.205,-68.703,-68.020,-68.259,-67.686,-68.212,-67.839,-67.822,-68.198,-68.260,-66.902,-67.685,-68.094,-68.353,-68.807
92.000,-67.217,-68.030,-66.351,-67.071,-66.351,-67.599,-67.170,-67.629,-67.438,-67.440,-66.954,-66.878,-67.170,-67.793,-66.356,-67.021,-67.379,-67.187,-68.030
93.000,-66.322,-67.421,-65.726,-66.058,-65.726,-66.722,-66.450,-66.633,-65.860,-66.369,-66.147,-65.996,-66.032,-67.042,-66.031,-66.135,-66.253,-66.284,-67.421
94.000,-65.274,-66.306,-64.590,-65.189,-64.915,-65.747,-65.590,-65.563,-64.650,-65.369,-65.364,-64.590,-65.009,-65.223,-65.082,-65.231,-65.308,-65.249,-66.306
95.000,-64.104,-65.312,-63.159,-64.105,-63.681,-64.523,-64.310,-64.017,-63.744,-64.245,-64.433,-63.159,-63.840,-63.978,-63.518,-64.184,-64.286,-64.324,-65.312
96.000,-63.029,-64.456,-62.103,-63.011,-62.507,-63.596,-62.940,-63.055,-63.338,-63.240,-63.375,-62.103,-62.468,-62.138,-62.655,-63.132,-63.129,-63.328,-64.456
97.000,-61.752,-63.216,-60.716,-61.904,-61.350,-62.528,-61.540,-61.152,-62.074,-62.046,-62.013,-60.764,-61.022,-60.716,-61.974,-61.841,-61.885,-62.005,-63.216
98.000,-60.210,-61.766,-58.547,-60.330,-59.907,-61.169,-59.760,-59.343,-60.473,-60.459,-60.461,-59.504,-59.920,-58.547,-60.430,-60.529,-60.124,-60.633,-61.766
99.000,-57.557,-59.959,-51.710,-58.163,-57.707,-58.878,-51.710,-57.211,-58.593,-58.045,-57.762,-56.958,-57.801,-56.271,-58.090,-58.080,-57.783,-57.902,-59.959
100.000,-50.780,-57.987,-46.229,-49.428,-50.325,-46.229,-51.540,-49.144,-54.153,-49.929,-52.647,-48.272,-47.049,-52.797,-49.620,-51.226,-49.879,-52.254,-57.987
